steps,rollout,stage,mean_return,mean_episode_length,policy_loss,value_loss,entropy,grad_norm
1024,1,1,0.0,0.0,0.0,0.34154,0.968714,0.14173
2048,2,1,0.0,0.0,-0.0,0.296288,0.969144,0.129905
3072,3,1,0.0,0.0,-0.0,0.344071,0.969074,0.103133
4096,4,1,0.0,0.0,0.0,0.255872,0.969558,0.100522
5120,5,1,44.12,4611.0,0.0,0.374787,0.969073,0.189236
6144,6,1,44.12,4611.0,-0.0,0.240643,0.968436,0.079625
7168,7,1,44.12,4611.0,-0.0,0.178965,0.968691,0.014831
8192,8,1,44.12,4611.0,0.0,0.195476,0.969105,0.018099
9216,9,1,44.12,4611.0,-0.0,0.330236,0.968935,0.175254
10240,10,1,44.12,4611.0,-0.0,0.181319,0.968539,0.033576
11264,11,1,46.7575,5396.5,0.0,0.245556,0.96904,0.1133
12288,12,1,46.7575,5396.5,-0.0,0.253672,0.969371,0.087676
13312,13,1,46.7575,5396.5,-0.0,0.158934,0.968386,0.010663
14336,14,1,46.7575,5396.5,-0.0,0.205213,0.968583,0.040557
15360,15,1,46.7575,5396.5,-0.0,0.231831,0.968843,0.045948
16384,16,1,46.7575,5396.5,0.0,0.344194,0.968793,0.137125
17408,17,1,46.1917,5654.0,-0.0,0.152414,0.968869,0.01912
18432,18,1,46.1917,5654.0,-0.0,0.301823,0.969234,0.107384
19456,19,1,46.1917,5654.0,-0.0,0.260745,0.968779,0.101236
20480,20,1,46.1917,5654.0,0.0,0.20221,0.968788,0.05082
21504,21,1,46.1917,5654.0,-0.0,0.197386,0.968743,0.023794
22528,22,1,46.1917,5654.0,0.0,0.247161,0.968635,0.105662
23552,23,1,45.8662,5716.8,-0.0,0.322871,0.96929,0.129845
24576,24,1,45.8662,5716.8,-0.0,0.246033,0.968585,0.061456
25600,25,1,45.8662,5716.8,0.0,0.243505,0.968824,0.065556
26624,26,1,45.8662,5716.8,-0.0,0.264957,0.96953,0.089167
27648,27,1,45.8662,5716.8,-0.0,0.205992,0.968557,0.034597
28672,28,1,45.981,5726.0,-0.0,0.190845,0.969294,0.03781
29696,29,1,45.981,5726.0,-0.0,0.205585,0.968985,0.051907
30720,30,1,45.981,5726.0,-0.0,0.194842,0.968656,0.03726
31744,31,1,45.981,5726.0,-0.0,0.218175,0.968269,0.042729
32768,32,1,45.981,5726.0,-0.0,0.207453,0.969441,0.031475
33792,33,1,45.981,5726.0,0.0,0.316528,0.968843,0.150551
34816,34,1,45.9458,5721.2,-0.0,0.396237,0.968799,0.220381
35840,35,1,45.9458,5721.2,0.0,0.21871,0.968389,0.028845
36864,36,1,45.9458,5721.2,-0.0,0.270152,0.968831,0.08704
37888,37,1,45.9458,5721.2,-0.0,0.291758,0.969167,0.084095
38912,38,1,45.3657,5505.0,-0.0,0.468666,0.968984,0.18389
39936,39,1,45.3657,5505.0,0.0,0.245716,0.968845,0.069359
40960,40,1,45.3657,5505.0,0.0,0.304716,0.96926,0.100711
41984,41,1,45.3657,5505.0,0.0,0.202904,0.968485,0.013875
43008,42,1,45.3657,5505.0,0.0,0.184718,0.968467,0.034824
44032,43,1,45.2594,5460.9,0.0,0.263367,0.968951,0.077812
45056,44,1,45.2594,5460.9,-0.0,0.224138,0.969106,0.009319
46080,45,1,45.2594,5460.9,0.0,0.246478,0.968798,0.022398
47104,46,1,45.2594,5460.9,-0.0,0.281756,0.968873,0.093649
48128,47,1,45.2594,5460.9,0.0,0.30904,0.968872,0.112947
49152,48,1,45.2594,5460.9,0.0,0.195206,0.968716,0.01624
50176,49,1,45.1011,5470.3,-0.0,0.238868,0.968852,0.024813
51200,50,1,45.1011,5470.3,-0.0,0.183807,0.968138,0.022622
52224,51,1,45.1011,5470.3,-0.0,0.184004,0.968873,0.042827
53248,52,1,45.1011,5470.3,-0.0,0.233964,0.96828,0.030839
54272,53,1,45.1011,5470.3,0.0,0.351392,0.968685,0.073379
55296,54,1,44.804,5499.8,-0.0,0.279389,0.968572,0.078185
56320,55,1,44.804,5499.8,0.0,0.235327,0.968377,0.066094
57344,56,1,44.804,5499.8,0.0,0.249942,0.96859,0.060329
58368,57,1,44.804,5499.8,-0.0,0.20789,0.968682,0.009227
59392,58,1,44.804,5499.8,-0.0,0.284279,0.969287,0.064283
60416,59,1,44.7759,5480.2,0.0,0.396875,0.968822,0.144079
61440,60,1,44.7759,5480.2,-0.0,0.243688,0.968875,0.066121
62464,61,1,44.7759,5480.2,-0.0,0.297002,0.968707,0.051566
63488,62,1,44.7759,5480.2,-0.0,0.249009,0.969306,0.049266
64512,63,1,44.7759,5480.2,-0.0,0.259254,0.969695,0.063474
65536,64,1,44.5225,5413.3,0.0,0.32516,0.968813,0.117081
66560,65,1,44.5225,5413.3,0.0,0.191885,0.969295,0.025793
67584,66,1,44.5225,5413.3,0.0,0.219817,0.969072,0.013304
68608,67,1,44.5225,5413.3,0.0,0.237741,0.968643,0.01202
69632,68,1,44.5225,5413.3,-0.0,0.290469,0.969155,0.095205
70656,69,1,44.2746,5397.9,-0.0,0.283857,0.968945,0.062695
71680,70,1,44.2746,5397.9,0.0,0.168617,0.968616,0.018305
72704,71,1,44.2746,5397.9,-0.0,0.24222,0.968646,0.030074
73728,72,1,44.2746,5397.9,0.0,0.241816,0.969009,0.038292
74752,73,1,44.2746,5397.9,0.0,0.275228,0.968651,0.052552
75776,74,1,44.2746,5397.9,0.0,0.236171,0.96864,0.055416
76800,75,1,44.4154,5426.4,-0.0,0.289575,0.96995,0.073135
77824,76,1,44.4154,5426.4,0.0,0.213637,0.968785,0.035657
78848,77,1,44.4154,5426.4,-0.0,0.351075,0.968712,0.146344
79872,78,1,44.4154,5426.4,-0.0,0.239411,0.968506,0.013888
80896,79,1,44.062,5361.9,0.0,0.310693,0.968492,0.107359
81920,80,1,44.062,5361.9,-0.0,0.297779,0.969043,0.050277
82944,81,1,44.062,5361.9,0.0,0.25726,0.968533,0.085722
83968,82,1,44.062,5361.9,-0.0,0.152092,0.968079,0.03531
84992,83,1,44.062,5361.9,0.0,0.268111,0.968927,0.069126
86016,84,1,44.0275,5348.0,-0.0,0.245571,0.968973,0.045596
87040,85,1,44.0275,5348.0,-0.0,0.296805,0.969159,0.08632
88064,86,1,44.0275,5348.0,0.0,0.329737,0.968857,0.089137
89088,87,1,44.0275,5348.0,0.0,0.204929,0.969042,0.013834
90112,88,1,43.8279,5299.8,-0.0,0.305243,0.969651,0.097508
91136,89,1,43.8279,5299.8,-0.0,0.373164,0.96938,0.131918
92160,90,1,43.8279,5299.8,0.0,0.299777,0.968922,0.024256
93184,91,1,43.8279,5299.8,0.0,0.293929,0.968793,0.017417
94208,92,1,43.8279,5299.8,-0.0,0.224906,0.969144,0.018368
95232,93,1,43.4706,5239.3,-0.0,0.322068,0.969289,0.098259
96256,94,1,43.4706,5239.3,-0.0,0.185619,0.968752,0.01154
97280,95,1,43.4706,5239.3,0.0,0.192819,0.969052,0.066381
98304,96,1,43.4706,5239.3,-0.0,0.224155,0.968414,0.012716
99328,97,1,43.4706,5239.3,0.0,0.229156,0.968683,0.035735
100352,98,1,43.4706,5239.3,0.0,0.260734,0.96912,0.051104
101376,99,1,43.6279,5284.8,-0.0,0.230968,0.969015,0.020152
102400,100,1,43.6279,5284.8,-0.0,0.371817,0.968537,0.122659
103424,101,1,43.6279,5284.8,0.0,0.194162,0.968584,0.014947
104448,102,1,43.6279,5284.8,-0.0,0.232751,0.968521,0.011123
105472,103,1,43.6279,5284.8,0.0,0.210182,0.96858,0.009452
106496,104,1,43.7967,5295.6,-0.0,0.272084,0.969386,0.047908
107520,105,1,43.7967,5295.6,0.0,0.319014,0.969526,0.064901
108544,106,1,43.7967,5295.6,0.0,0.314995,0.968634,0.05958
109568,107,1,43.7967,5295.6,-0.0,0.272634,0.969156,0.039354
110592,108,1,43.7967,5295.6,-0.0,0.223218,0.968405,0.022678
111616,109,1,43.6324,5271.0,-0.0,0.23867,0.968905,0.04535
112640,110,1,43.6324,5271.0,0.0,0.231405,0.969196,0.01267
113664,111,1,43.6324,5271.0,0.0,0.209628,0.968613,0.008519
114688,112,1,43.6324,5271.0,-0.0,0.331024,0.969001,0.110439
115712,113,1,43.6324,5271.0,0.0,0.213586,0.968654,0.022771
116736,114,1,43.7,5280.4,-0.0,0.286872,0.969037,0.067831
117760,115,1,43.7,5280.4,-0.0,0.239382,0.96933,0.016587
118784,116,1,43.7,5280.4,-0.0,0.275306,0.969224,0.056809
119808,117,1,43.7,5280.4,0.0,0.39977,0.969342,0.099654
120832,118,1,43.5837,5236.0,-0.0,0.239876,0.968827,0.05429
121856,119,1,43.5837,5236.0,-0.0,0.213042,0.968468,0.037723
122880,120,1,43.5837,5236.0,-0.0,0.265786,0.968556,0.051091
123904,121,1,43.5837,5236.0,-0.0,0.336421,0.969432,0.068701
124928,122,1,43.4533,5201.1,0.0,0.380395,0.969269,0.119276
125952,123,1,43.4533,5201.1,0.0,0.209157,0.968649,0.028873
126976,124,1,43.4533,5201.1,-0.0,0.189633,0.968546,0.036969
128000,125,1,43.4533,5201.1,0.0,0.284845,0.968914,0.039969
129024,126,1,43.4533,5201.1,0.0,0.174152,0.968925,0.04382
130048,127,1,43.4533,5201.1,-0.0,0.240925,0.96897,0.010863
131072,128,1,43.5608,5226.8,0.0,0.286705,0.968937,0.033129
132096,129,1,43.5608,5226.8,0.0,0.243931,0.969073,0.019913
133120,130,1,43.5608,5226.8,0.0,0.217171,0.968669,0.058345
134144,131,1,43.5608,5226.8,-0.0,0.201717,0.96878,0.023975
135168,132,1,43.5608,5226.8,0.0,0.211056,0.968724,0.021346
136192,133,1,43.5608,5226.8,0.0,0.232344,0.968641,0.031996
137216,134,1,43.5927,5240.7,-0.0,0.296447,0.968691,0.073386
138240,135,1,43.5927,5240.7,-0.0,0.219935,0.968985,0.009182
139264,136,1,43.5927,5240.7,-0.0,0.196646,0.968507,0.022529
140288,137,1,43.5927,5240.7,-0.0,0.199268,0.969444,0.029719
141312,138,1,43.5927,5240.7,-0.0,0.263868,0.968946,0.014113
142336,139,1,43.5927,5240.7,0.0,0.238284,0.968719,0.016633
143360,140,1,43.7722,5275.1,-0.0,0.392331,0.969125,0.125235
144384,141,1,43.7722,5275.1,-0.0,0.283425,0.969244,0.044352
145408,142,1,43.7722,5275.1,-0.0,0.400094,0.969408,0.09398
146432,143,1,43.6337,5218.5,-0.0,0.285467,0.969107,0.058922
147456,144,1,43.6337,5218.5,-0.0,0.1793,0.968753,0.023095
148480,145,1,43.6337,5218.5,-0.0,0.306889,0.969025,0.055701
149504,146,1,43.6337,5218.5,0.0,0.260267,0.969411,0.011254
150528,147,1,43.6337,5218.5,-0.0,0.246472,0.96888,0.047474
151552,148,1,43.6903,5211.1,-0.0,0.323128,0.969091,0.068159
152576,149,1,43.6903,5211.1,0.0,0.237824,0.96883,0.016939
153600,150,1,43.6903,5211.1,0.0,0.275617,0.968839,0.018666
154624,151,1,43.6903,5211.1,-0.0,0.247525,0.969085,0.021592
155648,152,1,43.6903,5211.1,0.0,0.221445,0.968528,0.015646
156672,153,1,43.6057,5201.2,0.0,0.212177,0.968419,0.02158
157696,154,1,43.6057,5201.2,-0.0,0.188656,0.96783,0.061871
158720,155,1,43.6057,5201.2,-0.0,0.214954,0.96895,0.03415
159744,156,1,43.6057,5201.2,0.0,0.198851,0.968738,0.054696
160768,157,1,43.6057,5201.2,0.0,0.251259,0.968843,0.023056
161792,158,1,43.6057,5201.2,-0.0,0.287323,0.968638,0.019656
162816,159,1,43.6008,5251.0,-0.0,0.183741,0.969525,0.09193
163840,160,1,43.6008,5251.0,0.0,0.325119,0.969383,0.085437
164864,161,1,43.6008,5251.0,-0.0,0.218705,0.969126,0.039403
165888,162,1,43.6008,5251.0,-0.0,0.264303,0.96931,0.024564
166912,163,1,43.6008,5251.0,0.0,0.254852,0.9688,0.03432
167936,164,1,43.5472,5230.4,0.0,0.266003,0.968436,0.023314
168960,165,1,43.5472,5230.4,-0.0,0.282568,0.968663,0.046971
169984,166,1,43.5472,5230.4,-0.0,0.268481,0.968675,0.022824
171008,167,1,43.5472,5230.4,0.0,0.222756,0.969021,0.037848
172032,168,1,43.5472,5230.4,-0.0,0.212832,0.968965,0.01405
173056,169,1,43.5326,5235.2,0.0,0.214197,0.968575,0.015806
174080,170,1,43.5326,5235.2,-0.0,0.27237,0.968827,0.024099
175104,171,1,43.5326,5235.2,-0.0,0.245541,0.969803,0.013082
176128,172,1,43.5326,5235.2,-0.0,0.168735,0.96893,0.100517
177152,173,1,43.5326,5235.2,0.0,0.297017,0.968242,0.018765
178176,174,1,43.5326,5235.2,0.0,0.282138,0.969211,0.038151
179200,175,1,43.5079,5242.6,-0.0,0.196851,0.968963,0.021362
180224,176,1,43.5079,5242.6,-0.0,0.271287,0.968372,0.020745
181248,177,1,43.5079,5242.6,-0.0,0.178052,0.968687,0.048946
182272,178,1,43.5079,5242.6,0.0,0.294489,0.968829,0.019731
183296,179,1,43.5079,5242.6,-0.0,0.199215,0.968911,0.019146
184320,180,1,43.5416,5261.2,0.0,0.297422,0.969183,0.061263
185344,181,1,43.5416,5261.2,-0.0,0.178482,0.96944,0.062671
186368,182,1,43.5416,5261.2,-0.0,0.25338,0.968436,0.012546
187392,183,1,43.5416,5261.2,0.0,0.276449,0.968626,0.028175
188416,184,1,43.5416,5261.2,0.0,0.248424,0.969045,0.027069
189440,185,1,43.4557,5249.9,-0.0,0.259162,0.969158,0.057177
190464,186,1,43.4557,5249.9,-0.0,0.275493,0.969233,0.05635
191488,187,1,43.4557,5249.9,-0.0,0.257343,0.969338,0.018576
192512,188,1,43.4557,5249.9,-0.0,0.340382,0.968775,0.041925
193536,189,1,43.4557,5249.9,0.0,0.232755,0.969318,0.022915
194560,190,1,43.5018,5245.0,-0.0,0.267528,0.969091,0.095671
195584,191,1,43.5018,5245.0,-0.0,0.213529,0.968839,0.021144
196608,192,1,43.5018,5245.0,0.0,0.246864,0.968722,0.023539
197632,193,1,43.5018,5245.0,-0.0,0.331901,0.969017,0.115623
198656,194,1,43.5018,5245.0,0.0,0.261955,0.969035,0.048295
199680,195,1,43.5359,5234.6,-0.0,0.246608,0.969126,0.009811
200704,196,1,43.5359,5234.6,0.0,0.279395,0.969062,0.016066
201728,197,1,43.5359,5234.6,0.0,0.276654,0.969087,0.056129
202752,198,1,43.5359,5234.6,0.0,0.441618,0.96922,0.082733
203776,199,1,43.4865,5222.2,0.0,0.151147,0.968372,0.047754
204800,200,1,43.4865,5222.2,-0.0,0.244121,0.968563,0.013374
205824,201,1,43.4865,5222.2,0.0,0.285746,0.969146,0.047901
206848,202,1,43.4865,5222.2,0.0,0.236832,0.969053,0.045144
207872,203,1,43.4865,5222.2,0.0,0.213293,0.969197,0.015063
208896,204,1,43.4865,5222.2,0.0,0.263044,0.969091,0.038048
209920,205,1,43.4811,5225.4,0.0,0.266935,0.969436,0.017881
210944,206,1,43.4811,5225.4,-0.0,0.208977,0.969108,0.048996
211968,207,1,43.4811,5225.4,0.0,0.261583,0.968718,0.012775
212992,208,1,43.4811,5225.4,-0.0,0.213704,0.969271,0.038795
214016,209,1,43.4811,5225.4,-0.0,0.254057,0.968659,0.01623
215040,210,1,43.344,5227.9,0.0,0.219783,0.968553,0.021553
216064,211,1,43.344,5227.9,-0.0,0.25926,0.969382,0.005849
217088,212,1,43.344,5227.9,-0.0,0.415237,0.968992,0.100995
218112,213,1,43.344,5227.9,0.0,0.184942,0.968498,0.011201
219136,214,1,43.344,5227.9,0.0,0.206619,0.968645,0.018705
220160,215,1,43.381,5226.0,-0.0,0.309011,0.968937,0.083137
221184,216,1,43.381,5226.0,-0.0,0.330116,0.96899,0.074502
222208,217,1,43.381,5226.0,-0.0,0.262492,0.968627,0.024496
223232,218,1,43.381,5226.0,-0.0,0.24587,0.968604,0.013924
224256,219,1,43.3438,5212.6,0.0,0.265708,0.969133,0.008303
225280,220,1,43.3438,5212.6,0.0,0.201038,0.969094,0.04055
226304,221,1,43.3438,5212.6,0.0,0.197609,0.968907,0.033899
227328,222,1,43.3438,5212.6,-0.0,0.246013,0.968604,0.036059
228352,223,1,43.3438,5212.6,0.0,0.453638,0.969537,0.093987
229376,224,1,43.3402,5204.4,0.0,0.335042,0.968778,0.076806
230400,225,1,43.3402,5204.4,-0.0,0.205459,0.96943,0.021024
231424,226,1,43.3402,5204.4,-0.0,0.232926,0.968973,0.057204
232448,227,1,43.3402,5204.4,0.0,0.287053,0.968893,0.05102
233472,228,1,43.3402,5204.4,-0.0,0.200105,0.968956,0.031328
234496,229,1,43.3402,5204.4,-0.0,0.197285,0.968939,0.058103
235520,230,1,43.3587,5216.8,-0.0,0.221489,0.969043,0.00993
236544,231,1,43.3587,5216.8,-0.0,0.233467,0.969222,0.010068
237568,232,1,43.3587,5216.8,0.0,0.402019,0.968912,0.057158
238592,233,1,43.3587,5216.8,-0.0,0.273202,0.968811,0.037143
239616,234,1,43.3635,5208.3,-0.0,0.280957,0.968274,0.075108
240640,235,1,43.3635,5208.3,0.0,0.234999,0.969335,0.042051
241664,236,1,43.3635,5208.3,0.0,0.243659,0.96876,0.036507
242688,237,1,43.3635,5208.3,-0.0,0.278357,0.969381,0.045332
243712,238,1,43.3635,5208.3,0.0,0.223948,0.969553,0.00788
244736,239,1,43.3635,5208.3,0.0,0.177436,0.968327,0.058355
245760,240,1,43.4243,5220.9,0.0,0.309996,0.969334,0.052149
246784,241,1,43.4243,5220.9,-0.0,0.406309,0.9695,0.122303
247808,242,1,43.4243,5220.9,-0.0,0.24427,0.969144,0.011167
248832,243,1,43.4243,5220.9,-0.0,0.242319,0.968759,0.01623
249856,244,1,43.4243,5220.9,-0.0,0.196665,0.969214,0.065831
250880,245,1,43.372,5208.8,0.0,0.203188,0.968853,0.049601
251904,246,1,43.372,5208.8,-0.0,0.251734,0.968981,0.079683
252928,247,1,43.372,5208.8,-0.0,0.268166,0.9695,0.046938
253952,248,1,43.372,5208.8,-0.0,0.228445,0.968999,0.013178
254976,249,1,43.372,5208.8,0.0,0.281507,0.969107,0.022358
256000,250,1,43.4772,5218.5,0.0,0.274364,0.968935,0.041241
257024,251,1,43.4772,5218.5,-0.0,0.330091,0.968639,0.063021
258048,252,1,43.4772,5218.5,0.0,0.285629,0.968773,0.056608
259072,253,1,43.4772,5218.5,-0.0,0.265785,0.968915,0.023934
260096,254,1,43.4772,5218.5,0.0,0.198114,0.969049,0.04967
261120,255,1,43.4598,5208.7,-0.0,0.271321,0.969122,0.022841
262144,256,1,43.4598,5208.7,-0.0,0.274772,0.968989,0.037867
263168,257,1,43.4598,5208.7,0.0,0.251149,0.969165,0.017161
264192,258,1,43.4598,5208.7,-0.0,0.304568,0.969345,0.021082
265216,259,1,43.4598,5208.7,-0.0,0.238709,0.968838,0.025126
266240,260,1,43.4208,5200.9,-0.0,0.239933,0.969028,0.030311
267264,261,1,43.4208,5200.9,0.0,0.205832,0.968761,0.029691
268288,262,1,43.4208,5200.9,0.0,0.230843,0.969152,0.035538
269312,263,1,43.4208,5200.9,0.0,0.206926,0.968533,0.017744
270336,264,1,43.4208,5200.9,0.0,0.318187,0.968841,0.034765
271360,265,1,43.4208,5200.9,0.0,0.186933,0.968131,0.12316
272384,266,1,43.4344,5219.7,0.0,0.264131,0.969462,0.040457
273408,267,1,43.4344,5219.7,-0.0,0.179157,0.968529,0.054336
274432,268,1,43.4344,5219.7,0.0,0.255989,0.968683,0.020509
275456,269,1,43.4344,5219.7,-0.0,0.269102,0.969088,0.020355
276480,270,1,43.4344,5219.7,-0.0,0.242977,0.969593,0.035557
277504,271,1,43.4566,5232.8,0.0,0.199261,0.969001,0.060519
278528,272,1,43.4566,5232.8,-0.0,0.278282,0.968976,0.050767
279552,273,1,43.4566,5232.8,0.0,0.20302,0.9688,0.034832
280576,274,1,43.4566,5232.8,-0.0,0.215319,0.969184,0.064205
281600,275,1,43.4566,5232.8,0.0,0.242356,0.969635,0.060832
282624,276,1,43.4566,5232.8,-0.0,0.225212,0.968592,0.006649
283648,277,1,43.5276,5251.5,-0.0,0.244873,0.969295,0.012157
284672,278,1,43.5276,5251.5,0.0,0.338899,0.96895,0.085095
285696,279,1,43.5276,5251.5,0.0,0.373907,0.968971,0.079455
286720,280,1,43.5276,5251.5,-0.0,0.235713,0.968508,0.018889
287744,281,1,43.4667,5230.3,0.0,0.254432,0.969199,0.028432
288768,282,1,43.4667,5230.3,-0.0,0.188024,0.968578,0.051367
289792,283,1,43.4667,5230.3,0.0,0.27987,0.968562,0.0197
290816,284,1,43.4667,5230.3,-0.0,0.304085,0.968671,0.016776
291840,285,1,43.4667,5230.3,-0.0,0.267591,0.968254,0.026747
292864,286,1,43.4667,5230.3,-0.0,0.299362,0.969465,0.016124
293888,287,1,43.4423,5233.2,-0.0,0.193171,0.96849,0.015612
294912,288,1,43.4423,5233.2,-0.0,0.329809,0.968612,0.047806
295936,289,1,43.4423,5233.2,0.0,0.266888,0.968805,0.027256
296960,290,1,43.4423,5233.2,-0.0,0.312346,0.969228,0.058324
297984,291,1,43.4423,5233.2,0.0,0.217133,0.969039,0.036935
299008,292,1,43.4954,5228.8,-0.0,0.276393,0.969038,0.044613
300032,293,1,43.4954,5228.8,0.0,0.211418,0.968791,0.006939
301056,294,1,43.4954,5228.8,-0.0,0.205467,0.968935,0.007995
302080,295,1,43.4954,5228.8,-0.0,0.289034,0.969097,0.01489
303104,296,1,43.4954,5228.8,-0.0,0.195152,0.96867,0.058873
304128,297,1,43.5164,5233.9,0.0,0.363979,0.968732,0.163672
305152,298,1,43.5164,5233.9,-0.0,0.24849,0.968927,0.019595
306176,299,1,43.5164,5233.9,0.0,0.239546,0.968686,0.041828
307200,300,1,43.5164,5233.9,-0.0,0.228173,0.968388,0.033784
308224,301,1,43.5164,5233.9,-0.0,0.28698,0.969504,0.013893
309248,302,1,43.4986,5226.4,-0.0,0.237427,0.969103,0.045224
310272,303,1,43.4986,5226.4,0.0,0.220537,0.969362,0.032053
311296,304,1,43.4986,5226.4,-0.0,0.197987,0.968446,0.065907
312320,305,1,43.4986,5226.4,0.0,0.41682,0.969033,0.10217
313344,306,1,43.4432,5213.8,0.0,0.403934,0.968531,0.078628
314368,307,1,43.4432,5213.8,0.0,0.262347,0.968475,0.01574
315392,308,1,43.4432,5213.8,0.0,0.228253,0.969056,0.012696
316416,309,1,43.4432,5213.8,-0.0,0.262463,0.96895,0.022583
317440,310,1,43.4432,5213.8,-0.0,0.188216,0.969034,0.049865
318464,311,1,43.4274,5215.8,0.0,0.166767,0.96858,0.040178
319488,312,1,43.4274,5215.8,0.0,0.261982,0.969433,0.012369
320512,313,1,43.4274,5215.8,0.0,0.241427,0.968928,0.026918
321536,314,1,43.4274,5215.8,-0.0,0.455972,0.968718,0.109178
322560,315,1,43.4274,5215.8,0.0,0.226393,0.968586,0.058513
323584,316,1,43.3812,5207.8,0.0,0.224567,0.969587,0.042046
324608,317,1,43.3812,5207.8,0.0,0.22668,0.968685,0.027813
325632,318,1,43.3812,5207.8,-0.0,0.233578,0.969084,0.013241
326656,319,1,43.3812,5207.8,0.0,0.25773,0.968491,0.008885
327680,320,1,43.3812,5207.8,-0.0,0.305857,0.96936,0.03501
328704,321,1,43.3629,5208.9,0.0,0.221213,0.969438,0.046293
329728,322,1,43.3629,5208.9,0.0,0.215809,0.9688,0.017834
330752,323,1,43.3629,5208.9,-0.0,0.21227,0.968694,0.067778
331776,324,1,43.3629,5208.9,0.0,0.194759,0.968772,0.046129
332800,325,1,43.3629,5208.9,0.0,0.255601,0.970027,0.015049
333824,326,1,43.3069,5211.9,0.0,0.311993,0.968874,0.02396
334848,327,1,43.3069,5211.9,0.0,0.388053,0.968812,0.090217
335872,328,1,43.3069,5211.9,0.0,0.248109,0.968709,0.015864
336896,329,1,43.3069,5211.9,-0.0,0.250601,0.969538,0.020875
337920,330,1,43.2329,5190.9,-0.0,0.425758,0.968595,0.112607
338944,331,1,43.2329,5190.9,0.0,0.215802,0.968191,0.016933
339968,332,1,43.2329,5190.9,-0.0,0.217092,0.969464,0.048995
340992,333,1,43.2329,5190.9,-0.0,0.252681,0.969089,0.01359
342016,334,1,43.2329,5190.9,-0.0,0.254869,0.96885,0.013151
343040,335,1,43.1939,5185.0,-0.0,0.30812,0.969372,0.039846
344064,336,1,43.1939,5185.0,-0.0,0.202468,0.968668,0.045767
345088,337,1,43.1939,5185.0,0.0,0.227188,0.96878,0.03939
346112,338,1,43.1939,5185.0,-0.0,0.274583,0.969053,0.063936
347136,339,1,43.1939,5185.0,0.0,0.199062,0.969404,0.075199
348160,340,1,43.1939,5185.0,0.0,0.194766,0.969173,0.028227
349184,341,1,43.2746,5204.5,-0.0,0.24505,0.96901,0.043569
350208,342,1,43.2746,5204.5,-0.0,0.205739,0.968948,0.085813
351232,343,1,43.2746,5204.5,-0.0,0.302068,0.968881,0.011956
352256,344,1,43.2746,5204.5,0.0,0.185737,0.968964,0.053223
353280,345,1,43.2746,5204.5,-0.0,0.290717,0.969444,0.024483
354304,346,1,43.2746,5204.5,0.0,0.205216,0.96856,0.034887
355328,347,1,43.2662,5213.4,0.0,0.217043,0.969075,0.051776
356352,348,1,43.2662,5213.4,-0.0,0.193569,0.968842,0.035403
357376,349,1,43.2662,5213.4,0.0,0.231115,0.96964,0.013177
358400,350,1,43.2662,5213.4,-0.0,0.315323,0.969032,0.031038
359424,351,1,43.2314,5204.6,0.0,0.270637,0.969027,0.052614
360448,352,1,43.2314,5204.6,-0.0,0.223963,0.969249,0.016694
361472,353,1,43.2314,5204.6,0.0,0.257635,0.969004,0.065254
362496,354,1,43.2314,5204.6,0.0,0.247488,0.968882,0.021596
363520,355,1,43.2314,5204.6,0.0,0.30125,0.968949,0.012833
364544,356,1,43.2154,5199.6,-0.0,0.254511,0.96922,0.025327
365568,357,1,43.2154,5199.6,0.0,0.255265,0.968971,0.020399
366592,358,1,43.2154,5199.6,-0.0,0.203085,0.969099,0.035751
367616,359,1,43.2154,5199.6,0.0,0.193977,0.969267,0.018994
368640,360,1,43.2154,5199.6,0.0,0.225366,0.96902,0.014322
369664,361,1,43.2154,5199.6,0.0,0.210303,0.969143,0.018765
370688,362,1,43.262,5206.9,0.0,0.240208,0.969445,0.017799
371712,363,1,43.262,5206.9,0.0,0.214571,0.969124,0.031618
372736,364,1,43.262,5206.9,0.0,0.281547,0.968964,0.023272
373760,365,1,43.262,5206.9,0.0,0.224989,0.968799,0.042548
374784,366,1,43.262,5206.9,0.0,0.230804,0.968774,0.02331
375808,367,1,43.2513,5207.8,-0.0,0.289258,0.969263,0.018064
376832,368,1,43.2513,5207.8,0.0,0.336467,0.969416,0.056061
377856,369,1,43.2513,5207.8,-0.0,0.323156,0.969079,0.051901
378880,370,1,43.2513,5207.8,0.0,0.198202,0.968769,0.072614
379904,371,1,43.2001,5196.4,0.0,0.241714,0.968664,0.055232
380928,372,1,43.2001,5196.4,0.0,0.31513,0.969212,0.029464
381952,373,1,43.2001,5196.4,0.0,0.254913,0.969626,0.017439
382976,374,1,43.2001,5196.4,-0.0,0.221151,0.968886,0.018038
384000,375,1,43.2001,5196.4,-0.0,0.316855,0.969164,0.083109
385024,376,1,43.1946,5190.9,-0.0,0.198712,0.969206,0.018005
386048,377,1,43.1946,5190.9,-0.0,0.327496,0.96931,0.057305
387072,378,1,43.1946,5190.9,-0.0,0.222123,0.968868,0.015006
388096,379,1,43.1946,5190.9,0.0,0.2134,0.969049,0.015015
389120,380,1,43.1946,5190.9,-0.0,0.255685,0.969199,0.024417
390144,381,1,43.225,5197.8,-0.0,0.224114,0.969001,0.032197
391168,382,1,43.225,5197.8,0.0,0.231872,0.968701,0.016522
392192,383,1,43.225,5197.8,-0.0,0.284104,0.968869,0.0279
393216,384,1,43.225,5197.8,-0.0,0.272879,0.968342,0.009319
394240,385,1,43.225,5197.8,0.0,0.26114,0.9689,0.039982
395264,386,1,43.2136,5193.4,0.0,0.257724,0.96906,0.048014
396288,387,1,43.2136,5193.4,0.0,0.238762,0.968335,0.049166
397312,388,1,43.2136,5193.4,-0.0,0.255807,0.968443,0.047132
398336,389,1,43.2136,5193.4,-0.0,0.187186,0.969344,0.078814
399360,390,1,43.2136,5193.4,0.0,0.233694,0.968269,0.036747
400384,391,1,43.2136,5193.4,0.0,0.177562,0.968802,0.047471
401408,392,1,43.2244,5200.5,0.0,0.298946,0.969423,0.089145
402432,393,1,43.2244,5200.5,-0.0,0.226369,0.968127,0.034044
403456,394,1,43.2244,5200.5,0.0,0.30522,0.96873,0.030413
404480,395,1,43.2244,5200.5,-0.0,0.23053,0.969466,0.026095
405504,396,1,43.2072,5194.1,0.0,0.297539,0.969084,0.049325
406528,397,1,43.2072,5194.1,-0.0,0.300608,0.968808,0.06899
407552,398,1,43.2072,5194.1,-0.0,0.205808,0.968561,0.046037
408576,399,1,43.2072,5194.1,0.0,0.186466,0.969958,0.061572
409600,400,1,43.2072,5194.1,0.0,0.230331,0.96897,0.015522
410624,401,1,43.1924,5190.6,-0.0,0.259168,0.968939,0.011361
411648,402,1,43.1924,5190.6,-0.0,0.249732,0.969602,0.051306
412672,403,1,43.1924,5190.6,-0.0,0.228794,0.969607,0.048454
413696,404,1,43.1924,5190.6,0.0,0.255094,0.969296,0.029487
414720,405,1,43.1924,5190.6,-0.0,0.218475,0.968695,0.018811
415744,406,1,43.1924,5190.6,-0.0,0.25298,0.969082,0.013854
416768,407,1,43.1963,5201.2,0.0,0.266381,0.968483,0.052316
417792,408,1,43.1963,5201.2,-0.0,0.263036,0.968851,0.0733
418816,409,1,43.1963,5201.2,-0.0,0.275097,0.969322,0.09478
419840,410,1,43.1963,5201.2,0.0,0.254318,0.969005,0.019427
420864,411,1,43.1731,5191.9,-0.0,0.343566,0.968709,0.141117
421888,412,1,43.1731,5191.9,-0.0,0.305649,0.969193,0.018445
422912,413,1,43.1731,5191.9,-0.0,0.234084,0.968585,0.020151
423936,414,1,43.1731,5191.9,0.0,0.25156,0.968709,0.016948
424960,415,1,43.1731,5191.9,0.0,0.212228,0.969028,0.019477
425984,416,1,43.183,5191.3,-0.0,0.269325,0.969228,0.007296
427008,417,1,43.183,5191.3,-0.0,0.264657,0.969467,0.043571
428032,418,1,43.183,5191.3,0.0,0.182652,0.968714,0.044541
429056,419,1,43.183,5191.3,0.0,0.238669,0.968761,0.021124
430080,420,1,43.183,5191.3,0.0,0.160583,0.968585,0.094189
431104,421,1,43.183,5191.3,0.0,0.154927,0.968558,0.122567
432128,422,1,43.1367,5200.6,0.0,0.260401,0.969038,0.075978
433152,423,1,43.1367,5200.6,0.0,0.243857,0.969066,0.012391
434176,424,1,43.1367,5200.6,0.0,0.31622,0.969689,0.035565
435200,425,1,43.1367,5200.6,0.0,0.370355,0.968624,0.066929
436224,426,1,43.1216,5189.8,-0.0,0.301177,0.969056,0.079679
437248,427,1,43.1216,5189.8,-0.0,0.205806,0.969539,0.054261
438272,428,1,43.1216,5189.8,-0.0,0.223012,0.968991,0.017085
439296,429,1,43.1216,5189.8,-0.0,0.187292,0.968279,0.10461
440320,430,1,43.1216,5189.8,0.0,0.216859,0.969336,0.061428
441344,431,1,43.1216,5189.8,0.0,0.228369,0.968526,0.040221
442368,432,1,43.1216,5189.8,0.0,0.256601,0.969927,0.024366
443392,433,1,43.1309,5206.7,-0.0,0.20402,0.96862,0.040312
444416,434,1,43.1309,5206.7,-0.0,0.286043,0.96867,0.037632
445440,435,1,43.1309,5206.7,-0.0,0.235672,0.969373,0.012381
446464,436,1,43.1309,5206.7,-0.0,0.169526,0.968325,0.067789
447488,437,1,43.1309,5206.7,-0.0,0.234851,0.96972,0.010803
448512,438,1,43.1424,5212.4,0.0,0.17597,0.96902,0.033354
449536,439,1,43.1424,5212.4,0.0,0.247407,0.969582,0.010796
450560,440,1,43.1424,5212.4,0.0,0.27889,0.969571,0.01531
451584,441,1,43.1424,5212.4,-0.0,0.189474,0.968541,0.046653
452608,442,1,43.0861,5201.8,-0.0,0.511149,0.969415,0.145701
453632,443,1,43.0861,5201.8,-0.0,0.311952,0.969558,0.061065
454656,444,1,43.0861,5201.8,0.0,0.201448,0.968493,0.056271
455680,445,1,43.0861,5201.8,-0.0,0.274252,0.969165,0.020789
456704,446,1,43.0861,5201.8,-0.0,0.240012,0.969198,0.026172
457728,447,1,43.0588,5200.1,0.0,0.207335,0.969076,0.021249
458752,448,1,43.0588,5200.1,0.0,0.272653,0.968992,0.013003
459776,449,1,43.0588,5200.1,-0.0,0.28065,0.968861,0.007189
460800,450,1,43.0588,5200.1,-0.0,0.288008,0.968473,0.056486
461824,451,1,43.0588,5200.1,0.0,0.171893,0.968715,0.066335
462848,452,1,43.0588,5200.1,0.0,0.193597,0.969641,0.071214
463872,453,1,43.0497,5205.2,0.0,0.274456,0.969287,0.099592
464896,454,1,43.0497,5205.2,-0.0,0.23948,0.968584,0.022405
465920,455,1,43.0497,5205.2,0.0,0.239357,0.969118,0.015838
466944,456,1,43.0497,5205.2,-0.0,0.24184,0.968963,0.009383
467968,457,1,43.0497,5205.2,-0.0,0.280328,0.968253,0.02553
468992,458,1,43.0553,5205.4,0.0,0.160402,0.968571,0.054041
470016,459,1,43.0553,5205.4,0.0,0.204018,0.968952,0.02943
471040,460,1,43.0553,5205.4,0.0,0.273961,0.96977,0.01044
472064,461,1,43.0553,5205.4,0.0,0.251105,0.969232,0.014046
473088,462,1,43.0553,5205.4,-0.0,0.200129,0.968497,0.055338
474112,463,1,43.0553,5205.4,-0.0,0.204598,0.968629,0.009956
475136,464,1,43.0676,5212.7,0.0,0.208063,0.96916,0.054509
476160,465,1,43.0676,5212.7,-0.0,0.271179,0.969025,0.016068
477184,466,1,43.0676,5212.7,-0.0,0.188296,0.968516,0.042706
478208,467,1,43.0676,5212.7,0.0,0.301425,0.969033,0.098774
479232,468,1,43.0516,5203.8,-0.0,0.342086,0.96873,0.106977
480256,469,1,43.0516,5203.8,0.0,0.20462,0.968516,0.009433
481280,470,1,43.0516,5203.8,-0.0,0.268218,0.96901,0.056824
482304,471,1,43.0516,5203.8,0.0,0.234237,0.968681,0.013789
483328,472,1,43.0516,5203.8,-0.0,0.204528,0.968923,0.020883
484352,473,1,43.0646,5201.9,-0.0,0.284628,0.969716,0.094727
485376,474,1,43.0646,5201.9,0.0,0.203964,0.969254,0.023544
486400,475,1,43.0646,5201.9,-0.0,0.210249,0.968859,0.018585
487424,476,1,43.0646,5201.9,0.0,0.399397,0.969681,0.086766
488448,477,1,43.0646,5201.9,0.0,0.273841,0.968889,0.014293
489472,478,1,43.0648,5198.8,-0.0,0.222263,0.968701,0.01851
490496,479,1,43.0648,5198.8,-0.0,0.269325,0.969264,0.01413
491520,480,1,43.0648,5198.8,-0.0,0.214076,0.969453,0.030139
492544,481,1,43.0648,5198.8,0.0,0.25498,0.968839,0.00879
493568,482,1,43.0648,5198.8,0.0,0.188638,0.969175,0.036572
494592,483,1,43.0762,5204.8,-0.0,0.208962,0.969005,0.015205
495616,484,1,43.0762,5204.8,0.0,0.365694,0.969183,0.102456
496640,485,1,43.0762,5204.8,-0.0,0.278736,0.969193,0.012448
497664,486,1,43.0762,5204.8,0.0,0.233688,0.969245,0.016776
498688,487,1,43.0507,5192.6,0.0,0.294228,0.969169,0.080943
499712,488,1,43.0507,5192.6,0.0,0.247592,0.968749,0.022411
500736,489,1,43.0507,5192.6,-0.0,0.264507,0.96937,0.037526
501760,490,2,43.0507,5192.6,0.0,0.075974,0.969056,0.190193
502784,491,2,43.0507,5192.6,0.0,0.073837,0.968481,0.211367
503808,492,2,43.0507,5192.6,0.0,0.0746,0.968604,0.212857
504832,493,2,42.8032,5198.0,-0.0,0.07993,0.969368,0.160668
505856,494,2,42.8032,5198.0,-0.0,0.067805,0.968999,0.153891
506880,495,2,42.8032,5198.0,-0.0,0.069246,0.969079,0.153344
507904,496,2,42.8032,5198.0,0.0,0.07959,0.968835,0.108497
508928,497,2,42.5128,5192.4,-0.0,0.062192,0.968094,0.077954
509952,498,2,42.5128,5192.4,-0.0,0.079169,0.969316,0.06483
510976,499,2,42.5128,5192.4,-0.0,0.068142,0.968875,0.144643
512000,500,2,42.5128,5192.4,-0.0,0.061523,0.969262,0.138905
513024,501,2,42.5128,5192.4,-0.0,0.066608,0.968964,0.203555
514048,502,2,42.5128,5192.4,0.0,0.070587,0.968669,0.08554
515072,503,2,42.2203,5195.1,0.0,0.067626,0.969126,0.140628
516096,504,2,42.2203,5195.1,-0.0,0.069045,0.968737,0.162368
517120,505,2,42.2203,5195.1,0.0,0.071985,0.969106,0.072376
518144,506,2,42.2203,5195.1,0.0,0.062294,0.968375,0.101449
519168,507,2,42.2203,5195.1,-0.0,0.063551,0.968311,0.100631
520192,508,2,41.9473,5193.9,-0.0,0.065511,0.969359,0.132365
521216,509,2,41.9473,5193.9,-0.0,0.062485,0.968518,0.112663
522240,510,2,41.9473,5193.9,0.0,0.068956,0.969233,0.083426
523264,511,2,41.9473,5193.9,-0.0,0.065228,0.968274,0.090315
524288,512,2,41.9473,5193.9,0.0,0.066343,0.96864,0.071884
525312,513,2,41.6542,5199.6,0.0,0.064276,0.969352,0.096282
526336,514,2,41.6542,5199.6,-0.0,0.05318,0.967938,0.104571
527360,515,2,41.6542,5199.6,-0.0,0.060125,0.969233,0.106152
528384,516,2,41.6542,5199.6,-0.0,0.050243,0.968879,0.134602
529408,517,2,41.6542,5199.6,0.0,0.053274,0.969187,0.137649
530432,518,2,41.2674,5190.7,0.0,0.067793,0.968344,0.006946
531456,519,2,41.2674,5190.7,0.0,0.055936,0.96896,0.103342
532480,520,2,41.2674,5190.7,0.0,0.053149,0.968518,0.101871
533504,521,2,41.2674,5190.7,0.0,0.054854,0.968588,0.05376
534528,522,2,41.2674,5190.7,-0.0,0.074632,0.969073,0.016971
535552,523,2,40.9873,5178.4,0.0,0.072462,0.968569,0.006341
536576,524,2,40.9873,5178.4,-0.0,0.057922,0.96901,0.0484
537600,525,2,40.9873,5178.4,-0.0,0.068638,0.968693,0.006195
538624,526,2,40.6806,5157.2,-0.0,0.048424,0.968761,0.065131
539648,527,2,40.6806,5157.2,-0.0,0.052969,0.969376,0.09414
540672,528,2,40.6806,5157.2,0.0,0.052498,0.968198,0.059205
541696,529,2,40.6806,5157.2,0.0,0.077184,0.96919,0.034542
542720,530,2,40.6806,5157.2,-0.0,0.065243,0.968846,0.006782
543744,531,2,40.6806,5157.2,0.0,0.046411,0.969666,0.117749
544768,532,2,40.3633,5152.5,0.0,0.070648,0.969093,0.005968
545792,533,2,40.3633,5152.5,-0.0,0.048433,0.96861,0.047008
546816,534,2,40.3633,5152.5,-0.0,0.067021,0.968565,0.028684
547840,535,2,40.3633,5152.5,0.0,0.059919,0.96897,0.042953
548864,536,2,40.3633,5152.5,-0.0,0.04597,0.968699,0.088179
549888,537,2,40.072,5149.1,-0.0,0.042853,0.96891,0.079479
550912,538,2,40.072,5149.1,0.0,0.087755,0.968979,0.049051
551936,539,2,40.072,5149.1,-0.0,0.033543,0.968603,0.098421
552960,540,2,40.072,5149.1,0.0,0.053584,0.969178,0.044477
553984,541,2,40.072,5149.1,0.0,0.048534,0.968726,0.049101
555008,542,2,39.8264,5163.8,0.0,0.056736,0.9685,0.030664
556032,543,2,39.8264,5163.8,-0.0,0.034896,0.968889,0.10019
557056,544,2,39.8264,5163.8,-0.0,0.065722,0.968614,0.007355
558080,545,2,39.8264,5163.8,0.0,0.067397,0.968981,0.009637
559104,546,2,39.8264,5163.8,-0.0,0.044071,0.968843,0.051356
560128,547,2,39.5419,5161.6,-0.0,0.068097,0.96887,0.015118
561152,548,2,39.5419,5161.6,0.0,0.048128,0.968194,0.034585
562176,549,2,39.5419,5161.6,0.0,0.069998,0.969127,0.005686
563200,550,2,39.5419,5161.6,-0.0,0.079188,0.968148,0.045295
564224,551,2,39.5419,5161.6,-0.0,0.034911,0.967703,0.050778
565248,552,2,39.5419,5161.6,0.0,0.051133,0.9687,0.030017
566272,553,2,39.3261,5163.6,-0.0,0.060308,0.968793,0.005092
567296,554,2,39.3261,5163.6,0.0,0.036273,0.96844,0.060738
568320,555,2,39.3261,5163.6,0.0,0.034188,0.969193,0.075025
569344,556,2,39.3261,5163.6,-0.0,0.058769,0.968514,0.015884
570368,557,2,39.3261,5163.6,0.0,0.043586,0.969186,0.060369
571392,558,2,39.0415,5159.3,-0.0,0.090878,0.969615,0.064292
572416,559,2,39.0415,5159.3,-0.0,0.050395,0.969781,0.039001
573440,560,2,39.0415,5159.3,0.0,0.063701,0.96944,0.002811
574464,561,2,39.0415,5159.3,-0.0,0.029878,0.968371,0.086615
575488,562,2,39.0415,5159.3,0.0,0.055947,0.968417,0.00811
576512,563,2,39.0415,5159.3,0.0,0.068125,0.969181,0.025421
577536,564,2,38.8002,5162.7,-0.0,0.080041,0.968601,0.031654
578560,565,2,38.8002,5162.7,-0.0,0.032719,0.968657,0.077828
579584,566,2,38.8002,5162.7,-0.0,0.055186,0.96848,0.028549
580608,567,2,38.8002,5162.7,-0.0,0.037035,0.968136,0.049187
581632,568,2,38.8002,5162.7,0.0,0.075759,0.969221,0.03944
582656,569,2,38.5855,5173.4,-0.0,0.061624,0.969061,0.008191
583680,570,2,38.5855,5173.4,0.0,0.046521,0.96917,0.048642
584704,571,2,38.5855,5173.4,0.0,0.065591,0.969172,0.008305
585728,572,2,38.5855,5173.4,-0.0,0.05234,0.969038,0.017898
586752,573,2,38.2999,5163.9,0.0,0.045593,0.968755,0.024258
587776,574,2,38.2999,5163.9,-0.0,0.055814,0.968276,0.003523
588800,575,2,38.2999,5163.9,0.0,0.05648,0.968437,0.008274
589824,576,2,38.2999,5163.9,0.0,0.063532,0.969678,0.006811
590848,577,2,38.2999,5163.9,0.0,0.048398,0.96886,0.028867
591872,578,2,38.2999,5163.9,0.0,0.034799,0.968924,0.052401
592896,579,2,38.0271,5166.2,-0.0,0.0486,0.96912,0.029796
593920,580,2,38.0271,5166.2,-0.0,0.069446,0.968317,0.025251
594944,581,2,38.0271,5166.2,0.0,0.043542,0.968873,0.044155
595968,582,2,38.0271,5166.2,-0.0,0.051209,0.969299,0.013154
596992,583,2,37.8028,5164.7,-0.0,0.085984,0.969089,0.052992
598016,584,2,37.8028,5164.7,0.0,0.050711,0.968661,0.010958
599040,585,2,37.8028,5164.7,0.0,0.043176,0.968268,0.018929
600064,586,2,37.8028,5164.7,-0.0,0.058927,0.968107,0.015207
601088,587,2,37.8028,5164.7,-0.0,0.048586,0.968459,0.010335
602112,588,2,37.8028,5164.7,-0.0,0.06793,0.968851,0.024629
603136,589,2,37.5525,5168.6,0.0,0.062095,0.969087,0.014652
604160,590,2,37.5525,5168.6,0.0,0.05218,0.968748,0.004816
605184,591,2,37.5525,5168.6,-0.0,0.058513,0.969142,0.03216
606208,592,2,37.5525,5168.6,-0.0,0.047381,0.968586,0.01001
607232,593,2,37.5525,5168.6,0.0,0.042192,0.967982,0.034356
608256,594,2,37.314,5175.4,0.0,0.047237,0.969013,0.026611
609280,595,2,37.314,5175.4,0.0,0.036921,0.968331,0.030026
610304,596,2,37.314,5175.4,0.0,0.07419,0.968633,0.04154
611328,597,2,37.314,5175.4,-0.0,0.050334,0.968621,0.024888
612352,598,2,37.314,5175.4,-0.0,0.049158,0.96927,0.02442
613376,599,2,37.314,5175.4,-0.0,0.046264,0.968443,0.014875
614400,600,2,37.1209,5192.5,0.0,0.079746,0.969103,0.044788
615424,601,2,37.1209,5192.5,0.0,0.048885,0.969167,0.02383
616448,602,2,37.1209,5192.5,0.0,0.032394,0.967867,0.032603
617472,603,2,37.1209,5192.5,0.0,0.059183,0.969072,0.007311
618496,604,2,37.1209,5192.5,-0.0,0.037323,0.967965,0.048815
619520,605,2,37.1209,5192.5,-0.0,0.047365,0.968833,0.019517
620544,606,2,36.8317,5196.1,0.0,0.054057,0.969038,0.008923
621568,607,2,36.8317,5196.1,0.0,0.021775,0.968068,0.04644
622592,608,2,36.8317,5196.1,0.0,0.047907,0.969077,0.019077
623616,609,2,36.8317,5196.1,-0.0,0.054564,0.968821,0.004998
624640,610,2,36.4746,5178.1,-0.0,0.068429,0.968643,0.039219
625664,611,2,36.4746,5178.1,-0.0,0.053152,0.96892,0.011651
626688,612,2,36.4746,5178.1,0.0,0.043056,0.968674,0.021589
627712,613,2,36.4746,5178.1,-0.0,0.036066,0.968384,0.020725
628736,614,2,36.2239,5177.5,-0.0,0.054799,0.969013,0.009407
629760,615,2,36.2239,5177.5,0.0,0.041945,0.968782,0.015146
630784,616,2,36.2239,5177.5,-0.0,0.065483,0.968264,0.040712
631808,617,2,36.2239,5177.5,0.0,0.038124,0.968817,0.039521
632832,618,2,36.2239,5177.5,0.0,0.035029,0.968684,0.033474
633856,619,2,36.2239,5177.5,-0.0,0.047501,0.96884,0.015632
634880,620,2,35.9345,5181.0,-0.0,0.060851,0.968597,0.036812
635904,621,2,35.9345,5181.0,-0.0,0.026505,0.969551,0.068796
636928,622,2,35.9345,5181.0,-0.0,0.05017,0.968528,0.005458
637952,623,2,35.9345,5181.0,0.0,0.037967,0.969443,0.038543
638976,624,2,35.9345,5181.0,0.0,0.029523,0.968764,0.059509
640000,625,2,35.6575,5195.1,-0.0,0.062499,0.968527,0.012686
641024,626,2,35.6575,5195.1,0.0,0.051971,0.969795,0.014761
642048,627,2,35.6575,5195.1,0.0,0.047431,0.968984,0.009943
643072,628,2,35.6575,5195.1,-0.0,0.033603,0.969372,0.033295
644096,629,2,35.6575,5195.1,-0.0,0.055565,0.968727,0.026553
645120,630,2,35.4072,5196.9,0.0,0.076099,0.9688,0.034915
646144,631,2,35.4072,5196.9,0.0,0.046616,0.968491,0.01032
647168,632,2,35.4072,5196.9,-0.0,0.026228,0.968829,0.05913
648192,633,2,35.4072,5196.9,0.0,0.040868,0.969188,0.025741
649216,634,2,35.4072,5196.9,0.0,0.045965,0.968328,0.005146
650240,635,2,35.0744,5189.8,0.0,0.021515,0.968826,0.050808
651264,636,2,35.0744,5189.8,0.0,0.053186,0.96955,0.02183
652288,637,2,35.0744,5189.8,-0.0,0.043592,0.969026,0.005191
653312,638,2,35.0744,5189.8,0.0,0.042932,0.96879,0.003778
654336,639,2,35.0744,5189.8,0.0,0.050287,0.968547,0.003584
655360,640,2,34.7759,5188.6,0.0,0.0616,0.969048,0.010268
656384,641,2,34.7759,5188.6,0.0,0.038892,0.969051,0.044076
657408,642,2,34.7759,5188.6,-0.0,0.023106,0.968319,0.055663
658432,643,2,34.7759,5188.6,-0.0,0.044403,0.969486,0.013519
659456,644,2,34.7759,5188.6,-0.0,0.06934,0.968989,0.03112
660480,645,2,34.7759,5188.6,-0.0,0.059367,0.968786,0.017922
661504,646,2,34.4572,5181.1,-0.0,0.083003,0.9689,0.061822
662528,647,2,34.4572,5181.1,0.0,0.045336,0.968833,0.014343
663552,648,2,34.4572,5181.1,-0.0,0.05273,0.968126,0.020883
664576,649,2,34.4572,5181.1,-0.0,0.056288,0.969597,0.005092
665600,650,2,34.4572,5181.1,-0.0,0.075895,0.968742,0.048442
666624,651,2,34.4572,5181.1,-0.0,0.047388,0.968606,0.002864
667648,652,2,34.2962,5206.3,-0.0,0.048173,0.968815,0.004196
668672,653,2,34.2962,5206.3,-0.0,0.053639,0.969175,0.019787
669696,654,2,34.2962,5206.3,0.0,0.047767,0.968781,0.005109
670720,655,2,34.2962,5206.3,-0.0,0.037066,0.968652,0.023535
671744,656,2,33.9866,5203.2,0.0,0.065493,0.968777,0.036596
672768,657,2,33.9866,5203.2,0.0,0.032094,0.969147,0.030412
673792,658,2,33.9866,5203.2,-0.0,0.065659,0.969172,0.036727
674816,659,2,33.9866,5203.2,0.0,0.034787,0.969106,0.039139
675840,660,2,33.9866,5203.2,0.0,0.034369,0.968738,0.02844
676864,661,2,33.7019,5207.2,0.0,0.034879,0.968944,0.031787
677888,662,2,33.7019,5207.2,-0.0,0.050474,0.969569,0.007491
678912,663,2,33.7019,5207.2,0.0,0.05527,0.968626,0.018592
679936,664,2,33.7019,5207.2,0.0,0.045666,0.968368,0.005036
680960,665,2,33.7019,5207.2,-0.0,0.069807,0.968945,0.03147
681984,666,2,33.7019,5207.2,0.0,0.062059,0.969019,0.015906
683008,667,2,33.4627,5194.4,0.0,0.060909,0.96877,0.027188
684032,668,2,33.4627,5194.4,0.0,0.06271,0.968847,0.021514
685056,669,2,33.4627,5194.4,-0.0,0.050307,0.968701,0.011818
686080,670,2,33.4627,5194.4,0.0,0.060123,0.969166,0.025477
687104,671,2,33.1972,5195.1,0.0,0.032076,0.96993,0.031974
688128,672,2,33.1972,5195.1,-0.0,0.036442,0.969273,0.033248
689152,673,2,33.1972,5195.1,0.0,0.039817,0.969321,0.037037
690176,674,2,33.1972,5195.1,0.0,0.04918,0.969016,0.005731
691200,675,2,33.1972,5195.1,0.0,0.061091,0.969399,0.017725
692224,676,2,32.8871,5190.7,-0.0,0.023736,0.968538,0.058273
693248,677,2,32.8871,5190.7,-0.0,0.028219,0.969604,0.065911
694272,678,2,32.8871,5190.7,-0.0,0.033265,0.969363,0.034811
695296,679,2,32.8871,5190.7,0.0,0.052394,0.96946,0.01791
696320,680,2,32.8871,5190.7,0.0,0.035771,0.969405,0.038178
697344,681,2,32.8871,5190.7,-0.0,0.022953,0.967931,0.045157
698368,682,2,32.5617,5194.3,-0.0,0.065043,0.96947,0.020288
699392,683,2,32.5617,5194.3,0.0,0.032355,0.968509,0.021903
700416,684,2,32.5617,5194.3,-0.0,0.059055,0.968848,0.024616
701440,685,2,32.5617,5194.3,0.0,0.049715,0.968167,0.016618
702464,686,2,32.5617,5194.3,0.0,0.042966,0.969363,0.011108
703488,687,2,32.2797,5190.5,-0.0,0.056758,0.969083,0.019581
704512,688,2,32.2797,5190.5,-0.0,0.050398,0.96886,0.011908
705536,689,2,32.2797,5190.5,-0.0,0.057754,0.969173,0.024178
706560,690,2,32.2797,5190.5,-0.0,0.058073,0.969298,0.019356
707584,691,2,32.2797,5190.5,-0.0,0.031736,0.968671,0.019547
708608,692,2,32.0451,5192.0,-0.0,0.042087,0.969299,0.0177
709632,693,2,32.0451,5192.0,-0.0,0.074559,0.968939,0.049287
710656,694,2,32.0451,5192.0,-0.0,0.059703,0.969162,0.025703
711680,695,2,32.0451,5192.0,0.0,0.044189,0.968572,0.015853
712704,696,2,32.0451,5192.0,0.0,0.037366,0.968665,0.025615
713728,697,2,31.7438,5191.0,0.0,0.058964,0.968731,0.027083
714752,698,2,31.7438,5191.0,0.0,0.052128,0.96888,0.008807
715776,699,2,31.7438,5191.0,-0.0,0.052334,0.969374,0.004788
716800,700,2,31.7438,5191.0,0.0,0.058196,0.969122,0.029613
717824,701,2,31.7438,5191.0,-0.0,0.036816,0.968679,0.031873
718848,702,2,31.4584,5189.9,-0.0,0.046614,0.969301,0.004975
719872,703,2,31.4584,5189.9,0.0,0.072878,0.968606,0.041752
720896,704,2,31.4584,5189.9,0.0,0.027234,0.969035,0.042316
721920,705,2,31.1447,5180.0,0.0,0.05397,0.969554,0.005102
722944,706,2,31.1447,5180.0,-0.0,0.049063,0.968526,0.005696
723968,707,2,31.1447,5180.0,0.0,0.040461,0.968093,0.019848
724992,708,2,31.1447,5180.0,0.0,0.077799,0.969787,0.038874
726016,709,2,31.1447,5180.0,-0.0,0.032606,0.968765,0.030828
727040,710,2,31.1447,5180.0,0.0,0.063665,0.968579,0.031752
728064,711,2,30.8775,5181.1,-0.0,0.065358,0.969094,0.026666
729088,712,2,30.8775,5181.1,0.0,0.034259,0.969177,0.023086
730112,713,2,30.8775,5181.1,-0.0,0.075421,0.968798,0.057989
731136,714,2,30.8775,5181.1,0.0,0.055928,0.968109,0.02428
732160,715,2,30.6708,5175.8,-0.0,0.048148,0.968811,0.004188
733184,716,2,30.6708,5175.8,-0.0,0.06548,0.969482,0.016723
734208,717,2,30.6708,5175.8,-0.0,0.04944,0.968347,0.006773
735232,718,2,30.6708,5175.8,0.0,0.040414,0.968843,0.023999
736256,719,2,30.6708,5175.8,-0.0,0.048594,0.969092,0.004371
737280,720,2,30.6708,5175.8,-0.0,0.052452,0.969407,0.026198
738304,721,2,30.3977,5178.6,-0.0,0.065614,0.969132,0.04036
739328,722,2,30.3977,5178.6,0.0,0.060935,0.968896,0.022895
740352,723,2,30.3977,5178.6,0.0,0.012244,0.968493,0.06799
741376,724,2,30.3977,5178.6,0.0,0.038922,0.968302,0.028185
742400,725,2,30.1099,5182.0,0.0,0.053372,0.968735,0.004229
743424,726,2,30.1099,5182.0,-0.0,0.042597,0.969089,0.030442
744448,727,2,30.1099,5182.0,-0.0,0.048237,0.968575,0.004803
745472,728,2,30.1099,5182.0,0.0,0.076927,0.969317,0.05725
746496,729,2,29.8189,5172.6,-0.0,0.057651,0.96971,0.0087
747520,730,2,29.8189,5172.6,-0.0,0.024986,0.968819,0.036372
748544,731,2,29.8189,5172.6,0.0,0.086217,0.969779,0.052467
749568,732,2,29.8189,5172.6,-0.0,0.022584,0.969307,0.058485
750592,733,2,29.4939,5158.3,-0.0,0.055048,0.968427,0.005187
751616,734,2,29.4939,5158.3,-0.0,0.030681,0.968511,0.02505
752640,735,2,29.4939,5158.3,-0.0,0.033825,0.969097,0.028998
753664,736,2,29.4939,5158.3,-0.0,0.012018,0.969046,0.077286
754688,737,2,29.4939,5158.3,0.0,0.071783,0.96854,0.050452
755712,738,2,29.4939,5158.3,0.0,0.027572,0.969198,0.053129
756736,739,2,29.1519,5166.2,0.0,0.034648,0.969113,0.028331
757760,740,2,29.1519,5166.2,0.0,0.040271,0.969248,0.033316
758784,741,2,29.1519,5166.2,-0.0,0.028529,0.968943,0.059268
759808,742,2,29.1519,5166.2,-0.0,0.032903,0.968567,0.015719
760832,743,2,29.1519,5166.2,0.0,0.070864,0.969284,0.043663
761856,744,2,29.1519,5166.2,0.0,0.066029,0.968308,0.032541
762880,745,2,28.8948,5173.1,0.0,0.069904,0.96842,0.042969
763904,746,2,28.8948,5173.1,0.0,0.044266,0.969064,0.0061
764928,747,2,28.8948,5173.1,0.0,0.051882,0.968702,0.00374
765952,748,2,28.8948,5173.1,0.0,0.047087,0.968143,0.00657
766976,749,2,28.8948,5173.1,-0.0,0.052329,0.969488,0.015373
768000,750,2,28.6456,5176.8,0.0,0.06028,0.969498,0.008219
769024,751,2,28.6456,5176.8,-0.0,0.047033,0.968902,0.005973
770048,752,2,28.6456,5176.8,-0.0,0.045371,0.969003,0.021713
771072,753,2,28.6456,5176.8,-0.0,0.067658,0.968966,0.046475
772096,754,2,28.3182,5162.0,-0.0,0.064267,0.969291,0.032577
773120,755,2,28.3182,5162.0,0.0,0.039792,0.968831,0.013431
774144,756,2,28.3182,5162.0,0.0,0.07214,0.9693,0.044833
775168,757,2,28.3182,5162.0,-0.0,0.050675,0.968432,0.020974
776192,758,2,28.3182,5162.0,0.0,0.065085,0.968726,0.021968
777216,759,2,28.0481,5158.8,0.0,0.045802,0.969132,0.008006
778240,760,2,28.0481,5158.8,-0.0,0.059358,0.968664,0.02906
779264,761,2,28.0481,5158.8,0.0,0.062464,0.969029,0.031749
780288,762,2,28.0481,5158.8,0.0,0.082361,0.968703,0.073371
781312,763,2,27.8243,5159.8,-0.0,0.047836,0.968922,0.008394
782336,764,2,27.8243,5159.8,-0.0,0.061776,0.969336,0.031289
783360,765,2,27.8243,5159.8,-0.0,0.022606,0.968943,0.049855
784384,766,2,27.8243,5159.8,0.0,0.044763,0.968747,0.006242
785408,767,2,27.4865,5134.4,-0.0,0.062379,0.968882,0.016084
786432,768,2,27.4865,5134.4,-0.0,0.05815,0.96885,0.020986
787456,769,2,27.4865,5134.4,-0.0,0.039162,0.968604,0.006153
788480,770,2,27.4865,5134.4,0.0,0.05038,0.968462,0.005423
789504,771,2,27.4865,5134.4,-0.0,0.04866,0.969389,0.009347
790528,772,2,27.2258,5130.0,0.0,0.062798,0.968784,0.017301
791552,773,2,27.2258,5130.0,0.0,0.045708,0.968677,0.01135
792576,774,2,27.2258,5130.0,-0.0,0.047827,0.968681,0.009277
793600,775,2,27.2258,5130.0,-0.0,0.025471,0.968771,0.041133
794624,776,2,27.2258,5130.0,-0.0,0.026678,0.969117,0.049427
795648,777,2,26.8619,5118.6,-0.0,0.051383,0.969005,0.008719
796672,778,2,26.8619,5118.6,0.0,0.033418,0.968443,0.024901
797696,779,2,26.8619,5118.6,-0.0,0.036709,0.968778,0.021691
798720,780,2,26.8619,5118.6,-0.0,0.080667,0.969165,0.049735
799744,781,2,26.8619,5118.6,-0.0,0.061046,0.969034,0.01986
800768,782,2,26.6207,5127.1,0.0,0.060249,0.968591,0.03065
801792,783,2,26.6207,5127.1,0.0,0.034237,0.96925,0.030359
802816,784,2,26.6207,5127.1,0.0,0.04842,0.96849,0.009311
803840,785,2,26.6207,5127.1,0.0,0.05997,0.968767,0.025784
804864,786,2,26.6207,5127.1,-0.0,0.045284,0.96848,0.003305
805888,787,2,26.3436,5119.2,0.0,0.067207,0.969047,0.026701
806912,788,2,26.3436,5119.2,-0.0,0.032467,0.968713,0.026272
807936,789,2,26.3436,5119.2,-0.0,0.03899,0.969332,0.037278
808960,790,2,26.3436,5119.2,0.0,0.035563,0.969502,0.029172
809984,791,2,25.9891,5119.2,0.0,0.022178,0.969197,0.051241
811008,792,2,25.9891,5119.2,0.0,0.055952,0.968809,0.014515
812032,793,2,25.9891,5119.2,-0.0,0.059879,0.968311,0.031191
813056,794,2,25.9891,5119.2,0.0,0.053231,0.96813,0.01714
814080,795,2,25.9891,5119.2,0.0,0.028857,0.968964,0.021698
815104,796,2,25.9891,5119.2,-0.0,0.048824,0.96853,0.005323
816128,797,2,25.7102,5115.8,-0.0,0.04812,0.968807,0.019609
817152,798,2,25.7102,5115.8,-0.0,0.046905,0.968966,0.012419
818176,799,2,25.7102,5115.8,0.0,0.013029,0.969261,0.072925
819200,800,2,25.7102,5115.8,-0.0,0.046929,0.968586,0.00498
820224,801,2,25.3966,5116.8,0.0,0.045912,0.969363,0.009302
821248,802,2,25.3966,5116.8,0.0,0.044001,0.968341,0.006606
822272,803,2,25.3966,5116.8,-0.0,0.019498,0.967945,0.03882
823296,804,2,25.3966,5116.8,-0.0,0.043785,0.968572,0.006227
824320,805,2,25.3966,5116.8,-0.0,0.034969,0.968767,0.026873
825344,806,2,25.3966,5116.8,-0.0,0.027674,0.969241,0.05761
826368,807,2,25.1194,5127.6,0.0,0.075762,0.968431,0.049594
827392,808,2,25.1194,5127.6,-0.0,0.052192,0.969382,0.005745
828416,809,2,25.1194,5127.6,0.0,0.037786,0.969102,0.03626
829440,810,2,25.1194,5127.6,0.0,0.021439,0.967882,0.041327
830464,811,2,25.1194,5127.6,-0.0,0.056026,0.968545,0.030379
831488,812,2,25.1194,5127.6,0.0,0.043105,0.969133,0.028848
832512,813,2,24.8609,5137.9,0.0,0.036571,0.968872,0.022121
833536,814,2,24.8609,5137.9,-0.0,0.057477,0.968219,0.028301
834560,815,2,24.8609,5137.9,0.0,0.087224,0.969126,0.080059
835584,816,2,24.8609,5137.9,0.0,0.033707,0.968066,0.024557
836608,817,2,24.8609,5137.9,0.0,0.055952,0.968614,0.03283
837632,818,2,24.6537,5142.3,0.0,0.081914,0.968594,0.058755
838656,819,2,24.6537,5142.3,0.0,0.061071,0.968713,0.035652
839680,820,2,24.6537,5142.3,0.0,0.061739,0.969129,0.030777
840704,821,2,24.6537,5142.3,0.0,0.043296,0.969106,0.019173
841728,822,2,24.3771,5133.8,0.0,0.045171,0.96931,0.004276
842752,823,2,24.3771,5133.8,0.0,0.055636,0.968686,0.027664
843776,824,2,24.3771,5133.8,0.0,0.024425,0.96898,0.046591
844800,825,2,24.3771,5133.8,-0.0,0.036885,0.968348,0.01385
845824,826,2,24.3771,5133.8,-0.0,0.037868,0.96828,0.028047
846848,827,2,24.0987,5130.4,0.0,0.047141,0.968225,0.00436
847872,828,2,24.0987,5130.4,0.0,0.049927,0.968531,0.008518
848896,829,2,24.0987,5130.4,0.0,0.037028,0.969141,0.021154
849920,830,2,24.0987,5130.4,0.0,0.080431,0.968574,0.063618
850944,831,2,24.0987,5130.4,0.0,0.050652,0.968453,0.008994
851968,832,2,23.8666,5139.1,-0.0,0.045299,0.968359,0.013381
852992,833,2,23.8666,5139.1,0.0,0.048316,0.968759,0.015322
854016,834,2,23.8666,5139.1,-0.0,0.03801,0.968795,0.022446
855040,835,2,23.8666,5139.1,-0.0,0.101966,0.968927,0.100992
856064,836,2,23.8666,5139.1,-0.0,0.046222,0.968785,0.010702
857088,837,2,23.627,5144.1,-0.0,0.029656,0.968069,0.034831
858112,838,2,23.627,5144.1,-0.0,0.063559,0.968064,0.032372
859136,839,2,23.627,5144.1,0.0,0.063912,0.969061,0.022433
860160,840,2,23.627,5144.1,0.0,0.021961,0.969416,0.048132
861184,841,2,23.627,5144.1,0.0,0.03308,0.969318,0.038282
862208,842,2,23.2632,5127.0,0.0,0.041174,0.969902,0.025161
863232,843,2,23.2632,5127.0,0.0,0.049482,0.968547,0.00283
864256,844,2,23.2632,5127.0,-0.0,0.014857,0.96942,0.081785
865280,845,2,23.2632,5127.0,-0.0,0.047726,0.968791,0.005661
866304,846,2,23.2632,5127.0,-0.0,0.032984,0.969262,0.032576
867328,847,2,22.9497,5125.4,-0.0,0.043604,0.968514,0.014337
868352,848,2,22.9497,5125.4,0.0,0.084624,0.96893,0.075039
869376,849,2,22.9497,5125.4,-0.0,0.064315,0.968844,0.03322
870400,850,2,22.9497,5125.4,0.0,0.06643,0.968969,0.024345
871424,851,2,22.9497,5125.4,-0.0,0.052673,0.968704,0.006595
872448,852,2,22.7672,5133.1,-0.0,0.052534,0.968869,0.006442
873472,853,2,22.7672,5133.1,0.0,0.057983,0.968531,0.022048
874496,854,2,22.7672,5133.1,0.0,0.055949,0.968995,0.034942
875520,855,2,22.7672,5133.1,0.0,0.060992,0.968213,0.03252
876544,856,2,22.7672,5133.1,0.0,0.032831,0.968529,0.024507
877568,857,2,22.4898,5130.8,-0.0,0.033844,0.968995,0.023401
878592,858,2,22.4898,5130.8,0.0,0.036925,0.968921,0.030058
879616,859,2,22.4898,5130.8,-0.0,0.043156,0.968283,0.006348
880640,860,2,22.4898,5130.8,0.0,0.065885,0.968932,0.032831
881664,861,2,22.4898,5130.8,0.0,0.07546,0.968939,0.057352
882688,862,2,22.2087,5129.5,-0.0,0.032417,0.968847,0.024246
883712,863,2,22.2087,5129.5,-0.0,0.058267,0.968891,0.025784
884736,864,2,22.2087,5129.5,0.0,0.045977,0.968837,0.003249
885760,865,2,22.2087,5129.5,0.0,0.039105,0.968417,0.013393
886784,866,2,22.2087,5129.5,-0.0,0.049182,0.968445,0.009617
887808,867,2,21.9064,5124.2,0.0,0.051929,0.968977,0.005035
888832,868,2,21.9064,5124.2,0.0,0.057047,0.969099,0.006647
889856,869,2,21.9064,5124.2,-0.0,0.047908,0.96899,0.005419
890880,870,2,21.9064,5124.2,-0.0,0.050806,0.969159,0.005831
891904,871,2,21.6694,5122.4,-0.0,0.06026,0.969218,0.024537
892928,872,2,21.6694,5122.4,-0.0,0.060763,0.968393,0.031611
893952,873,2,21.6694,5122.4,0.0,0.066585,0.968309,0.033249
894976,874,2,21.6694,5122.4,-0.0,0.070211,0.968732,0.042111
896000,875,2,21.4014,5114.5,-0.0,0.061957,0.969531,0.011238
897024,876,2,21.4014,5114.5,-0.0,0.061475,0.968647,0.029524
898048,877,2,21.4014,5114.5,-0.0,0.074158,0.96845,0.058023
899072,878,2,21.4014,5114.5,-0.0,0.04581,0.969107,0.010846
900096,879,2,21.4014,5114.5,0.0,0.080254,0.969571,0.044639
901120,880,2,21.1404,5103.6,0.0,0.068976,0.969337,0.024751
902144,881,2,21.1404,5103.6,0.0,0.044107,0.968393,0.029676
903168,882,2,21.1404,5103.6,-0.0,0.036005,0.96882,0.024175
904192,883,2,21.1404,5103.6,0.0,0.058963,0.968268,0.014545
905216,884,2,21.1404,5103.6,-0.0,0.056667,0.969103,0.020194
906240,885,2,20.8747,5107.2,-0.0,0.050884,0.968484,0.005643
907264,886,2,20.8747,5107.2,-0.0,0.035299,0.968699,0.032621
908288,887,2,20.8747,5107.2,-0.0,0.036161,0.968188,0.034434
909312,888,2,20.8747,5107.2,-0.0,0.033865,0.969133,0.044908
910336,889,2,20.8747,5107.2,-0.0,0.064293,0.969006,0.018161
911360,890,2,20.5638,5100.2,0.0,0.092912,0.968152,0.10135
912384,891,2,20.5638,5100.2,-0.0,0.064744,0.969332,0.031969
913408,892,2,20.5638,5100.2,-0.0,0.066673,0.968746,0.035204
914432,893,2,20.5638,5100.2,0.0,0.049636,0.968683,0.01312
915456,894,2,20.5638,5100.2,0.0,0.037807,0.968012,0.024759
916480,895,2,20.3581,5110.1,-0.0,0.046977,0.968138,0.011197
917504,896,2,20.3581,5110.1,-0.0,0.053907,0.968264,0.004753
918528,897,2,20.3581,5110.1,-0.0,0.051297,0.968612,0.007362
919552,898,2,20.3581,5110.1,0.0,0.056408,0.968582,0.019971
920576,899,2,20.3581,5110.1,-0.0,0.054956,0.968495,0.007498
921600,900,2,20.1091,5109.5,0.0,0.05379,0.969531,0.011673
922624,901,2,20.1091,5109.5,0.0,0.048622,0.969118,0.012896
923648,902,2,20.1091,5109.5,-0.0,0.045321,0.969255,0.026325
924672,903,2,20.1091,5109.5,-0.0,0.048889,0.96863,0.00962
925696,904,2,20.1091,5109.5,0.0,0.038104,0.968221,0.027146
926720,905,2,20.1091,5109.5,-0.0,0.033128,0.968564,0.035124
927744,906,2,19.8208,5112.3,-0.0,0.047407,0.969198,0.015513
928768,907,2,19.8208,5112.3,-0.0,0.055439,0.969149,0.009957
929792,908,2,19.8208,5112.3,-0.0,0.061263,0.968879,0.0166
930816,909,2,19.8208,5112.3,0.0,0.043038,0.968831,0.027832
931840,910,2,19.8208,5112.3,-0.0,0.024338,0.968524,0.06385
932864,911,2,19.549,5116.5,0.0,0.073402,0.969532,0.024706
933888,912,2,19.549,5116.5,-0.0,0.032819,0.968777,0.028664
934912,913,2,19.549,5116.5,0.0,0.054634,0.96967,0.017117
935936,914,2,19.549,5116.5,-0.0,0.033824,0.96875,0.022438
936960,915,2,19.2305,5103.8,0.0,0.060238,0.968353,0.025064
937984,916,2,19.2305,5103.8,-0.0,0.050102,0.969426,0.014891
939008,917,2,19.2305,5103.8,-0.0,0.035782,0.968849,0.032736
940032,918,2,19.2305,5103.8,0.0,0.049533,0.968858,0.019181
941056,919,2,19.2305,5103.8,-0.0,0.047634,0.969153,0.010799
942080,920,2,18.981,5100.3,-0.0,0.048545,0.96906,0.003663
943104,921,2,18.981,5100.3,0.0,0.049804,0.968745,0.011907
944128,922,2,18.981,5100.3,0.0,0.034465,0.968467,0.030057
945152,923,2,18.981,5100.3,-0.0,0.064167,0.968651,0.015719
946176,924,2,18.981,5100.3,0.0,0.039026,0.968589,0.03236
947200,925,2,18.7171,5112.4,-0.0,0.051968,0.969121,0.003377
948224,926,2,18.7171,5112.4,-0.0,0.039806,0.969107,0.036318
949248,927,2,18.7171,5112.4,-0.0,0.054202,0.969127,0.003694
950272,928,2,18.7171,5112.4,0.0,0.054725,0.968011,0.026307
951296,929,2,18.7171,5112.4,0.0,0.053843,0.968691,0.014999
952320,930,2,18.7171,5112.4,0.0,0.024518,0.968227,0.053854
953344,931,2,18.4163,5097.9,0.0,0.061655,0.969041,0.023139
954368,932,2,18.4163,5097.9,-0.0,0.045896,0.968276,0.005064
955392,933,2,18.4163,5097.9,-0.0,0.023369,0.968556,0.061104
956416,934,2,18.4163,5097.9,0.0,0.048063,0.968976,0.0038
957440,935,2,18.4163,5097.9,-0.0,0.049071,0.968235,0.014771
958464,936,2,18.1189,5097.0,0.0,0.055231,0.968607,0.010644
959488,937,2,18.1189,5097.0,0.0,0.090257,0.969098,0.059244
960512,938,2,18.1189,5097.0,0.0,0.047196,0.968433,0.007829
961536,939,2,18.1189,5097.0,0.0,0.03475,0.968945,0.034053
962560,940,2,17.8827,5098.0,-0.0,0.047944,0.968235,0.005651
963584,941,2,17.8827,5098.0,0.0,0.068612,0.968933,0.036235
964608,942,2,17.8827,5098.0,-0.0,0.035879,0.969177,0.036677
965632,943,2,17.8827,5098.0,0.0,0.070473,0.968682,0.054936
966656,944,2,17.8827,5098.0,-0.0,0.062852,0.968901,0.033176
967680,945,2,17.8827,5098.0,0.0,0.01412,0.969138,0.084013
968704,946,2,17.6416,5101.7,0.0,0.065028,0.96971,0.023799
969728,947,2,17.6416,5101.7,-0.0,0.020738,0.968423,0.051078
970752,948,2,17.6416,5101.7,-0.0,0.046579,0.968747,0.005587
971776,949,2,17.6416,5101.7,-0.0,0.056739,0.969187,0.005235
972800,950,2,17.3413,5093.0,0.0,0.043874,0.968455,0.011736
973824,951,2,17.3413,5093.0,0.0,0.035824,0.968362,0.004142
974848,952,2,17.3413,5093.0,-0.0,0.04554,0.968716,0.003657
975872,953,2,17.3413,5093.0,0.0,0.074286,0.968882,0.054808
976896,954,2,17.3413,5093.0,-0.0,0.038858,0.968436,0.017192
977920,955,2,17.0494,5087.1,-0.0,0.032777,0.968997,0.039749
978944,956,2,17.0494,5087.1,0.0,0.056942,0.96956,0.005941
979968,957,2,17.0494,5087.1,-0.0,0.033145,0.968792,0.025728
980992,958,2,17.0494,5087.1,-0.0,0.071641,0.968684,0.057488
982016,959,2,16.7425,5073.6,-0.0,0.04576,0.968094,0.004424
983040,960,2,16.7425,5073.6,-0.0,0.035642,0.968909,0.02532
984064,961,2,16.7425,5073.6,0.0,0.048615,0.968739,0.006997
985088,962,2,16.7425,5073.6,0.0,0.039543,0.96939,0.032492
986112,963,2,16.7425,5073.6,0.0,0.047823,0.969004,0.004177
987136,964,2,16.7425,5073.6,0.0,0.050466,0.969304,0.009862
988160,965,2,16.4722,5084.0,-0.0,0.050023,0.968693,0.004208
989184,966,2,16.4722,5084.0,-0.0,0.065143,0.969643,0.014295
990208,967,2,16.4722,5084.0,0.0,0.062678,0.969263,0.013253
991232,968,2,16.4722,5084.0,0.0,0.020436,0.968663,0.05254
992256,969,2,16.4722,5084.0,0.0,0.057403,0.969123,0.013746
993280,970,2,16.4722,5084.0,-0.0,0.047461,0.969211,0.009605
994304,971,2,16.2125,5100.8,0.0,0.030095,0.968831,0.029928
995328,972,2,16.2125,5100.8,0.0,0.040317,0.968922,0.018625
996352,973,2,16.2125,5100.8,-0.0,0.031515,0.968299,0.023335
997376,974,2,16.2125,5100.8,0.0,0.065059,0.969061,0.03931
998400,975,2,16.2125,5100.8,0.0,0.039947,0.968947,0.03591
999424,976,2,15.8937,5099.6,0.0,0.052187,0.968443,0.008006
1000448,977,2,15.8937,5099.6,0.0,0.043963,0.969283,0.011856
1001472,978,3,15.8937,5099.6,-0.0,0.022862,0.968362,0.06762
1002496,979,3,15.8937,5099.6,-0.0,0.023522,0.969358,0.108408
1003520,980,3,15.8937,5099.6,-0.0,0.017109,0.968749,0.090027
1004544,981,3,15.8937,5099.6,0.0,0.015812,0.967737,0.086481
1005568,982,3,15.8937,5099.6,0.0,0.022782,0.969497,0.10671
1006592,983,3,15.8937,5099.6,0.0,0.017666,0.968658,0.090652
1007616,984,3,15.8937,5099.6,0.0,0.014686,0.968438,0.085491
1008640,985,3,15.8937,5099.6,-0.0,0.018053,0.968935,0.09499
1009664,986,3,15.4372,5142.0,-0.0,0.028474,0.968106,0.030215
1010688,987,3,15.4372,5142.0,-0.0,0.025066,0.967855,0.025484
1011712,988,3,15.4372,5142.0,-0.0,0.022781,0.968851,0.05803
1012736,989,3,15.4372,5142.0,0.0,0.017562,0.969291,0.091982
1013760,990,3,15.4372,5142.0,-0.0,0.022139,0.968896,0.061016
1014784,991,3,15.4372,5142.0,0.0,0.018471,0.969508,0.094071
1015808,992,3,15.4372,5142.0,-0.0,0.009917,0.967627,0.066331
1016832,993,3,15.4372,5142.0,0.0,0.028316,0.968038,0.016203
1017856,994,3,15.4372,5142.0,0.0,0.023755,0.969223,0.064118
1018880,995,3,15.031,5201.7,-0.0,0.029532,0.968685,0.036765
1019904,996,3,15.031,5201.7,0.0,0.020201,0.969232,0.048355
1020928,997,3,15.031,5201.7,0.0,0.018582,0.968272,0.042169
1021952,998,3,15.031,5201.7,-0.0,0.016228,0.969811,0.088687
1022976,999,3,15.031,5201.7,-0.0,0.018598,0.969636,0.05073
1024000,1000,3,15.031,5201.7,-0.0,0.02217,0.969386,0.052495
1025024,1001,3,15.031,5201.7,-0.0,0.016475,0.967785,0.028166
1026048,1002,3,15.031,5201.7,0.0,0.03643,0.968853,0.008186
1027072,1003,3,15.031,5201.7,0.0,0.005763,0.968174,0.048977
1028096,1004,3,15.031,5201.7,-0.0,0.030892,0.969366,0.022038
1029120,1005,3,14.8605,5244.5,-0.0,0.019952,0.969311,0.039109
1030144,1006,3,14.8605,5244.5,-0.0,0.01179,0.969509,0.073052
1031168,1007,3,14.8605,5244.5,-0.0,0.027137,0.967635,0.009809
1032192,1008,3,14.8605,5244.5,-0.0,0.013536,0.969708,0.08026
1033216,1009,3,14.8605,5244.5,-0.0,0.008034,0.969259,0.054786
1034240,1010,3,14.8605,5244.5,-0.0,0.009659,0.969164,0.06228
1035264,1011,3,14.8605,5244.5,-0.0,0.006387,0.968091,0.047
1036288,1012,3,14.8605,5244.5,0.0,0.02547,0.968031,0.007934
1037312,1013,3,14.8605,5244.5,0.0,0.006753,0.968409,0.049176
1038336,1014,3,14.8605,5244.5,-0.0,0.016388,0.968388,0.025513
1039360,1015,3,14.677,5298.0,0.0,0.015678,0.968056,0.023473
1040384,1016,3,14.677,5298.0,-0.0,0.01897,0.970122,0.0422
1041408,1017,3,14.677,5298.0,0.0,0.00591,0.968462,0.044281
1042432,1018,3,14.677,5298.0,0.0,0.026826,0.968255,0.002991
1043456,1019,3,14.677,5298.0,0.0,0.014422,0.968324,0.009758
1044480,1020,3,14.677,5298.0,-0.0,0.006791,0.968782,0.046459
1045504,1021,3,14.677,5298.0,0.0,0.018533,0.968801,0.02137
1046528,1022,3,14.677,5298.0,-0.0,0.004371,0.968451,0.034072
1047552,1023,3,14.677,5298.0,0.0,0.031356,0.969104,0.011044
1048576,1024,3,14.677,5298.0,0.0,0.016571,0.968567,0.019032
1049600,1025,3,14.5316,5343.4,-0.0,0.032755,0.96981,0.012977
1050624,1026,3,14.5316,5343.4,-0.0,0.027337,0.968683,0.016282
1051648,1027,3,14.5316,5343.4,-0.0,0.017912,0.96955,0.042385
1052672,1028,3,14.5316,5343.4,0.0,0.029686,0.968959,0.007577
1053696,1029,3,14.5316,5343.4,0.0,0.020664,0.968972,0.020666
1054720,1030,3,14.5316,5343.4,-0.0,0.028957,0.969222,0.007251
1055744,1031,3,14.5316,5343.4,0.0,0.0188,0.969351,0.020266
1056768,1032,3,14.5316,5343.4,0.0,0.028439,0.969522,0.003427
1057792,1033,3,14.5316,5343.4,0.0,0.004716,0.968442,0.032865
1058816,1034,3,14.4223,5392.7,0.0,0.030886,0.968854,0.013879
1059840,1035,3,14.4223,5392.7,-0.0,0.028331,0.967883,0.023767
1060864,1036,3,14.4223,5392.7,-0.0,0.015662,0.968594,0.01133
1061888,1037,3,14.4223,5392.7,0.0,0.015705,0.968167,0.010934
1062912,1038,3,14.4223,5392.7,-0.0,0.003006,0.967786,0.023393
1063936,1039,3,14.4223,5392.7,-0.0,0.016884,0.9692,0.021835
1064960,1040,3,14.4223,5392.7,-0.0,0.015322,0.968304,0.005953
1065984,1041,3,14.4223,5392.7,0.0,0.016369,0.968396,0.004953
1067008,1042,3,14.4223,5392.7,0.0,0.019854,0.968926,0.015012
1068032,1043,3,14.4223,5392.7,0.0,0.001038,0.966912,0.003803
1069056,1044,3,14.2742,5440.8,0.0,0.01411,0.968232,0.006141
1070080,1045,3,14.2742,5440.8,-0.0,0.027004,0.968281,0.021821
1071104,1046,3,14.2742,5440.8,-0.0,0.004575,0.969024,0.035995
1072128,1047,3,14.2742,5440.8,0.0,0.005346,0.969146,0.037873
1073152,1048,3,14.2742,5440.8,-0.0,0.014071,0.96835,0.003535
1074176,1049,3,14.2742,5440.8,-0.0,0.018906,0.969106,0.015318
1075200,1050,3,14.2742,5440.8,0.0,0.02939,0.969885,0.00549
1076224,1051,3,14.2742,5440.8,0.0,0.016934,0.968492,0.006548
1077248,1052,3,14.2742,5440.8,-0.0,0.031212,0.968409,0.027831
1078272,1053,3,14.2742,5440.8,-0.0,0.006348,0.969643,0.043547
1079296,1054,3,14.1671,5487.9,0.0,0.032506,0.969195,0.019275
1080320,1055,3,14.1671,5487.9,0.0,0.006365,0.969375,0.044242
1081344,1056,3,14.1671,5487.9,-0.0,0.008768,0.970542,0.059314
1082368,1057,3,14.1671,5487.9,0.0,0.006125,0.969463,0.044147
1083392,1058,3,14.1671,5487.9,-0.0,0.026474,0.968308,0.020996
1084416,1059,3,14.1671,5487.9,-0.0,0.014488,0.967749,0.007476
1085440,1060,3,14.1671,5487.9,0.0,0.003947,0.96857,0.028547
1086464,1061,3,14.1671,5487.9,0.0,0.006188,0.970098,0.049428
1087488,1062,3,14.1671,5487.9,0.0,0.003987,0.968471,0.032984
1088512,1063,3,14.1671,5487.9,0.0,0.014235,0.968156,0.009384
1089536,1064,3,13.9565,5538.5,0.0,0.058721,0.968644,0.075407
1090560,1065,3,13.9565,5538.5,0.0,0.014389,0.967138,0.015704
1091584,1066,3,13.9565,5538.5,-0.0,0.018085,0.968892,0.009634
1092608,1067,3,13.9565,5538.5,-0.0,0.027884,0.969455,0.008227
1093632,1068,3,13.9565,5538.5,-0.0,0.015785,0.969548,0.020032
1094656,1069,3,13.9565,5538.5,0.0,0.016615,0.968193,0.00538
1095680,1070,3,13.9565,5538.5,0.0,0.028276,0.96893,0.014739
1096704,1071,3,13.9565,5538.5,-0.0,0.005097,0.969153,0.03314
1097728,1072,3,13.9565,5538.5,0.0,0.016653,0.96862,0.005483
1098752,1073,3,13.8344,5600.6,-0.0,0.005434,0.969287,0.040991
1099776,1074,3,13.8344,5600.6,0.0,0.015031,0.968738,0.008322
1100800,1075,3,13.8344,5600.6,0.0,0.018527,0.969912,0.024291
1101824,1076,3,13.8344,5600.6,-0.0,0.004232,0.968743,0.026357
1102848,1077,3,13.8344,5600.6,-0.0,0.005076,0.969597,0.039407
1103872,1078,3,13.8344,5600.6,-0.0,0.006246,0.970695,0.050216
1104896,1079,3,13.8344,5600.6,0.0,0.016995,0.969411,0.014235
1105920,1080,3,13.8344,5600.6,0.0,0.014626,0.967164,0.016936
1106944,1081,3,13.8344,5600.6,-0.0,0.0116,0.96905,0.021565
1107968,1082,3,13.8344,5600.6,0.0,0.027437,0.968071,0.034208
1108992,1083,3,13.6572,5647.8,0.0,0.01788,0.969552,0.015961
1110016,1084,3,13.6572,5647.8,-0.0,0.004964,0.970067,0.039334
1111040,1085,3,13.6572,5647.8,-0.0,0.017014,0.969608,0.015173
1112064,1086,3,13.6572,5647.8,0.0,0.01694,0.969382,0.005176
1113088,1087,3,13.6572,5647.8,-0.0,0.029766,0.968813,0.027998
1114112,1088,3,13.6572,5647.8,-0.0,0.027784,0.969061,0.021919
1115136,1089,3,13.6572,5647.8,0.0,0.002946,0.968455,0.021064
1116160,1090,3,13.6572,5647.8,0.0,0.017745,0.969306,0.010432
1117184,1091,3,13.6572,5647.8,0.0,0.002185,0.968011,0.010163
1118208,1092,3,13.6572,5647.8,0.0,0.003825,0.969435,0.028732
1119232,1093,3,13.4808,5694.2,-0.0,0.02923,0.969755,0.015301
1120256,1094,3,13.4808,5694.2,-0.0,0.002461,0.968401,0.014082
1121280,1095,3,13.4808,5694.2,-0.0,0.015044,0.968438,0.007301
1122304,1096,3,13.4808,5694.2,0.0,0.019512,0.97106,0.033117
1123328,1097,3,13.4808,5694.2,-0.0,0.004641,0.969985,0.042117
1124352,1098,3,13.4808,5694.2,0.0,0.027878,0.968055,0.038091
1125376,1099,3,13.4808,5694.2,0.0,0.018326,0.968617,0.007849
1126400,1100,3,13.4808,5694.2,0.0,0.003835,0.969215,0.028557
1127424,1101,3,13.4808,5694.2,0.0,0.004245,0.969247,0.03158
1128448,1102,3,13.4808,5694.2,0.0,0.004035,0.969364,0.034455
1129472,1103,3,13.2776,5737.4,-0.0,0.027937,0.969796,0.008163
1130496,1104,3,13.2776,5737.4,0.0,0.003694,0.969311,0.028137
1131520,1105,3,13.2776,5737.4,-0.0,0.01536,0.969024,0.002646
1132544,1106,3,13.2776,5737.4,-0.0,0.018757,0.969366,0.007116
1133568,1107,3,13.2776,5737.4,0.0,0.031767,0.968882,0.034793
1134592,1108,3,13.2776,5737.4,-0.0,0.028594,0.970876,0.002937
1135616,1109,3,13.2776,5737.4,-0.0,0.015176,0.968346,0.012695
1136640,1110,3,13.2776,5737.4,0.0,0.003092,0.968646,0.020811
1137664,1111,3,13.2776,5737.4,-0.0,0.00436,0.969337,0.031994
1138688,1112,3,13.1069,5788.1,0.0,0.018116,0.968652,0.011855
1139712,1113,3,13.1069,5788.1,-0.0,0.018855,0.969887,0.00881
1140736,1114,3,13.1069,5788.1,0.0,0.014919,0.96809,0.012488
1141760,1115,3,13.1069,5788.1,0.0,0.041084,0.969909,0.029162
1142784,1116,3,13.1069,5788.1,-0.0,0.002248,0.968491,0.016979
1143808,1117,3,13.1069,5788.1,0.0,0.014202,0.967404,0.016779
1144832,1118,3,13.1069,5788.1,-0.0,0.033928,0.968621,0.029138
1145856,1119,3,13.1069,5788.1,-0.0,0.014799,0.969088,0.012605
1146880,1120,3,13.1069,5788.1,0.0,0.015213,0.969264,0.002931
1147904,1121,3,13.1069,5788.1,0.0,0.003298,0.969968,0.028455
1148928,1122,3,12.8844,5830.6,-0.0,0.03144,0.970826,0.005207
1149952,1123,3,12.8844,5830.6,0.0,0.01556,0.968157,0.006345
1150976,1124,3,12.8844,5830.6,0.0,0.017394,0.969706,0.01088
1152000,1125,3,12.8844,5830.6,-0.0,0.016588,0.96926,0.003437
1153024,1126,3,12.8844,5830.6,-0.0,0.003476,0.969046,0.026908
1154048,1127,3,12.8844,5830.6,0.0,0.014443,0.968675,0.007296
1155072,1128,3,12.8844,5830.6,0.0,0.001917,0.969249,0.01425
1156096,1129,3,12.8844,5830.6,-0.0,0.017234,0.96999,0.014995
1157120,1130,3,12.8844,5830.6,-0.0,0.016411,0.968822,0.005162
1158144,1131,3,12.8844,5830.6,-0.0,0.017294,0.968278,0.006398
1159168,1132,3,12.7377,5877.3,0.0,0.030683,0.968264,0.031125
1160192,1133,3,12.7377,5877.3,-0.0,0.012706,0.969007,0.004511
1161216,1134,3,12.7377,5877.3,-0.0,0.001879,0.967316,0.00775
1162240,1135,3,12.7377,5877.3,-0.0,0.002336,0.968146,0.013401
1163264,1136,3,12.7377,5877.3,0.0,0.001746,0.96799,0.010409
1164288,1137,3,12.7377,5877.3,-0.0,0.02987,0.969144,0.019782
1165312,1138,3,12.7377,5877.3,-0.0,0.015591,0.969332,0.005637
1166336,1139,3,12.7377,5877.3,-0.0,0.045403,0.969859,0.037983
1167360,1140,3,12.7377,5877.3,-0.0,0.015637,0.968864,0.005275
1168384,1141,3,12.7377,5877.3,0.0,0.040607,0.969337,0.044595
1169408,1142,3,12.574,5921.0,0.0,0.046391,0.96804,0.062169
1170432,1143,3,12.574,5921.0,-0.0,0.002918,0.968566,0.0191
1171456,1144,3,12.574,5921.0,-0.0,0.014763,0.969111,0.007715
1172480,1145,3,12.574,5921.0,-0.0,0.002133,0.967954,0.013191
1173504,1146,3,12.574,5921.0,-0.0,0.027471,0.969214,0.020552
1174528,1147,3,12.574,5921.0,0.0,0.003847,0.969314,0.030407
1175552,1148,3,12.574,5921.0,-0.0,0.001838,0.968464,0.01328
1176576,1149,3,12.574,5921.0,-0.0,0.003053,0.968308,0.020414
1177600,1150,3,12.574,5921.0,-0.0,0.002695,0.968516,0.018407
1178624,1151,3,12.574,5921.0,0.0,0.004013,0.969494,0.032493
1179648,1152,3,12.3214,5963.6,-0.0,0.014676,0.967836,0.004716
1180672,1153,3,12.3214,5963.6,-0.0,0.014469,0.969209,0.001015
1181696,1154,3,12.3214,5963.6,0.0,0.016262,0.969114,0.00336
1182720,1155,3,12.3214,5963.6,0.0,0.030648,0.969558,0.012233
1183744,1156,3,12.3214,5963.6,0.0,0.002186,0.968249,0.015077
1184768,1157,3,12.3214,5963.6,-0.0,0.003464,0.969462,0.029291
1185792,1158,3,12.3214,5963.6,0.0,0.016075,0.968816,0.003304
1186816,1159,3,12.3214,5963.6,0.0,0.015501,0.969342,0.005931
1187840,1160,3,12.3214,5963.6,-0.0,0.018462,0.969316,0.00717
1188864,1161,3,12.184,6021.0,-0.0,0.016093,0.968099,0.012583
1189888,1162,3,12.184,6021.0,-0.0,0.016444,0.968832,0.008824
1190912,1163,3,12.184,6021.0,-0.0,0.018486,0.969303,0.010211
1191936,1164,3,12.184,6021.0,-0.0,0.0163,0.969046,0.007297
1192960,1165,3,12.184,6021.0,-0.0,0.01379,0.967941,0.017125
1193984,1166,3,12.184,6021.0,-0.0,0.030443,0.969512,0.015011
1195008,1167,3,12.184,6021.0,0.0,0.01689,0.968299,0.005956
1196032,1168,3,12.184,6021.0,-0.0,0.01556,0.96877,0.002588
1197056,1169,3,12.184,6021.0,-0.0,0.026477,0.968901,0.023742
1198080,1170,3,12.184,6021.0,0.0,0.002455,0.968284,0.020353
1199104,1171,3,11.9943,6060.7,-0.0,0.001974,0.967477,0.014489
1200128,1172,3,11.9943,6060.7,0.0,0.015272,0.968123,0.008197
1201152,1173,3,11.9943,6060.7,0.0,0.016047,0.967742,0.017239
1202176,1174,3,11.9943,6060.7,0.0,0.022443,0.968018,0.012482
1203200,1175,3,11.9943,6060.7,-0.0,0.003268,0.969107,0.028198
1204224,1176,3,11.9943,6060.7,-0.0,0.001888,0.968587,0.017179
1205248,1177,3,11.9943,6060.7,0.0,0.017975,0.96903,0.008418
1206272,1178,3,11.9943,6060.7,-0.0,0.00346,0.969392,0.031195
1207296,1179,3,11.9943,6060.7,-0.0,0.01612,0.968587,0.004468
1208320,1180,3,11.9943,6060.7,-0.0,0.003026,0.969546,0.02582
1209344,1181,3,11.7975,6117.5,0.0,0.026931,0.969079,0.021654
1210368,1182,3,11.7975,6117.5,-0.0,0.002794,0.968159,0.023713
1211392,1183,3,11.7975,6117.5,0.0,0.004588,0.969668,0.037935
1212416,1184,3,11.7975,6117.5,-0.0,0.002271,0.968763,0.019942
1213440,1185,3,11.7975,6117.5,-0.0,0.029128,0.970048,0.011826
1214464,1186,3,11.7975,6117.5,-0.0,0.016148,0.969543,0.005535
1215488,1187,3,11.7975,6117.5,0.0,0.004122,0.969204,0.034873
1216512,1188,3,11.7975,6117.5,0.0,0.002787,0.969074,0.026159
1217536,1189,3,11.7975,6117.5,0.0,0.029901,0.969059,0.027823
1218560,1190,3,11.7975,6117.5,0.0,0.015185,0.969764,0.011787
1219584,1191,3,11.5827,6162.3,-0.0,0.031204,0.969413,0.024564
1220608,1192,3,11.5827,6162.3,0.0,0.031345,0.968599,0.031177
1221632,1193,3,11.5827,6162.3,0.0,0.029932,0.969279,0.0184
1222656,1194,3,11.5827,6162.3,0.0,0.027554,0.969581,0.021658
1223680,1195,3,11.5827,6162.3,0.0,0.016435,0.968359,0.005159
1224704,1196,3,11.5827,6162.3,0.0,0.017793,0.969059,0.005371
1225728,1197,3,11.5827,6162.3,0.0,0.028341,0.969496,0.022121
1226752,1198,3,11.5827,6162.3,-0.0,0.01408,0.968473,0.005646
1227776,1199,3,11.5827,6162.3,-0.0,0.003036,0.969125,0.027651
1228800,1200,3,11.4448,6210.2,-0.0,0.018003,0.968795,0.004208
1229824,1201,3,11.4448,6210.2,0.0,0.016097,0.96961,0.008075
1230848,1202,3,11.4448,6210.2,-0.0,0.004564,0.969717,0.041658
1231872,1203,3,11.4448,6210.2,-0.0,0.003072,0.968979,0.030058
1232896,1204,3,11.4448,6210.2,-0.0,0.002184,0.968288,0.017873
1233920,1205,3,11.4448,6210.2,0.0,0.01555,0.968638,0.003929
1234944,1206,3,11.4448,6210.2,0.0,0.018118,0.968181,0.009182
1235968,1207,3,11.4448,6210.2,-0.0,0.00143,0.968077,0.010476
1236992,1208,3,11.4448,6210.2,0.0,0.013841,0.967874,0.016833
1238016,1209,3,11.4448,6210.2,0.0,0.02851,0.968287,0.036041
1239040,1210,3,11.2341,6251.0,-0.0,0.009659,0.969001,0.008162
1240064,1211,3,11.2341,6251.0,0.0,0.016489,0.96968,0.007338
1241088,1212,3,11.2341,6251.0,0.0,0.015347,0.969307,0.004896
1242112,1213,3,11.2341,6251.0,0.0,0.014612,0.969368,0.009398
1243136,1214,3,11.2341,6251.0,-0.0,0.014527,0.968255,0.003257
1244160,1215,3,11.2341,6251.0,-0.0,0.017669,0.969739,0.006407
1245184,1216,3,11.2341,6251.0,-0.0,0.016641,0.968875,0.003671
1246208,1217,3,11.2341,6251.0,-0.0,0.031652,0.970821,0.005753
1247232,1218,3,11.2341,6251.0,-0.0,0.00265,0.96893,0.024351
1248256,1219,3,11.2341,6251.0,-0.0,0.002082,0.968385,0.020058
1249280,1220,3,11.0486,6286.4,0.0,0.029795,0.968377,0.028365
1250304,1221,3,11.0486,6286.4,0.0,0.028022,0.968456,0.029336
1251328,1222,3,11.0486,6286.4,0.0,0.015493,0.969349,0.010966
1252352,1223,3,11.0486,6286.4,-0.0,0.002164,0.968158,0.016372
1253376,1224,3,11.0486,6286.4,0.0,0.001254,0.96764,0.007233
1254400,1225,3,11.0486,6286.4,0.0,0.003653,0.970084,0.036713
1255424,1226,3,11.0486,6286.4,0.0,0.029324,0.96888,0.026787
1256448,1227,3,11.0486,6286.4,-0.0,0.002409,0.968822,0.024026
1257472,1228,3,11.0486,6286.4,-0.0,0.026331,0.968772,0.029472
1258496,1229,3,11.0486,6286.4,-0.0,0.01601,0.96961,0.005575
1259520,1230,3,10.9356,6349.4,0.0,0.029954,0.968752,0.026528
1260544,1231,3,10.9356,6349.4,-0.0,0.002806,0.96915,0.026672
1261568,1232,3,10.9356,6349.4,0.0,0.002784,0.968912,0.027281
1262592,1233,3,10.9356,6349.4,0.0,0.015132,0.968927,0.008203
1263616,1234,3,10.9356,6349.4,-0.0,0.002543,0.968291,0.021264
1264640,1235,3,10.9356,6349.4,0.0,0.014473,0.969184,0.004672
1265664,1236,3,10.9356,6349.4,0.0,0.016219,0.96842,0.009808
1266688,1237,3,10.9356,6349.4,0.0,0.015116,0.968947,0.002814
1267712,1238,3,10.9356,6349.4,0.0,0.01801,0.969195,0.005369
1268736,1239,3,10.7629,6402.1,-0.0,0.030044,0.968895,0.021064
1269760,1240,3,10.7629,6402.1,0.0,0.002565,0.968613,0.022366
1270784,1241,3,10.7629,6402.1,-0.0,0.003814,0.969784,0.038055
1271808,1242,3,10.7629,6402.1,0.0,0.030299,0.969378,0.023962
1272832,1243,3,10.7629,6402.1,-0.0,0.00152,0.968339,0.012468
1273856,1244,3,10.7629,6402.1,-0.0,0.014441,0.969197,0.003255
1274880,1245,3,10.7629,6402.1,-0.0,0.002031,0.968172,0.014365
1275904,1246,3,10.7629,6402.1,0.0,0.017353,0.969554,0.011704
1276928,1247,3,10.7629,6402.1,0.0,0.002268,0.96913,0.020896
1277952,1248,3,10.7629,6402.1,-0.0,0.00305,0.970411,0.030616
1278976,1249,3,10.5611,6443.9,0.0,0.028433,0.967191,0.047331
1280000,1250,3,10.5611,6443.9,-0.0,0.001869,0.968752,0.01713
1281024,1251,3,10.5611,6443.9,0.0,0.002464,0.968147,0.023358
1282048,1252,3,10.5611,6443.9,0.0,0.015825,0.970197,0.012112
1283072,1253,3,10.5611,6443.9,-0.0,0.032248,0.969908,0.014412
1284096,1254,3,10.5611,6443.9,0.0,0.01764,0.968863,0.004351
1285120,1255,3,10.5611,6443.9,0.0,0.004598,0.971103,0.046194
1286144,1256,3,10.5611,6443.9,0.0,0.001762,0.96837,0.016996
1287168,1257,3,10.5611,6443.9,0.0,0.013636,0.968507,0.013242
1288192,1258,3,10.5611,6443.9,0.0,0.00204,0.968666,0.018868
1289216,1259,3,10.3879,6487.2,-0.0,0.015023,0.968134,0.017988
1290240,1260,3,10.3879,6487.2,-0.0,0.015581,0.9687,0.002364
1291264,1261,3,10.3879,6487.2,-0.0,0.029192,0.968306,0.034581
1292288,1262,3,10.3879,6487.2,-0.0,0.003567,0.969962,0.034448
1293312,1263,3,10.3879,6487.2,-0.0,0.028772,0.969028,0.025567
1294336,1264,3,10.3879,6487.2,0.0,0.029326,0.969267,0.024652
1295360,1265,3,10.3879,6487.2,-0.0,0.030675,0.969656,0.015999
1296384,1266,3,10.3879,6487.2,0.0,0.001274,0.967828,0.010726
1297408,1267,3,10.3879,6487.2,-0.0,0.028542,0.968916,0.027904
1298432,1268,3,10.3879,6487.2,-0.0,0.003955,0.96956,0.037179
1299456,1269,3,10.2536,6541.4,-0.0,0.015011,0.968541,0.009999
1300480,1270,3,10.2536,6541.4,0.0,0.013723,0.968054,0.013782
1301504,1271,3,10.2536,6541.4,0.0,0.003045,0.969544,0.029035
1302528,1272,3,10.2536,6541.4,-0.0,0.01509,0.968983,0.00278
1303552,1273,3,10.2536,6541.4,-0.0,0.014326,0.968625,0.008148
1304576,1274,3,10.2536,6541.4,-0.0,0.004159,0.970311,0.039815
1305600,1275,3,10.2536,6541.4,0.0,0.014957,0.9694,0.015514
1306624,1276,3,10.2536,6541.4,0.0,0.003203,0.970127,0.032734
1307648,1277,3,10.2536,6541.4,-0.0,0.017018,0.96927,0.003694
1308672,1278,3,10.095,6590.0,0.0,0.017236,0.968747,0.007127
1309696,1279,3,10.095,6590.0,-0.0,0.029022,0.969455,0.016783
1310720,1280,3,10.095,6590.0,0.0,0.0021,0.969104,0.021717
1311744,1281,3,10.095,6590.0,0.0,0.001915,0.968342,0.017529
1312768,1282,3,10.095,6590.0,-0.0,0.013765,0.969982,0.002162
1313792,1283,3,10.095,6590.0,-0.0,0.00372,0.970171,0.038334
1314816,1284,3,10.095,6590.0,-0.0,0.014887,0.970424,0.005612
1315840,1285,3,10.095,6590.0,0.0,0.002164,0.96915,0.02054
1316864,1286,3,10.095,6590.0,0.0,0.001809,0.968764,0.015148
1317888,1287,3,10.095,6590.0,0.0,0.03114,0.969793,0.020421
1318912,1288,3,9.9196,6635.4,0.0,0.01414,0.968882,0.001924
1319936,1289,3,9.9196,6635.4,-0.0,0.030246,0.969152,0.02793
1320960,1290,3,9.9196,6635.4,0.0,0.001664,0.968329,0.013046
1321984,1291,3,9.9196,6635.4,-0.0,0.02881,0.967442,0.046242
1323008,1292,3,9.9196,6635.4,-0.0,0.027646,0.969105,0.022463
1324032,1293,3,9.9196,6635.4,-0.0,0.002513,0.969198,0.021926
1325056,1294,3,9.9196,6635.4,0.0,0.003139,0.970204,0.028219
1326080,1295,3,9.9196,6635.4,-0.0,0.030246,0.969704,0.020668
1327104,1296,3,9.9196,6635.4,-0.0,0.01542,0.969184,0.002775
1328128,1297,3,9.9196,6635.4,0.0,0.014352,0.969658,0.002855
1329152,1298,3,9.7639,6681.1,-0.0,0.02943,0.968969,0.031823
1330176,1299,3,9.7639,6681.1,0.0,0.003505,0.969802,0.035565
1331200,1300,3,9.7639,6681.1,0.0,0.003479,0.970093,0.032667
1332224,1301,3,9.7639,6681.1,-0.0,0.055407,0.970117,0.062363
1333248,1302,3,9.7639,6681.1,-0.0,0.016875,0.969848,0.003422
1334272,1303,3,9.7639,6681.1,-0.0,0.003951,0.970872,0.039488
1335296,1304,3,9.7639,6681.1,0.0,0.014976,0.96853,0.003943
1336320,1305,3,9.7639,6681.1,0.0,0.015668,0.969654,0.004652
1337344,1306,3,9.7639,6681.1,-0.0,0.013977,0.967482,0.019848
1338368,1307,3,9.7639,6681.1,-0.0,0.01655,0.968872,0.015227
1339392,1308,3,9.526,6719.0,-0.0,0.017038,0.969218,0.003774
1340416,1309,3,9.526,6719.0,-0.0,0.027991,0.969379,0.032871
1341440,1310,3,9.526,6719.0,-0.0,0.002027,0.969102,0.02418
1342464,1311,3,9.526,6719.0,-0.0,0.028723,0.969421,0.021978
1343488,1312,3,9.526,6719.0,0.0,0.013852,0.969018,0.005156
1344512,1313,3,9.526,6719.0,0.0,0.032796,0.970451,0.019104
1345536,1314,3,9.526,6719.0,-0.0,0.025892,0.969027,0.030979
1346560,1315,3,9.526,6719.0,0.0,0.001922,0.96868,0.019133
1347584,1316,3,9.526,6719.0,-0.0,0.015384,0.968819,0.003345
1348608,1317,3,9.526,6719.0,-0.0,0.003601,0.969917,0.035853
1349632,1318,3,9.3928,6772.2,0.0,0.022011,0.969249,0.009162
1350656,1319,3,9.3928,6772.2,0.0,0.017598,0.969512,0.004218
1351680,1320,3,9.3928,6772.2,0.0,0.015624,0.96946,0.004744
1352704,1321,3,9.3928,6772.2,-0.0,0.017119,0.968619,0.005721
1353728,1322,3,9.3928,6772.2,0.0,0.015013,0.968682,0.006137
1354752,1323,3,9.3928,6772.2,-0.0,0.002655,0.969125,0.02349
1355776,1324,3,9.3928,6772.2,-0.0,0.00195,0.968697,0.020066
1356800,1325,3,9.3928,6772.2,-0.0,0.003112,0.969032,0.031838
1357824,1326,3,9.3928,6772.2,-0.0,0.017218,0.970147,0.010886
1358848,1327,3,9.246,6819.0,0.0,0.028427,0.97006,0.009773
1359872,1328,3,9.246,6819.0,-0.0,0.028868,0.969928,0.017242
1360896,1329,3,9.246,6819.0,0.0,0.014796,0.969671,0.007283
1361920,1330,3,9.246,6819.0,0.0,0.014338,0.968306,0.014969
1362944,1331,3,9.246,6819.0,0.0,0.014833,0.969762,0.008479
1363968,1332,3,9.246,6819.0,0.0,0.000693,0.967495,0.005153
1364992,1333,3,9.246,6819.0,-0.0,0.015405,0.968806,0.005984
1366016,1334,3,9.246,6819.0,0.0,0.014561,0.96887,0.009489
1367040,1335,3,9.246,6819.0,-0.0,0.001614,0.968373,0.016733
1368064,1336,3,9.246,6819.0,-0.0,0.002565,0.96886,0.024889
1369088,1337,3,9.0406,6864.4,-0.0,0.045729,0.968249,0.059828
1370112,1338,3,9.0406,6864.4,0.0,0.002816,0.969232,0.028784
1371136,1339,3,9.0406,6864.4,0.0,0.013448,0.968483,0.008652
1372160,1340,3,9.0406,6864.4,0.0,0.014286,0.96781,0.009572
1373184,1341,3,9.0406,6864.4,-0.0,0.01416,0.968989,0.004839
1374208,1342,3,9.0406,6864.4,0.0,0.055827,0.96958,0.070124
1375232,1343,3,9.0406,6864.4,0.0,0.001751,0.969347,0.019622
1376256,1344,3,9.0406,6864.4,0.0,0.030763,0.969414,0.021906
1377280,1345,3,9.0406,6864.4,-0.0,0.015457,0.969643,0.004327
1378304,1346,3,9.0406,6864.4,0.0,0.015868,0.970157,0.008919
1379328,1347,3,8.9173,6917.7,0.0,0.001274,0.967808,0.011386
1380352,1348,3,8.9173,6917.7,-0.0,0.041359,0.969439,0.052211
1381376,1349,3,8.9173,6917.7,0.0,0.002825,0.969416,0.029071
1382400,1350,3,8.9173,6917.7,0.0,0.001855,0.968175,0.018706
1383424,1351,3,8.9173,6917.7,0.0,0.014401,0.968769,0.005893
1384448,1352,3,8.9173,6917.7,-0.0,0.015534,0.967794,0.013745
1385472,1353,3,8.9173,6917.7,-0.0,0.031907,0.969799,0.020765
1386496,1354,3,8.9173,6917.7,0.0,0.017387,0.969793,0.010162
1387520,1355,3,8.9173,6917.7,0.0,0.003574,0.970416,0.037467
1388544,1356,3,8.9173,6917.7,0.0,0.014065,0.968642,0.004531
1389568,1357,3,8.7868,6968.2,-0.0,0.016227,0.969296,0.006954
1390592,1358,3,8.7868,6968.2,-0.0,0.002489,0.968957,0.025156
1391616,1359,3,8.7868,6968.2,-0.0,0.028714,0.968457,0.029065
1392640,1360,3,8.7868,6968.2,-0.0,0.003364,0.969664,0.032495
1393664,1361,3,8.7868,6968.2,0.0,0.015615,0.969582,0.008671
1394688,1362,3,8.7868,6968.2,0.0,0.002321,0.968399,0.022969
1395712,1363,3,8.7868,6968.2,0.0,0.028108,0.969032,0.026374
1396736,1364,3,8.7868,6968.2,0.0,0.001627,0.96842,0.018215
1397760,1365,3,8.7868,6968.2,-0.0,0.003024,0.97019,0.033125
1398784,1366,3,8.6552,7009.8,-0.0,0.029293,0.969475,0.015453
1399808,1367,3,8.6552,7009.8,-0.0,0.002567,0.968832,0.025833
1400832,1368,3,8.6552,7009.8,0.0,0.028411,0.969017,0.022591
1401856,1369,3,8.6552,7009.8,-0.0,0.003384,0.969361,0.035102
1402880,1370,3,8.6552,7009.8,-0.0,0.029564,0.96918,0.026039
1403904,1371,3,8.6552,7009.8,-0.0,0.002242,0.96823,0.019353
1404928,1372,3,8.6552,7009.8,-0.0,0.014507,0.968099,0.004643
1405952,1373,3,8.6552,7009.8,-0.0,0.001951,0.969101,0.019022
1406976,1374,3,8.6552,7009.8,0.0,0.014528,0.968715,0.007954
1408000,1375,3,8.6552,7009.8,-0.0,0.002985,0.970277,0.03083
1409024,1376,3,8.4704,7054.6,0.0,0.029582,0.968981,0.023361
1410048,1377,3,8.4704,7054.6,0.0,0.003117,0.969723,0.032873
1411072,1378,3,8.4704,7054.6,0.0,0.002053,0.96881,0.021618
1412096,1379,3,8.4704,7054.6,-0.0,0.040704,0.96982,0.046217
1413120,1380,3,8.4704,7054.6,-0.0,0.0027,0.969323,0.024964
1414144,1381,3,8.4704,7054.6,-0.0,0.009258,0.96845,0.008066
1415168,1382,3,8.4704,7054.6,-0.0,0.001956,0.969229,0.021225
1416192,1383,3,8.4704,7054.6,0.0,0.002094,0.969426,0.021258
1417216,1384,3,8.4704,7054.6,0.0,0.002418,0.969134,0.024683
1418240,1385,3,8.4704,7054.6,0.0,0.002173,0.968812,0.02443
1419264,1386,3,8.2505,7104.5,-0.0,0.014824,0.96898,0.005594
1420288,1387,3,8.2505,7104.5,0.0,0.030058,0.969433,0.021048
1421312,1388,3,8.2505,7104.5,-0.0,0.014348,0.967728,0.016215
1422336,1389,3,8.2505,7104.5,0.0,0.014337,0.969428,0.006294
1423360,1390,3,8.2505,7104.5,-0.0,0.030467,0.969016,0.03124
1424384,1391,3,8.2505,7104.5,-0.0,0.015489,0.970232,0.007069
1425408,1392,3,8.2505,7104.5,0.0,0.015897,0.971081,0.0131
1426432,1393,3,8.2505,7104.5,0.0,0.002866,0.969826,0.031613
1427456,1394,3,8.2505,7104.5,-0.0,0.001657,0.969004,0.01697
1428480,1395,3,8.2505,7104.5,-0.0,0.017506,0.968409,0.01339
1429504,1396,3,8.1102,7154.8,0.0,0.032342,0.968074,0.04221
1430528,1397,3,8.1102,7154.8,-0.0,0.016195,0.96942,0.003276
1431552,1398,3,8.1102,7154.8,0.0,0.002223,0.969437,0.024159
1432576,1399,3,8.1102,7154.8,0.0,0.016963,0.969201,0.010695
1433600,1400,3,8.1102,7154.8,0.0,0.01381,0.968989,0.006318
1434624,1401,3,8.1102,7154.8,-0.0,0.01748,0.97044,0.012235
1435648,1402,3,8.1102,7154.8,0.0,0.014997,0.969355,0.00359
1436672,1403,3,8.1102,7154.8,-0.0,0.002977,0.970294,0.030776
1437696,1404,3,8.1102,7154.8,-0.0,0.030305,0.969631,0.020251
1438720,1405,3,7.9275,7207.5,-0.0,0.001618,0.968798,0.01577
1439744,1406,3,7.9275,7207.5,0.0,0.017294,0.969069,0.004841
1440768,1407,3,7.9275,7207.5,-0.0,0.032232,0.969118,0.029881
1441792,1408,3,7.9275,7207.5,-0.0,0.01509,0.967262,0.019757
1442816,1409,3,7.9275,7207.5,0.0,0.00243,0.969705,0.024864
1443840,1410,3,7.9275,7207.5,0.0,0.003143,0.970405,0.035703
1444864,1411,3,7.9275,7207.5,-0.0,0.03086,0.968869,0.031046
1445888,1412,3,7.9275,7207.5,-0.0,0.032462,0.969126,0.029027
1446912,1413,3,7.9275,7207.5,-0.0,0.002103,0.969364,0.020568
1447936,1414,3,7.9275,7207.5,-0.0,0.016301,0.968201,0.009255
1448960,1415,3,7.8151,7269.9,-0.0,0.0018,0.968381,0.01874
1449984,1416,3,7.8151,7269.9,-0.0,0.014834,0.969049,0.003358
1451008,1417,3,7.8151,7269.9,0.0,0.017026,0.969855,0.003878
1452032,1418,3,7.8151,7269.9,-0.0,0.028385,0.969415,0.02342
1453056,1419,3,7.8151,7269.9,-0.0,0.001544,0.968425,0.017819
1454080,1420,3,7.8151,7269.9,0.0,0.008414,0.968897,0.016612
1455104,1421,3,7.8151,7269.9,0.0,0.001068,0.968449,0.009414
1456128,1422,3,7.8151,7269.9,0.0,0.016609,0.969069,0.003765
1457152,1423,3,7.8151,7269.9,-0.0,0.028671,0.969054,0.027033
1458176,1424,3,7.8151,7269.9,-0.0,0.001382,0.968781,0.014853
1459200,1425,3,7.6297,7315.3,-0.0,0.015644,0.968706,0.005407
1460224,1426,3,7.6297,7315.3,0.0,0.014795,0.968365,0.011768
1461248,1427,3,7.6297,7315.3,0.0,0.001041,0.967847,0.009031
1462272,1428,3,7.6297,7315.3,-0.0,0.014032,0.968237,0.012332
1463296,1429,3,7.6297,7315.3,0.0,0.003055,0.970133,0.033316
1464320,1430,3,7.6297,7315.3,-0.0,0.000931,0.968242,0.009142
1465344,1431,3,7.6297,7315.3,-0.0,0.013469,0.968926,0.001951
1466368,1432,3,7.6297,7315.3,-0.0,0.002513,0.970445,0.028078
1467392,1433,3,7.6297,7315.3,0.0,0.016855,0.968979,0.004281
1468416,1434,3,7.6297,7315.3,-0.0,0.014554,0.968937,0.003731
1469440,1435,3,7.4177,7367.3,-0.0,0.013976,0.968162,0.010275
1470464,1436,3,7.4177,7367.3,0.0,0.002596,0.969419,0.02651
1471488,1437,3,7.4177,7367.3,-0.0,0.016828,0.969651,0.003388
1472512,1438,3,7.4177,7367.3,0.0,0.015354,0.968673,0.008076
1473536,1439,3,7.4177,7367.3,-0.0,0.029809,0.968425,0.027141
1474560,1440,3,7.4177,7367.3,-0.0,0.022593,0.969261,0.007178
1475584,1441,3,7.4177,7367.3,-0.0,0.015679,0.969329,0.003789
1476608,1442,3,7.4177,7367.3,-0.0,0.001764,0.968542,0.020018
1477632,1443,3,7.4177,7367.3,-0.0,0.015004,0.96802,0.014055
1478656,1444,3,7.242,7413.0,0.0,0.015908,0.970622,0.014781
1479680,1445,3,7.242,7413.0,-0.0,0.014613,0.968381,0.006148
1480704,1446,3,7.242,7413.0,-0.0,0.015444,0.968435,0.012086
1481728,1447,3,7.242,7413.0,0.0,0.014477,0.968866,0.004018
1482752,1448,3,7.242,7413.0,-0.0,0.029577,0.969025,0.028785
1483776,1449,3,7.242,7413.0,0.0,0.001053,0.968404,0.013106
1484800,1450,3,7.242,7413.0,-0.0,0.016125,0.969624,0.003144
1485824,1451,3,7.242,7413.0,-0.0,0.015775,0.969412,0.002938
1486848,1452,3,7.242,7413.0,0.0,0.015814,0.969321,0.003236
1487872,1453,3,7.242,7413.0,-0.0,0.014872,0.969466,0.00132
1488896,1454,3,7.1018,7463.2,-0.0,0.016103,0.970021,0.00936
1489920,1455,3,7.1018,7463.2,0.0,0.015105,0.970297,0.004689
1490944,1456,3,7.1018,7463.2,-0.0,0.029433,0.968839,0.027181
1491968,1457,3,7.1018,7463.2,-0.0,0.001739,0.968496,0.020973
1492992,1458,3,7.1018,7463.2,0.0,0.00305,0.970274,0.033876
1494016,1459,3,7.1018,7463.2,0.0,0.014568,0.96801,0.017012
1495040,1460,3,7.1018,7463.2,0.0,0.002067,0.969226,0.024576
1496064,1461,3,7.1018,7463.2,0.0,0.001887,0.969538,0.019472
1497088,1462,3,7.1018,7463.2,-0.0,0.003106,0.968376,0.017464
1498112,1463,3,7.1018,7463.2,0.0,0.016177,0.969998,0.013575
1499136,1464,3,6.941,7524.0,-0.0,0.02964,0.969516,0.028634
1500160,1465,3,6.941,7524.0,-0.0,0.028202,0.969541,0.019822
1501184,1466,3,6.941,7524.0,0.0,0.001622,0.968952,0.016324
1502208,1467,3,6.941,7524.0,0.0,0.001315,0.968167,0.01595
1503232,1468,3,6.941,7524.0,-0.0,0.002152,0.968973,0.024707
1504256,1469,3,6.941,7524.0,0.0,0.002161,0.969478,0.025802
1505280,1470,3,6.941,7524.0,0.0,0.001528,0.968343,0.016029
1506304,1471,3,6.941,7524.0,0.0,0.026476,0.969571,0.009654
1507328,1472,3,6.941,7524.0,-0.0,0.016363,0.969208,0.002926
1508352,1473,3,6.941,7524.0,-0.0,0.001589,0.968204,0.016027
1509376,1474,3,6.7943,7580.7,-0.0,0.015443,0.967432,0.015705
1510400,1475,3,6.7943,7580.7,0.0,0.043332,0.969068,0.049188
1511424,1476,3,6.7943,7580.7,0.0,0.002282,0.969704,0.026067
1512448,1477,3,6.7943,7580.7,-0.0,0.015379,0.969031,0.007548
1513472,1478,3,6.7943,7580.7,0.0,0.002655,0.969874,0.027305
1514496,1479,3,6.7943,7580.7,-0.0,0.016649,0.969683,0.004034
1515520,1480,3,6.7943,7580.7,-0.0,0.016241,0.968209,0.013349
1516544,1481,3,6.7943,7580.7,0.0,0.016971,0.967995,0.013707
1517568,1482,3,6.7943,7580.7,-0.0,0.01484,0.970143,0.002492
1518592,1483,3,6.7943,7580.7,0.0,0.002331,0.969212,0.02574
1519616,1484,3,6.6805,7624.5,-0.0,0.029461,0.968331,0.035244
1520640,1485,3,6.6805,7624.5,-0.0,0.00339,0.970566,0.036958
1521664,1486,3,6.6805,7624.5,-0.0,0.01426,0.969645,0.003853
1522688,1487,3,6.6805,7624.5,0.0,0.013984,0.969745,0.011892
1523712,1488,3,6.6805,7624.5,0.0,0.015259,0.969915,0.004997
1524736,1489,3,6.6805,7624.5,0.0,0.014156,0.969361,0.002404
1525760,1490,3,6.6805,7624.5,-0.0,0.00217,0.970003,0.024641
1526784,1491,3,6.6805,7624.5,-0.0,0.016385,0.969088,0.008156
1527808,1492,3,6.6805,7624.5,-0.0,0.014873,0.968255,0.010605
1528832,1493,3,6.4554,7659.6,0.0,0.015287,0.969063,0.007752
1529856,1494,3,6.4554,7659.6,0.0,0.031613,0.968163,0.036315
1530880,1495,3,6.4554,7659.6,0.0,0.016635,0.968983,0.007255
1531904,1496,3,6.4554,7659.6,-0.0,0.001827,0.969231,0.020207
1532928,1497,3,6.4554,7659.6,0.0,0.001273,0.968167,0.013644
1533952,1498,3,6.4554,7659.6,0.0,0.015136,0.967858,0.020468
1534976,1499,3,6.4554,7659.6,0.0,0.001641,0.968929,0.019593
1536000,1500,3,6.4554,7659.6,-0.0,0.014606,0.969249,0.006802
1537024,1501,3,6.4554,7659.6,-0.0,0.039289,0.96993,0.034635
1538048,1502,3,6.4554,7659.6,0.0,0.016216,0.969593,0.003935
1539072,1503,3,6.2954,7709.6,-0.0,0.015487,0.96935,0.005451
1540096,1504,3,6.2954,7709.6,-0.0,0.014759,0.969336,0.003808
1541120,1505,3,6.2954,7709.6,0.0,0.00259,0.970221,0.031671
1542144,1506,3,6.2954,7709.6,-0.0,0.015747,0.968025,0.012857
1543168,1507,3,6.2954,7709.6,0.0,0.002244,0.969764,0.029451
1544192,1508,3,6.2954,7709.6,-0.0,0.015342,0.968511,0.009331
1545216,1509,3,6.2954,7709.6,-0.0,0.016857,0.968558,0.005746
1546240,1510,3,6.2954,7709.6,0.0,0.002806,0.970855,0.032319
1547264,1511,3,6.2954,7709.6,0.0,0.015283,0.970395,0.009668
1548288,1512,3,6.2954,7709.6,0.0,0.001078,0.967813,0.010637
1549312,1513,3,6.0975,7767.5,-0.0,0.016361,0.970204,0.004756
1550336,1514,3,6.0975,7767.5,0.0,0.014684,0.968306,0.008799
1551360,1515,3,6.0975,7767.5,0.0,0.015182,0.969959,0.002694
1552384,1516,3,6.0975,7767.5,-0.0,0.017113,0.9703,0.004
1553408,1517,3,6.0975,7767.5,0.0,0.016186,0.969433,0.00415
1554432,1518,3,6.0975,7767.5,-0.0,0.001361,0.968561,0.013728
1555456,1519,3,6.0975,7767.5,0.0,0.002241,0.970038,0.026904
1556480,1520,3,6.0975,7767.5,-0.0,0.015149,0.968433,0.013697
1557504,1521,3,6.0975,7767.5,-0.0,0.002434,0.969778,0.027482
1558528,1522,3,6.0975,7767.5,0.0,0.001829,0.969113,0.023325
1559552,1523,3,5.9016,7823.4,0.0,0.046326,0.969547,0.050418
1560576,1524,3,5.9016,7823.4,-0.0,0.015595,0.969369,0.003235
1561600,1525,3,5.9016,7823.4,0.0,0.001174,0.968049,0.011301
1562624,1526,3,5.9016,7823.4,0.0,0.002362,0.969925,0.025555
1563648,1527,3,5.9016,7823.4,-0.0,0.001557,0.968502,0.018284
1564672,1528,3,5.9016,7823.4,-0.0,0.014876,0.968464,0.010948
1565696,1529,3,5.9016,7823.4,-0.0,0.014561,0.968334,0.009319
1566720,1530,3,5.9016,7823.4,-0.0,0.015971,0.969171,0.002849
1567744,1531,3,5.9016,7823.4,-0.0,0.002183,0.970043,0.026012
1568768,1532,3,5.6907,7874.3,-0.0,0.02772,0.968566,0.02423
1569792,1533,3,5.6907,7874.3,0.0,0.014027,0.968376,0.008686
1570816,1534,3,5.6907,7874.3,-0.0,0.001224,0.968204,0.013516
1571840,1535,3,5.6907,7874.3,0.0,0.001488,0.968547,0.015765
1572864,1536,3,5.6907,7874.3,0.0,0.001114,0.968292,0.011169
1573888,1537,3,5.6907,7874.3,-0.0,0.015796,0.971005,0.008383
1574912,1538,3,5.6907,7874.3,-0.0,0.00156,0.968673,0.017565
1575936,1539,3,5.6907,7874.3,-0.0,0.015623,0.969476,0.005975
1576960,1540,3,5.6907,7874.3,-0.0,0.001546,0.968307,0.016549
1577984,1541,3,5.6907,7874.3,-0.0,0.002074,0.970815,0.027364
1579008,1542,3,5.5272,7937.8,0.0,0.014664,0.968415,0.018588
1580032,1543,3,5.5272,7937.8,-0.0,0.001737,0.969074,0.020494
1581056,1544,3,5.5272,7937.8,-0.0,0.001493,0.969379,0.016936
1582080,1545,3,5.5272,7937.8,0.0,0.001661,0.969533,0.020803
1583104,1546,3,5.5272,7937.8,-0.0,0.00213,0.970489,0.025463
1584128,1547,3,5.5272,7937.8,-0.0,0.001149,0.968866,0.010418
1585152,1548,3,5.5272,7937.8,-0.0,0.0162,0.969029,0.018012
1586176,1549,3,5.5272,7937.8,-0.0,0.001351,0.968723,0.013104
1587200,1550,3,5.5272,7937.8,-0.0,0.027401,0.968926,0.038472
1588224,1551,3,5.5272,7937.8,-0.0,0.013606,0.968114,0.015606
1589248,1552,3,5.2918,7983.2,-0.0,0.015462,0.969284,0.012609
1590272,1553,3,5.2918,7983.2,0.0,0.014725,0.968464,0.011096
1591296,1554,3,5.2918,7983.2,-0.0,0.015099,0.967922,0.016776
1592320,1555,3,5.2918,7983.2,0.0,0.016121,0.967933,0.016456
1593344,1556,3,5.2918,7983.2,0.0,0.001103,0.968381,0.011599
1594368,1557,3,5.2918,7983.2,-0.0,0.00832,0.968816,0.012291
1595392,1558,3,5.2918,7983.2,0.0,0.015548,0.969595,0.004844
1596416,1559,3,5.2918,7983.2,-0.0,0.015458,0.968815,0.004832
1597440,1560,3,5.2918,7983.2,-0.0,0.014631,0.969506,0.00427
1598464,1561,3,5.2918,7983.2,-0.0,0.001057,0.968737,0.012316
1599488,1562,3,5.1629,8032.2,-0.0,0.016646,0.96964,0.005139
1600512,1563,3,5.1629,8032.2,0.0,0.015824,0.969155,0.007192
1601536,1564,3,5.1629,8032.2,0.0,0.001327,0.968589,0.012142
1602560,1565,3,5.1629,8032.2,0.0,0.027855,0.969184,0.024209
1603584,1566,3,5.1629,8032.2,0.0,0.031751,0.96817,0.035172
1604608,1567,3,5.1629,8032.2,-0.0,0.015446,0.969485,0.008827
1605632,1568,3,5.1629,8032.2,0.0,0.016802,0.969405,0.003265
1606656,1569,3,5.1629,8032.2,0.0,0.00128,0.968845,0.014719
1607680,1570,3,5.1629,8032.2,-0.0,0.016204,0.968526,0.010916
1608704,1571,3,5.0122,8082.8,-0.0,0.028117,0.968681,0.031987
1609728,1572,3,5.0122,8082.8,-0.0,0.016434,0.970435,0.009347
1610752,1573,3,5.0122,8082.8,-0.0,0.045914,0.969237,0.054882
1611776,1574,3,5.0122,8082.8,-0.0,0.042173,0.969287,0.04726
1612800,1575,3,5.0122,8082.8,0.0,0.001821,0.969441,0.024151
1613824,1576,3,5.0122,8082.8,-0.0,0.013713,0.968293,0.003409
1614848,1577,3,5.0122,8082.8,0.0,0.014624,0.968374,0.008903
1615872,1578,3,5.0122,8082.8,0.0,0.027938,0.968098,0.036314
1616896,1579,3,5.0122,8082.8,0.0,0.0275,0.969156,0.026829
1617920,1580,3,5.0122,8082.8,-0.0,0.015417,0.968739,0.003226
1618944,1581,3,4.9183,8136.7,0.0,0.014827,0.9684,0.010955
1619968,1582,3,4.9183,8136.7,-0.0,0.013644,0.968722,0.001111
1620992,1583,3,4.9183,8136.7,-0.0,0.014228,0.968297,0.013519
1622016,1584,3,4.9183,8136.7,0.0,0.001951,0.969342,0.02364
1623040,1585,3,4.9183,8136.7,0.0,0.015065,0.968595,0.006591
1624064,1586,3,4.9183,8136.7,0.0,0.01493,0.967638,0.010589
1625088,1587,3,4.9183,8136.7,0.0,0.001108,0.968496,0.014806
1626112,1588,3,4.9183,8136.7,0.0,0.016192,0.96901,0.006612
1627136,1589,3,4.9183,8136.7,-0.0,0.002165,0.970586,0.028868
1628160,1590,3,4.9183,8136.7,-0.0,0.027883,0.968068,0.032105
1629184,1591,3,4.7881,8186.9,0.0,0.015581,0.967732,0.011602
1630208,1592,3,4.7881,8186.9,0.0,0.016135,0.968471,0.004231
1631232,1593,3,4.7881,8186.9,0.0,0.003016,0.970135,0.032679
1632256,1594,3,4.7881,8186.9,-0.0,0.001635,0.96933,0.022654
1633280,1595,3,4.7881,8186.9,0.0,0.044324,0.968982,0.047434
1634304,1596,3,4.7881,8186.9,0.0,0.015363,0.969815,0.005406
1635328,1597,3,4.7881,8186.9,0.0,0.001432,0.968597,0.018791
1636352,1598,3,4.7881,8186.9,0.0,0.00306,0.969557,0.035212
1637376,1599,3,4.7881,8186.9,-0.0,0.029232,0.969738,0.015257
1638400,1600,3,4.7881,8186.9,0.0,0.016747,0.969613,0.004718
1639424,1601,3,4.5999,8235.1,0.0,0.015985,0.968106,0.009118
1640448,1602,3,4.5999,8235.1,0.0,0.01621,0.968933,0.003144
1641472,1603,3,4.5999,8235.1,-0.0,0.001716,0.96885,0.020149
1642496,1604,3,4.5999,8235.1,-0.0,0.001085,0.967802,0.014935
1643520,1605,3,4.5999,8235.1,0.0,0.044258,0.969125,0.042251
1644544,1606,3,4.5999,8235.1,-0.0,0.015003,0.968385,0.00244
1645568,1607,3,4.5999,8235.1,0.0,0.029825,0.968802,0.027153
1646592,1608,3,4.5999,8235.1,-0.0,0.014921,0.967789,0.013017
1647616,1609,3,4.5999,8235.1,-0.0,0.013953,0.967808,0.010035
1648640,1610,3,4.5999,8235.1,-0.0,0.015593,0.968369,0.003321
1649664,1611,3,4.4988,8286.2,-0.0,0.026579,0.968185,0.019765
1650688,1612,3,4.4988,8286.2,0.0,0.015216,0.969428,0.002568
1651712,1613,3,4.4988,8286.2,-0.0,0.014927,0.969106,0.003079
1652736,1614,3,4.4988,8286.2,-0.0,0.00254,0.968617,0.030318
1653760,1615,3,4.4988,8286.2,0.0,0.001805,0.969232,0.024256
1654784,1616,3,4.4988,8286.2,0.0,0.015327,0.967968,0.006492
1655808,1617,3,4.4988,8286.2,0.0,0.014354,0.969691,0.003742
1656832,1618,3,4.4988,8286.2,0.0,0.001527,0.969059,0.021666
1657856,1619,3,4.4988,8286.2,-0.0,0.029446,0.969375,0.010935
1658880,1620,3,4.3543,8330.7,-0.0,0.001595,0.96869,0.021151
1659904,1621,3,4.3543,8330.7,0.0,0.015379,0.969858,0.004776
1660928,1622,3,4.3543,8330.7,-0.0,0.003307,0.970358,0.036844
1661952,1623,3,4.3543,8330.7,-0.0,0.015194,0.969615,0.005486
1662976,1624,3,4.3543,8330.7,-0.0,0.02894,0.969143,0.021734
1664000,1625,3,4.3543,8330.7,-0.0,0.029123,0.968793,0.018537
1665024,1626,3,4.3543,8330.7,-0.0,0.00149,0.968888,0.021329
1666048,1627,3,4.3543,8330.7,-0.0,0.015506,0.968327,0.005918
1667072,1628,3,4.3543,8330.7,0.0,0.015831,0.968443,0.006616
1668096,1629,3,4.3543,8330.7,0.0,0.000811,0.967579,0.012551
1669120,1630,3,4.178,8367.0,-0.0,0.028552,0.969426,0.026921
1670144,1631,3,4.178,8367.0,0.0,0.015327,0.969409,0.004017
1671168,1632,3,4.178,8367.0,-0.0,0.014081,0.96866,0.003087
1672192,1633,3,4.178,8367.0,-0.0,0.01625,0.969982,0.005173
1673216,1634,3,4.178,8367.0,0.0,0.00272,0.97012,0.032174
1674240,1635,3,4.178,8367.0,-0.0,0.014218,0.968549,0.011418
1675264,1636,3,4.178,8367.0,0.0,0.009395,0.968804,0.013004
1676288,1637,3,4.178,8367.0,0.0,0.014561,0.967342,0.015622
1677312,1638,3,4.178,8367.0,0.0,0.000911,0.967862,0.014415
1678336,1639,3,4.178,8367.0,0.0,0.002031,0.969035,0.026931
1679360,1640,3,3.9596,8415.4,0.0,0.044029,0.969137,0.04309
1680384,1641,3,3.9596,8415.4,0.0,0.014964,0.969329,0.004232
1681408,1642,3,3.9596,8415.4,-0.0,0.002638,0.969656,0.031812
1682432,1643,3,3.9596,8415.4,-0.0,0.014842,0.969889,0.007036
1683456,1644,3,3.9596,8415.4,0.0,0.015337,0.968786,0.005136
1684480,1645,3,3.9596,8415.4,0.0,0.015222,0.969951,0.009463
1685504,1646,3,3.9596,8415.4,-0.0,0.014807,0.969696,0.005837
1686528,1647,3,3.9596,8415.4,-0.0,0.01489,0.969923,0.004574
1687552,1648,3,3.9596,8415.4,-0.0,0.001678,0.968462,0.021846
1688576,1649,3,3.9596,8415.4,0.0,0.015815,0.968379,0.003456
1689600,1650,3,3.8039,8471.1,-0.0,0.014697,0.969376,0.002478
1690624,1651,3,3.8039,8471.1,-0.0,0.001869,0.968635,0.023213
1691648,1652,3,3.8039,8471.1,-0.0,0.025091,0.968709,0.010875
1692672,1653,3,3.8039,8471.1,-0.0,0.017033,0.968467,0.002915
1693696,1654,3,3.8039,8471.1,-0.0,0.0139,0.968251,0.008289
1694720,1655,3,3.8039,8471.1,0.0,0.001688,0.968882,0.022428
1695744,1656,3,3.8039,8471.1,0.0,0.015094,0.969033,0.003686
1696768,1657,3,3.8039,8471.1,-0.0,0.002027,0.969357,0.025929
1697792,1658,3,3.8039,8471.1,0.0,0.014527,0.968303,0.009237
1698816,1659,3,3.6545,8520.5,0.0,0.001553,0.969556,0.02015
1699840,1660,3,3.6545,8520.5,-0.0,0.027821,0.968637,0.034852
1700864,1661,3,3.6545,8520.5,-0.0,0.015152,0.968931,0.004449
1701888,1662,3,3.6545,8520.5,-0.0,0.014891,0.969342,0.002522
1702912,1663,3,3.6545,8520.5,0.0,0.002209,0.969798,0.026674
1703936,1664,3,3.6545,8520.5,0.0,0.015427,0.968407,0.00605
1704960,1665,3,3.6545,8520.5,0.0,0.001047,0.967854,0.014342
1705984,1666,3,3.6545,8520.5,0.0,0.002052,0.970067,0.027259
1707008,1667,3,3.6545,8520.5,0.0,0.014595,0.968498,0.007401
1708032,1668,3,3.6545,8520.5,0.0,0.015664,0.969658,0.00339
1709056,1669,3,3.4716,8573.4,-0.0,0.014991,0.969268,0.002685
1710080,1670,3,3.4716,8573.4,0.0,0.014641,0.96942,0.002467
1711104,1671,3,3.4716,8573.4,-0.0,0.015223,0.96847,0.00743
1712128,1672,3,3.4716,8573.4,0.0,0.015516,0.969617,0.006435
1713152,1673,3,3.4716,8573.4,0.0,0.015178,0.967417,0.015846
1714176,1674,3,3.4716,8573.4,0.0,0.001325,0.968792,0.018026
1715200,1675,3,3.4716,8573.4,0.0,0.016146,0.967828,0.013948
1716224,1676,3,3.4716,8573.4,0.0,0.001928,0.96892,0.024844
1717248,1677,3,3.4716,8573.4,0.0,0.03019,0.968676,0.031276
1718272,1678,3,3.4716,8573.4,-0.0,0.030263,0.969076,0.031895
1719296,1679,3,3.3047,8620.4,0.0,0.028118,0.969505,0.020678
1720320,1680,3,3.3047,8620.4,0.0,0.001379,0.96944,0.01871
1721344,1681,3,3.3047,8620.4,-0.0,0.029081,0.968604,0.033568
1722368,1682,3,3.3047,8620.4,-0.0,0.015958,0.970137,0.003038
1723392,1683,3,3.3047,8620.4,0.0,0.001328,0.969148,0.017538
1724416,1684,3,3.3047,8620.4,0.0,0.015113,0.970181,0.005268
1725440,1685,3,3.3047,8620.4,0.0,0.001933,0.969975,0.025767
1726464,1686,3,3.3047,8620.4,0.0,0.014342,0.968643,0.008601
1727488,1687,3,3.3047,8620.4,-0.0,0.011605,0.970779,0.026484
1728512,1688,3,3.3047,8620.4,-0.0,0.015591,0.969175,0.006521
1729536,1689,3,3.1725,8672.5,-0.0,0.013008,0.968788,0.008397
1730560,1690,3,3.1725,8672.5,0.0,0.001554,0.969267,0.021079
1731584,1691,3,3.1725,8672.5,-0.0,0.015446,0.970209,0.005504
1732608,1692,3,3.1725,8672.5,-0.0,0.027672,0.969348,0.011553
1733632,1693,3,3.1725,8672.5,-0.0,0.014827,0.969565,0.00406
1734656,1694,3,3.1725,8672.5,-0.0,0.028708,0.96947,0.024163
1735680,1695,3,3.1725,8672.5,0.0,0.014466,0.968504,0.007388
1736704,1696,3,3.1725,8672.5,0.0,0.045659,0.969571,0.051595
1737728,1697,3,3.1725,8672.5,-0.0,0.01627,0.969008,0.003822
1738752,1698,3,3.089,8716.0,-0.0,0.015052,0.968225,0.009405
1739776,1699,3,3.089,8716.0,0.0,0.041743,0.969162,0.043572
1740800,1700,3,3.089,8716.0,0.0,0.001783,0.969069,0.022504
1741824,1701,3,3.089,8716.0,0.0,0.013476,0.967976,0.010297
1742848,1702,3,3.089,8716.0,0.0,0.001118,0.968372,0.017153
1743872,1703,3,3.089,8716.0,-0.0,0.00194,0.969555,0.025992
1744896,1704,3,3.089,8716.0,-0.0,0.001729,0.968754,0.023696
1745920,1705,3,3.089,8716.0,0.0,0.01581,0.969118,0.002676
1746944,1706,3,3.089,8716.0,0.0,0.027525,0.969275,0.019442
1747968,1707,3,3.089,8716.0,-0.0,0.015707,0.970251,0.012087
1748992,1708,3,2.8427,8762.3,0.0,0.0155,0.969036,0.004029
1750016,1709,3,2.8427,8762.3,0.0,0.002074,0.96958,0.026664
1751040,1710,3,2.8427,8762.3,0.0,0.01562,0.969922,0.00531
1752064,1711,3,2.8427,8762.3,-0.0,0.001197,0.968408,0.018733
1753088,1712,3,2.8427,8762.3,-0.0,0.015868,0.970497,0.006998
1754112,1713,3,2.8427,8762.3,-0.0,0.014222,0.968799,0.006556
1755136,1714,3,2.8427,8762.3,-0.0,0.001541,0.969272,0.021348
1756160,1715,3,2.8427,8762.3,0.0,0.014766,0.968818,0.00282
1757184,1716,3,2.8427,8762.3,0.0,0.014689,0.967796,0.015028
1758208,1717,3,2.8427,8762.3,0.0,0.015756,0.970735,0.005678
1759232,1718,3,2.6691,8816.0,-0.0,0.02464,0.968832,0.017695
1760256,1719,3,2.6691,8816.0,0.0,0.016019,0.969476,0.004103
1761280,1720,3,2.6691,8816.0,-0.0,0.017223,0.970836,0.009929
1762304,1721,3,2.6691,8816.0,-0.0,0.017127,0.969936,0.014653
1763328,1722,3,2.6691,8816.0,0.0,0.015309,0.968587,0.009478
1764352,1723,3,2.6691,8816.0,-0.0,0.022914,0.969899,0.0061
1765376,1724,3,2.6691,8816.0,-0.0,0.015262,0.968898,0.001939
1766400,1725,3,2.6691,8816.0,0.0,0.027969,0.969391,0.017491
1767424,1726,3,2.6691,8816.0,0.0,0.01514,0.969844,0.003504
1768448,1727,3,2.6691,8816.0,-0.0,0.001992,0.968948,0.024201
1769472,1728,3,2.5048,8860.2,-0.0,0.015608,0.968851,0.006829
1770496,1729,3,2.5048,8860.2,-0.0,0.028947,0.969142,0.02536
1771520,1730,3,2.5048,8860.2,-0.0,0.001472,0.968816,0.020971
1772544,1731,3,2.5048,8860.2,0.0,0.001146,0.9692,0.017315
1773568,1732,3,2.5048,8860.2,-0.0,0.01429,0.969116,0.004516
1774592,1733,3,2.5048,8860.2,0.0,0.001325,0.969146,0.018388
1775616,1734,3,2.5048,8860.2,-0.0,0.016008,0.968259,0.01016
1776640,1735,3,2.5048,8860.2,-0.0,0.029592,0.968915,0.026911
1777664,1736,3,2.5048,8860.2,0.0,0.002042,0.969906,0.026089
1778688,1737,3,2.3523,8912.7,0.0,0.001378,0.969262,0.018901
1779712,1738,3,2.3523,8912.7,-0.0,0.020171,0.969345,0.010293
1780736,1739,3,2.3523,8912.7,-0.0,0.015263,0.969246,0.008721
1781760,1740,3,2.3523,8912.7,-0.0,0.028624,0.968284,0.03028
1782784,1741,3,2.3523,8912.7,-0.0,0.001264,0.968338,0.016151
1783808,1742,3,2.3523,8912.7,0.0,0.004717,0.968332,0.012568
1784832,1743,3,2.3523,8912.7,-0.0,0.029274,0.96964,0.023113
1785856,1744,3,2.3523,8912.7,-0.0,0.001301,0.968769,0.018426
1786880,1745,3,2.3523,8912.7,-0.0,0.000427,0.967375,0.008674
1787904,1746,3,2.3523,8912.7,0.0,0.0009,0.968482,0.013903
1788928,1747,3,2.1742,8970.8,-0.0,0.014181,0.968629,0.004494
1789952,1748,3,2.1742,8970.8,0.0,0.029261,0.96974,0.022771
1790976,1749,3,2.1742,8970.8,0.0,0.02847,0.968635,0.028057
1792000,1750,3,2.1742,8970.8,0.0,0.016025,0.969546,0.004931
1793024,1751,3,2.1742,8970.8,0.0,0.029697,0.969845,0.020817
1794048,1752,3,2.1742,8970.8,-0.0,0.001623,0.96884,0.021647
1795072,1753,3,2.1742,8970.8,0.0,0.001057,0.968072,0.01534
1796096,1754,3,2.1742,8970.8,-0.0,0.04204,0.969462,0.048235
1797120,1755,3,2.1742,8970.8,0.0,0.014273,0.968997,0.006253
1798144,1756,3,2.1742,8970.8,0.0,0.001456,0.969225,0.021711
1799168,1757,3,2.0342,9030.8,-0.0,0.000674,0.968101,0.010492
1800192,1758,3,2.0342,9030.8,-0.0,0.029108,0.968118,0.025823
1801216,1759,3,2.0342,9030.8,-0.0,0.015561,0.969404,0.002665
1802240,1760,3,2.0342,9030.8,0.0,0.028273,0.969262,0.023194
1803264,1761,3,2.0342,9030.8,0.0,0.015027,0.969274,0.003825
1804288,1762,3,2.0342,9030.8,0.0,0.016857,0.96972,0.003553
1805312,1763,3,2.0342,9030.8,0.0,0.000907,0.968118,0.01414
1806336,1764,3,2.0342,9030.8,-0.0,0.002887,0.970133,0.035963
1807360,1765,3,2.0342,9030.8,0.0,0.015682,0.969434,0.003117
1808384,1766,3,2.0342,9030.8,0.0,0.015391,0.969101,0.002062
1809408,1767,3,1.8304,9084.6,0.0,0.000712,0.967605,0.011929
1810432,1768,3,1.8304,9084.6,-0.0,0.014934,0.969057,0.006697
1811456,1769,3,1.8304,9084.6,-0.0,0.015584,0.969653,0.003584
1812480,1770,3,1.8304,9084.6,-0.0,0.001309,0.968022,0.019047
1813504,1771,3,1.8304,9084.6,-0.0,0.016334,0.970425,0.00895
1814528,1772,3,1.8304,9084.6,0.0,0.015493,0.968053,0.007553
1815552,1773,3,1.8304,9084.6,-0.0,0.015294,0.969204,0.003143
1816576,1774,3,1.8304,9084.6,0.0,0.013863,0.968665,0.005933
1817600,1775,3,1.8304,9084.6,-0.0,0.015567,0.969564,0.002636
1818624,1776,3,1.8304,9084.6,0.0,0.016827,0.969626,0.003777
1819648,1777,3,1.6526,9132.4,-0.0,0.000466,0.967166,0.010116
1820672,1778,3,1.6526,9132.4,0.0,0.029443,0.96921,0.027197
1821696,1779,3,1.6526,9132.4,0.0,0.001906,0.969035,0.025195
1822720,1780,3,1.6526,9132.4,0.0,0.028068,0.969023,0.023945
1823744,1781,3,1.6526,9132.4,0.0,0.016209,0.971202,0.011549
1824768,1782,3,1.6526,9132.4,-0.0,0.001853,0.969658,0.025616
1825792,1783,3,1.6526,9132.4,-0.0,0.016888,0.967002,0.016504
1826816,1784,3,1.6526,9132.4,0.0,0.002104,0.970186,0.027627
1827840,1785,3,1.6526,9132.4,-0.0,0.001383,0.969026,0.018541
1828864,1786,3,1.483,9182.0,0.0,0.014411,0.968892,0.006489
1829888,1787,3,1.483,9182.0,-0.0,0.00109,0.96784,0.018019
1830912,1788,3,1.483,9182.0,0.0,0.013772,0.967971,0.008115
1831936,1789,3,1.483,9182.0,-0.0,0.001783,0.969753,0.024774
1832960,1790,3,1.483,9182.0,0.0,0.010422,0.968912,0.016715
1833984,1791,3,1.483,9182.0,0.0,0.001806,0.969879,0.025302
1835008,1792,3,1.483,9182.0,0.0,0.015755,0.968176,0.007497
1836032,1793,3,1.483,9182.0,-0.0,0.015213,0.968622,0.002878
1837056,1794,3,1.483,9182.0,0.0,0.013885,0.968766,0.006473
1838080,1795,3,1.483,9182.0,-0.0,0.001119,0.968046,0.016608
1839104,1796,3,1.2299,9225.1,0.0,0.000793,0.967976,0.011648
1840128,1797,3,1.2299,9225.1,0.0,0.015605,0.969678,0.0072
1841152,1798,3,1.2299,9225.1,0.0,0.001696,0.969513,0.024521
1842176,1799,3,1.2299,9225.1,-0.0,0.001186,0.968347,0.016318
1843200,1800,3,1.2299,9225.1,0.0,0.001553,0.968696,0.022574
1844224,1801,3,1.2299,9225.1,0.0,0.001725,0.969006,0.024168
1845248,1802,3,1.2299,9225.1,0.0,0.001656,0.969042,0.024052
1846272,1803,3,1.2299,9225.1,0.0,0.029851,0.969709,0.028187
1847296,1804,3,1.2299,9225.1,-0.0,0.016015,0.967484,0.015582
1848320,1805,3,1.2299,9225.1,-0.0,0.03026,0.968807,0.030899
1849344,1806,3,1.0285,9276.5,0.0,0.028718,0.969406,0.030593
1850368,1807,3,1.0285,9276.5,0.0,0.000889,0.968917,0.012798
1851392,1808,3,1.0285,9276.5,-0.0,0.016678,0.970722,0.006191
1852416,1809,3,1.0285,9276.5,-0.0,0.014508,0.968928,0.006072
1853440,1810,3,1.0285,9276.5,-0.0,0.000807,0.968613,0.012487
1854464,1811,3,1.0285,9276.5,0.0,0.015638,0.969667,0.002074
1855488,1812,3,1.0285,9276.5,0.0,0.028705,0.968198,0.039086
1856512,1813,3,1.0285,9276.5,0.0,0.001528,0.969686,0.022722
1857536,1814,3,1.0285,9276.5,-0.0,0.001381,0.968334,0.018637
1858560,1815,3,1.0285,9276.5,0.0,0.015879,0.969356,0.004185
1859584,1816,3,0.8518,9313.2,-0.0,0.029088,0.96913,0.029979
1860608,1817,3,0.8518,9313.2,-0.0,0.01633,0.968821,0.007273
1861632,1818,3,0.8518,9313.2,0.0,0.016868,0.969833,0.003459
1862656,1819,3,0.8518,9313.2,0.0,0.015948,0.968796,0.004794
1863680,1820,3,0.8518,9313.2,-0.0,0.043297,0.96839,0.058655
1864704,1821,3,0.8518,9313.2,-0.0,0.015941,0.969506,0.006651
1865728,1822,3,0.8518,9313.2,-0.0,0.002088,0.970261,0.029009
1866752,1823,3,0.8518,9313.2,0.0,0.015926,0.96859,0.006058
1867776,1824,3,0.8518,9313.2,0.0,0.031357,0.970021,0.026197
1868800,1825,3,0.7404,9364.6,0.0,0.015168,0.969328,0.006094
1869824,1826,3,0.7404,9364.6,0.0,0.000417,0.967976,0.00733
1870848,1827,3,0.7404,9364.6,-0.0,0.0293,0.969045,0.031034
1871872,1828,3,0.7404,9364.6,0.0,0.016119,0.969104,0.004295
1872896,1829,3,0.7404,9364.6,-0.0,0.001527,0.968986,0.021553
1873920,1830,3,0.7404,9364.6,0.0,0.041365,0.969263,0.040953
1874944,1831,3,0.7404,9364.6,0.0,0.001065,0.96848,0.016382
1875968,1832,3,0.7404,9364.6,-0.0,0.014916,0.968255,0.002244
1876992,1833,3,0.7404,9364.6,0.0,0.01521,0.968497,0.00525
1878016,1834,3,0.7404,9364.6,0.0,0.001695,0.969878,0.023986
1879040,1835,3,0.5991,9425.9,-0.0,0.016224,0.967006,0.017164
1880064,1836,3,0.5991,9425.9,-0.0,0.001177,0.968933,0.019141
1881088,1837,3,0.5991,9425.9,-0.0,0.015683,0.969306,0.004418
1882112,1838,3,0.5991,9425.9,0.0,0.026756,0.969352,0.021752
1883136,1839,3,0.5991,9425.9,0.0,0.000587,0.968377,0.010696
1884160,1840,3,0.5991,9425.9,0.0,0.001558,0.969316,0.021131
1885184,1841,3,0.5991,9425.9,-0.0,0.028617,0.969375,0.026075
1886208,1842,3,0.5991,9425.9,-0.0,0.00144,0.969212,0.021281
1887232,1843,3,0.5991,9425.9,0.0,0.015564,0.969012,0.002245
1888256,1844,3,0.5991,9425.9,-0.0,0.014495,0.969891,0.002568
1889280,1845,3,0.4452,9469.8,-0.0,0.028882,0.968576,0.028452
1890304,1846,3,0.4452,9469.8,0.0,0.001444,0.969341,0.021685
1891328,1847,3,0.4452,9469.8,-0.0,0.029925,0.969308,0.020653
1892352,1848,3,0.4452,9469.8,-0.0,0.001283,0.969234,0.019641
1893376,1849,3,0.4452,9469.8,-0.0,0.01509,0.967644,0.010301
1894400,1850,3,0.4452,9469.8,-0.0,0.015822,0.968041,0.011518
1895424,1851,3,0.4452,9469.8,-0.0,0.001315,0.968398,0.018979
1896448,1852,3,0.4452,9469.8,-0.0,0.042178,0.968537,0.051152
1897472,1853,3,0.4452,9469.8,-0.0,0.001843,0.969821,0.024989
1898496,1854,3,0.4452,9469.8,0.0,0.001999,0.969084,0.026745
1899520,1855,3,0.2703,9514.7,0.0,0.015599,0.969085,0.006495
1900544,1856,3,0.2703,9514.7,0.0,0.015404,0.969054,0.002636
1901568,1857,3,0.2703,9514.7,0.0,0.015834,0.969814,0.003324
1902592,1858,3,0.2703,9514.7,0.0,0.014416,0.968428,0.00449
1903616,1859,3,0.2703,9514.7,0.0,0.041942,0.969165,0.051717
1904640,1860,3,0.2703,9514.7,-0.0,0.016869,0.969627,0.005744
1905664,1861,3,0.2703,9514.7,-0.0,0.001628,0.969594,0.021906
1906688,1862,3,0.2703,9514.7,0.0,0.01474,0.968775,0.006144
1907712,1863,3,0.2703,9514.7,0.0,0.001791,0.96839,0.024922
1908736,1864,3,0.132,9563.0,-0.0,0.022426,0.969048,0.009818
1909760,1865,3,0.132,9563.0,-0.0,0.001742,0.969163,0.023926
1910784,1866,3,0.132,9563.0,-0.0,0.001327,0.969071,0.021559
1911808,1867,3,0.132,9563.0,-0.0,0.028951,0.969225,0.022406
1912832,1868,3,0.132,9563.0,-0.0,0.030374,0.969065,0.024311
1913856,1869,3,0.132,9563.0,0.0,0.002104,0.969273,0.027202
1914880,1870,3,0.132,9563.0,-0.0,0.028559,0.969071,0.026227
1915904,1871,3,0.132,9563.0,-0.0,0.027448,0.968948,0.026513
1916928,1872,3,0.132,9563.0,0.0,0.015675,0.969235,0.003019
1917952,1873,3,0.132,9563.0,-0.0,0.000578,0.967349,0.011326
1918976,1874,3,-0.0018,9606.8,-0.0,0.029169,0.968384,0.032273
1920000,1875,3,-0.0018,9606.8,0.0,0.001988,0.969612,0.027182
1921024,1876,3,-0.0018,9606.8,-0.0,0.014314,0.968395,0.003764
1922048,1877,3,-0.0018,9606.8,0.0,0.001562,0.968347,0.023288
1923072,1878,3,-0.0018,9606.8,-0.0,0.02883,0.970161,0.015546
1924096,1879,3,-0.0018,9606.8,0.0,0.01409,0.967331,0.014456
1925120,1880,3,-0.0018,9606.8,0.0,0.016107,0.969572,0.003161
1926144,1881,3,-0.0018,9606.8,-0.0,0.002244,0.969546,0.029834
1927168,1882,3,-0.0018,9606.8,-0.0,0.015694,0.969299,0.003219
1928192,1883,3,-0.0018,9606.8,-0.0,0.02102,0.968754,0.008242
1929216,1884,3,-0.148,9663.0,-0.0,0.042932,0.968736,0.048915
1930240,1885,3,-0.148,9663.0,0.0,0.001403,0.968391,0.021321
1931264,1886,3,-0.148,9663.0,0.0,0.042414,0.96817,0.046122
1932288,1887,3,-0.148,9663.0,-0.0,0.001516,0.968243,0.021995
1933312,1888,3,-0.148,9663.0,0.0,0.015682,0.968509,0.002788
1934336,1889,3,-0.148,9663.0,0.0,0.00167,0.968852,0.025403
1935360,1890,3,-0.148,9663.0,-0.0,0.002188,0.969307,0.03008
1936384,1891,3,-0.148,9663.0,-0.0,0.015582,0.969142,0.004938
1937408,1892,3,-0.148,9663.0,-0.0,0.002439,0.970495,0.033098
1938432,1893,3,-0.148,9663.0,-0.0,0.001061,0.967879,0.018636
1939456,1894,3,-0.3437,9708.7,-0.0,0.014983,0.969228,0.002757
1940480,1895,3,-0.3437,9708.7,0.0,0.014982,0.968748,0.003359
1941504,1896,3,-0.3437,9708.7,-0.0,0.001654,0.968844,0.024478
1942528,1897,3,-0.3437,9708.7,0.0,0.002061,0.969251,0.028412
1943552,1898,3,-0.3437,9708.7,0.0,0.028359,0.96865,0.024368
1944576,1899,3,-0.3437,9708.7,-0.0,0.015599,0.967888,0.004762
1945600,1900,3,-0.3437,9708.7,-0.0,0.015404,0.969357,0.003436
1946624,1901,3,-0.3437,9708.7,0.0,0.001156,0.968747,0.018692
1947648,1902,3,-0.3437,9708.7,0.0,0.000959,0.968115,0.014908
1948672,1903,3,-0.506,9761.0,-0.0,0.001092,0.968495,0.017176
1949696,1904,3,-0.506,9761.0,0.0,0.044371,0.969379,0.050239
1950720,1905,3,-0.506,9761.0,0.0,0.01516,0.969531,0.005674
1951744,1906,3,-0.506,9761.0,0.0,0.030091,0.967764,0.033727
1952768,1907,3,-0.506,9761.0,-0.0,0.028018,0.968198,0.029395
1953792,1908,3,-0.506,9761.0,-0.0,0.02976,0.968277,0.032269
1954816,1909,3,-0.506,9761.0,0.0,0.001688,0.969164,0.024353
1955840,1910,3,-0.506,9761.0,0.0,0.000891,0.96854,0.014726
1956864,1911,3,-0.506,9761.0,-0.0,0.016665,0.969636,0.003998
1957888,1912,3,-0.506,9761.0,-0.0,0.001782,0.969785,0.025364
1958912,1913,3,-0.6396,9814.6,-0.0,0.014655,0.967796,0.004523
1959936,1914,3,-0.6396,9814.6,-0.0,0.001879,0.969865,0.02615
1960960,1915,3,-0.6396,9814.6,0.0,0.014854,0.968279,0.002836
1961984,1916,3,-0.6396,9814.6,0.0,0.001114,0.967649,0.01682
1963008,1917,3,-0.6396,9814.6,-0.0,0.029563,0.970017,0.016888
1964032,1918,3,-0.6396,9814.6,0.0,0.001369,0.968715,0.021045
1965056,1919,3,-0.6396,9814.6,0.0,0.000488,0.966855,0.012031
1966080,1920,3,-0.6396,9814.6,0.0,0.000777,0.968192,0.012853
1967104,1921,3,-0.6396,9814.6,0.0,0.001021,0.969059,0.016986
1968128,1922,3,-0.6396,9814.6,0.0,0.00153,0.968866,0.023265
1969152,1923,3,-0.8344,9869.4,-0.0,0.015739,0.969001,0.005507
1970176,1924,3,-0.8344,9869.4,-0.0,0.014665,0.969166,0.001955
1971200,1925,3,-0.8344,9869.4,-0.0,0.014636,0.969882,0.003243
1972224,1926,3,-0.8344,9869.4,-0.0,0.00119,0.968294,0.017806
1973248,1927,3,-0.8344,9869.4,-0.0,0.001255,0.969122,0.01909
1974272,1928,3,-0.8344,9869.4,0.0,0.015888,0.969541,0.003291
1975296,1929,3,-0.8344,9869.4,0.0,0.001787,0.969152,0.026215
1976320,1930,3,-0.8344,9869.4,0.0,0.001014,0.967863,0.015505
1977344,1931,3,-0.8344,9869.4,0.0,0.000998,0.968929,0.01813
1978368,1932,3,-0.8344,9869.4,0.0,0.000992,0.96944,0.0164
1979392,1933,3,-1.0301,9915.1,0.0,0.042525,0.969387,0.037563
1980416,1934,3,-1.0301,9915.1,-0.0,0.030995,0.968822,0.028971
1981440,1935,3,-1.0301,9915.1,0.0,0.001286,0.968946,0.019119
1982464,1936,3,-1.0301,9915.1,-0.0,0.001346,0.969614,0.020207
1983488,1937,3,-1.0301,9915.1,0.0,0.000366,0.967986,0.007595
1984512,1938,3,-1.0301,9915.1,-0.0,0.016294,0.969658,0.005233
1985536,1939,3,-1.0301,9915.1,0.0,0.015912,0.968772,0.007373
1986560,1940,3,-1.0301,9915.1,-0.0,0.015575,0.969425,0.002261
1987584,1941,3,-1.0301,9915.1,0.0,0.014546,0.968573,0.006222
1988608,1942,3,-1.0301,9915.1,-0.0,0.001561,0.96925,0.022814
1989632,1943,3,-1.2329,9947.9,-0.0,0.015705,0.969013,0.014497
1990656,1944,3,-1.2329,9947.9,-0.0,0.014334,0.969406,0.00607
1991680,1945,3,-1.2329,9947.9,-0.0,0.001838,0.970194,0.026742
1992704,1946,3,-1.2329,9947.9,-0.0,0.015819,0.968533,0.0083
1993728,1947,3,-1.2329,9947.9,0.0,0.030762,0.96836,0.032175
1994752,1948,3,-1.2329,9947.9,0.0,0.030145,0.969864,0.027478
1995776,1949,3,-1.2329,9947.9,-0.0,0.01579,0.970809,0.002305
1996800,1950,3,-1.2329,9947.9,0.0,0.000844,0.968868,0.01449
1997824,1951,3,-1.2329,9947.9,0.0,0.030426,0.969609,0.028677
1998848,1952,3,-1.335,10000.0,0.0,0.030261,0.969823,0.027453
1999872,1953,3,-1.335,10000.0,0.0,0.029677,0.969013,0.029776
2000896,1954,3,-1.335,10000.0,0.0,0.001052,0.969129,0.016544
