steps,rollout,mean_return,mean_accuracy,mean_episode_length,policy_loss,value_loss,entropy,grad_norm
256,1,0.0,0.0,0.0,1.795413,0.012941,1.09861,0.321526
512,2,0.0,0.0,0.0,1.878594,0.011159,1.098612,0.353762
768,3,0.0,0.0,0.0,1.37989,0.005637,1.098608,0.179033
1024,4,0.0,0.0,0.0,0.664499,0.118384,1.098602,0.511226
1280,5,0.0,0.0,0.0,0.858683,0.169945,1.098594,0.735391
1536,6,0.0,0.0,0.0,-0.49249,0.002085,1.098583,0.078601
1792,7,0.0,0.0,0.0,-1.007123,0.005525,1.098572,0.164523
2048,8,0.0,0.0,0.0,-2.099048,0.008687,1.098567,0.294886
2304,9,0.0,0.0,0.0,0.917313,0.122279,1.098562,0.698672
2560,10,0.0,0.0,0.0,-1.695312,0.009143,1.098556,0.276974
2816,11,0.0,0.0,0.0,-1.936101,0.013694,1.098551,0.333116
3072,12,0.0,0.0,0.0,-1.742086,0.008397,1.098541,0.246347
3328,13,0.0,0.0,0.0,-2.058684,0.010373,1.098526,0.288254
3584,14,0.0,0.0,0.0,-1.829945,0.007428,1.098516,0.240065
3840,15,0.0,0.0,0.0,-2.046945,0.007446,1.098502,0.300847
4096,16,0.0,0.0,0.0,0.333182,0.115077,1.098501,0.293198
4352,17,0.0,0.0,0.0,-1.801403,0.006962,1.098501,0.230702
4608,18,0.0,0.0,0.0,0.48026,0.106449,1.098504,0.36822
4864,19,0.0,0.0,0.0,-2.632422,0.010042,1.098498,0.307018
5120,20,0.0,0.0,0.0,-1.164391,0.003571,1.098509,0.140249
5376,21,0.0,0.0,0.0,-0.957918,0.004695,1.098509,0.159698
5632,22,0.0,0.0,0.0,-2.311621,0.005358,1.098518,0.225073
5888,23,0.0,0.0,0.0,-1.904999,0.002959,1.098528,0.230898
6144,24,0.0,0.0,0.0,-2.031045,0.003791,1.098536,0.231712
6400,25,0.0,0.0,0.0,0.247981,0.081869,1.098529,0.171302
6656,26,0.0,0.0,0.0,-1.556188,0.003203,1.098525,0.165771
6912,27,0.0,0.0,0.0,-1.949343,0.004629,1.098518,0.245922
7168,28,0.0,0.0,0.0,-0.61343,0.000983,1.098514,0.078136
7424,29,0.0,0.0,0.0,0.334922,0.069937,1.098518,0.220568
7680,30,0.0,0.0,0.0,-0.988429,0.003217,1.098519,0.146489
7936,31,0.0,0.0,0.0,-0.025583,0.000734,1.098523,0.008215
8192,32,0.0,0.0,0.0,0.803591,0.157453,1.098516,0.640008
8448,33,0.0,0.0,0.0,1.197852,0.000819,1.098515,0.079379
8704,34,0.0,0.0,0.0,1.599456,0.309523,1.098514,1.258141
8960,35,0.0,0.0,0.0,-0.982011,0.002949,1.09851,0.166223
9216,36,0.0,0.0,0.0,0.308154,0.000349,1.098504,0.018557
9472,37,0.0,0.0,0.0,0.164988,0.000601,1.098498,0.025242
9728,38,0.0,0.0,0.0,0.277766,0.070996,1.098493,0.187833
9984,39,0.0,0.0,0.0,0.491959,0.11302,1.098502,0.369814
10240,40,12.0,0.6,10000.0,-1.843408,0.001209,1.098493,0.296547
10496,41,12.0,0.6,10000.0,0.651772,0.120248,1.098492,0.513475
10752,42,12.0,0.6,10000.0,1.145005,0.260649,1.098491,1.045013
11008,43,12.0,0.6,10000.0,-1.710379,0.005264,1.098497,0.23216
11264,44,12.0,0.6,10000.0,-2.121476,0.010948,1.098484,0.32509
11520,45,12.0,0.6,10000.0,-1.925381,0.010373,1.09849,0.259333
11776,46,12.0,0.6,10000.0,-3.182964,0.005131,1.098481,0.342099
12032,47,12.0,0.6,10000.0,-1.779549,0.008675,1.098462,0.266397
12288,48,12.0,0.6,10000.0,-1.634449,0.006021,1.098452,0.1949
12544,49,12.0,0.6,10000.0,-2.315868,0.007612,1.098436,0.248114
12800,50,12.0,0.6,10000.0,1.055276,0.162924,1.098425,0.771126
13056,51,12.0,0.6,10000.0,-2.053372,0.009185,1.0984,0.255536
13312,52,12.0,0.6,10000.0,-1.274008,0.006963,1.098379,0.220978
13568,53,12.0,0.6,10000.0,-0.289527,0.033288,1.098385,0.13421
13824,54,12.0,0.6,10000.0,-1.545074,0.010545,1.098382,0.236387
14080,55,12.0,0.6,10000.0,1.005349,0.130352,1.098372,0.66272
14336,56,12.0,0.6,10000.0,-0.999959,0.002552,1.098357,0.118594
14592,57,12.0,0.6,10000.0,-1.124234,0.007734,1.098357,0.18312
14848,58,12.0,0.6,10000.0,0.795391,0.352492,1.098337,0.980555
15104,59,12.0,0.6,10000.0,-1.969948,0.003375,1.098327,0.178658
15360,60,12.0,0.6,10000.0,-1.402372,0.002969,1.098334,0.144933
15616,61,12.0,0.6,10000.0,-1.531313,0.002281,1.09832,0.119435
15872,62,12.0,0.6,10000.0,1.202683,0.133541,1.098307,0.733561
16128,63,12.0,0.6,10000.0,-1.832481,0.007875,1.098282,0.216666
16384,64,12.0,0.6,10000.0,0.912861,0.117131,1.098272,0.616078
16640,65,12.0,0.6,10000.0,-2.671346,0.006304,1.098269,0.246487
16896,66,12.0,0.6,10000.0,-1.255933,0.002815,1.09825,0.115619
17152,67,12.0,0.6,10000.0,-1.629739,0.005459,1.098226,0.188883
17408,68,12.0,0.6,10000.0,-1.200621,0.00241,1.098249,0.11071
17664,69,12.0,0.6,10000.0,-2.148729,0.011242,1.098237,0.275955
17920,70,12.0,0.6,10000.0,-0.955537,0.001374,1.098223,0.126786
18176,71,12.0,0.6,10000.0,-1.492139,0.008438,1.098214,0.274105
18432,72,12.0,0.6,10000.0,-1.489293,0.002524,1.098218,0.119738
18688,73,12.0,0.6,10000.0,1.105674,0.123438,1.098203,0.688576
18944,74,12.0,0.6,10000.0,-1.547081,0.005807,1.098163,0.195924
19200,75,12.0,0.6,10000.0,-0.716188,0.000869,1.098221,0.064264
19456,76,12.0,0.6,10000.0,1.183255,0.163864,1.098232,0.814186
19712,77,12.0,0.6,10000.0,0.972408,0.130493,1.098194,0.66881
19968,78,12.0,0.6,10000.0,-0.787712,0.002623,1.098197,0.092061
20224,79,12.5,0.5321,10000.0,0.876005,0.162458,1.098187,0.710128
20480,80,12.5,0.5321,10000.0,-1.043453,0.00264,1.098156,0.158999
20736,81,12.5,0.5321,10000.0,0.76716,0.111185,1.098138,0.570452
20992,82,12.5,0.5321,10000.0,0.25203,0.085474,1.098217,0.191986
21248,83,12.5,0.5321,10000.0,-3.249231,0.010148,1.098203,0.308766
21504,84,12.5,0.5321,10000.0,-4.083683,0.009111,1.09821,0.461771
21760,85,12.5,0.5321,10000.0,0.777435,0.097264,1.0982,0.546722
22016,86,12.5,0.5321,10000.0,0.105956,0.087831,1.098246,0.076051
22272,87,12.5,0.5321,10000.0,0.140979,0.095089,1.098252,0.143889
22528,88,12.5,0.5321,10000.0,-0.17767,0.085935,1.098249,0.163375
22784,89,12.5,0.5321,10000.0,0.916467,0.091709,1.098277,0.56459
23040,90,12.5,0.5321,10000.0,-2.814889,0.046169,1.098268,0.636888
23296,91,12.5,0.5321,10000.0,0.00353,0.06645,1.098305,0.073156
23552,92,12.5,0.5321,10000.0,0.603368,0.081117,1.0983,0.400225
23808,93,12.5,0.5321,10000.0,-2.507416,0.020727,1.098326,0.423752
24064,94,12.5,0.5321,10000.0,0.720717,0.119522,1.098336,0.558103
24320,95,12.5,0.5321,10000.0,-0.821193,0.061368,1.098359,0.452366
24576,96,12.5,0.5321,10000.0,-2.870244,0.046169,1.098384,0.619612
24832,97,12.5,0.5321,10000.0,0.48287,0.090483,1.098392,0.364131
25088,98,12.5,0.5321,10000.0,-2.463047,0.048736,1.098382,0.646921
25344,99,12.5,0.5321,10000.0,-1.782057,0.024584,1.098415,0.432006
25600,100,12.5,0.5321,10000.0,-2.66228,0.047334,1.098427,0.611902
25856,101,12.5,0.5321,10000.0,0.709482,0.121654,1.098433,0.579459
26112,102,12.5,0.5321,10000.0,0.775125,0.088258,1.098458,0.510815
26368,103,12.5,0.5321,10000.0,-2.411407,0.045883,1.098461,0.587755
26624,104,12.5,0.5321,10000.0,-2.602956,0.021545,1.098484,0.426153
26880,105,12.5,0.5321,10000.0,-0.002186,0.051806,1.098499,0.062045
27136,106,12.5,0.5321,10000.0,-0.012991,0.061736,1.09851,0.036336
27392,107,12.5,0.5321,10000.0,-2.104258,0.016088,1.098513,0.381978
27648,108,12.5,0.5321,10000.0,-2.82566,0.008258,1.098512,0.288555
27904,109,12.5,0.5321,10000.0,-1.106502,0.010711,1.098517,0.223087
28160,110,12.5,0.5321,10000.0,-2.12216,0.009514,1.098513,0.325955
28416,111,12.5,0.5321,10000.0,0.905781,0.11403,1.098516,0.636733
28672,112,12.5,0.5321,10000.0,0.949743,0.126759,1.098526,0.657884
28928,113,12.5,0.5321,10000.0,-0.242829,0.034881,1.098535,0.11769
29184,114,12.5,0.5321,10000.0,0.723273,0.095909,1.098529,0.470527
29440,115,12.5,0.5321,10000.0,-1.386451,0.003752,1.098542,0.216273
29696,116,12.5,0.5321,10000.0,-1.042279,0.006357,1.098535,0.197642
29952,117,12.5,0.5321,10000.0,-2.253679,0.023147,1.098544,0.395278
30208,118,15.3333,0.539,10000.0,0.206441,0.104838,1.098533,0.194792
30464,119,15.3333,0.539,10000.0,-1.476824,0.006509,1.098528,0.195755
30720,120,15.3333,0.539,10000.0,-2.588216,0.006948,1.098528,0.267582
30976,121,15.3333,0.539,10000.0,-1.959757,0.007578,1.098518,0.272804
31232,122,15.3333,0.539,10000.0,-1.229987,0.010594,1.09852,0.224839
31488,123,15.3333,0.539,10000.0,-1.133067,0.00402,1.098521,0.156456
31744,124,15.3333,0.539,10000.0,-1.362913,0.001916,1.098524,0.15725
32000,125,15.3333,0.539,10000.0,1.053697,0.166965,1.098518,0.771338
32256,126,15.3333,0.539,10000.0,-0.820616,0.001942,1.098502,0.112392
32512,127,15.3333,0.539,10000.0,-0.881008,0.002314,1.098511,0.17402
32768,128,15.3333,0.539,10000.0,1.300554,0.226153,1.098525,1.029761
33024,129,15.3333,0.539,10000.0,-0.445465,0.001307,1.098497,0.042431
33280,130,15.3333,0.539,10000.0,1.314443,0.138634,1.098499,0.83783
33536,131,15.3333,0.539,10000.0,-1.157823,0.003626,1.098507,0.140854
33792,132,15.3333,0.539,10000.0,-1.019943,0.002942,1.098496,0.13093
34048,133,15.3333,0.539,10000.0,-1.22995,0.009199,1.098501,0.211559
34304,134,15.3333,0.539,10000.0,-0.801946,0.005217,1.098499,0.153555
34560,135,15.3333,0.539,10000.0,-0.386564,0.004763,1.098496,0.070473
34816,136,15.3333,0.539,10000.0,-0.831464,0.003853,1.098483,0.108362
35072,137,15.3333,0.539,10000.0,0.686956,0.122832,1.098511,0.514543
35328,138,15.3333,0.539,10000.0,-0.533461,0.000833,1.098475,0.040928
35584,139,15.3333,0.539,10000.0,-1.642288,0.00414,1.09848,0.170792
35840,140,15.3333,0.539,10000.0,-0.486325,0.005777,1.098502,0.084666
36096,141,15.3333,0.539,10000.0,0.0109,0.053015,1.098498,0.031103
36352,142,15.3333,0.539,10000.0,-1.570625,0.006512,1.098495,0.196021
36608,143,15.3333,0.539,10000.0,-0.997443,0.004046,1.098472,0.134862
36864,144,15.3333,0.539,10000.0,0.220593,0.001375,1.09847,0.025129
37120,145,15.3333,0.539,10000.0,-1.310502,0.005656,1.098476,0.189258
37376,146,15.3333,0.539,10000.0,-0.468069,0.001464,1.09848,0.063062
37632,147,15.3333,0.539,10000.0,-0.660966,0.002316,1.098478,0.076575
37888,148,15.3333,0.539,10000.0,-2.251508,0.006929,1.098489,0.218514
38144,149,15.3333,0.539,10000.0,0.177948,0.000458,1.098475,0.021718
38400,150,15.3333,0.539,10000.0,-0.910963,0.00506,1.098473,0.125067
38656,151,15.3333,0.539,10000.0,1.113622,0.17056,1.098476,0.797877
38912,152,15.3333,0.539,10000.0,-1.82102,0.005156,1.098483,0.269101
39168,153,15.3333,0.539,10000.0,1.093211,0.175953,1.098489,0.844628
39424,154,15.3333,0.539,10000.0,0.005898,0.001454,1.098469,0.010047
39680,155,15.3333,0.539,10000.0,-0.594195,0.002055,1.098495,0.058749
39936,156,15.3333,0.539,10000.0,0.00359,0.003384,1.098475,0.0201
40192,157,13.75,0.4942,10000.0,0.979361,0.1478,1.098499,0.686226
40448,158,13.75,0.4942,10000.0,-0.967371,0.002532,1.098488,0.120449
40704,159,13.75,0.4942,10000.0,0.178486,0.000518,1.098487,0.013185
40960,160,13.75,0.4942,10000.0,-0.411422,0.002664,1.098517,0.049469
41216,161,13.75,0.4942,10000.0,-0.81034,0.002817,1.098484,0.090162
41472,162,13.75,0.4942,10000.0,0.90159,0.261126,1.098511,0.869037
41728,163,13.75,0.4942,10000.0,-1.660904,0.003836,1.098502,0.207753
41984,164,13.75,0.4942,10000.0,-0.695873,0.001144,1.098498,0.107446
42240,165,13.75,0.4942,10000.0,-0.366758,0.019406,1.098536,0.124083
42496,166,13.75,0.4942,10000.0,-0.845529,0.00371,1.098498,0.104605
42752,167,13.75,0.4942,10000.0,1.121046,0.188847,1.098515,0.837614
43008,168,13.75,0.4942,10000.0,-0.600339,0.003162,1.098509,0.077003
43264,169,13.75,0.4942,10000.0,1.042804,0.145878,1.098518,0.73511
43520,170,13.75,0.4942,10000.0,0.508697,0.114074,1.098532,0.378759
43776,171,13.75,0.4942,10000.0,-1.728047,0.004895,1.098515,0.191416
44032,172,13.75,0.4942,10000.0,-2.505512,0.004155,1.098511,0.24965
44288,173,13.75,0.4942,10000.0,-1.251625,0.004832,1.098504,0.141048
44544,174,13.75,0.4942,10000.0,-2.331839,0.007094,1.098507,0.218888
44800,175,13.75,0.4942,10000.0,0.414002,0.098327,1.098531,0.290975
45056,176,13.75,0.4942,10000.0,-1.672453,0.009722,1.098494,0.252895
45312,177,13.75,0.4942,10000.0,-1.873185,0.006723,1.098478,0.207378
45568,178,13.75,0.4942,10000.0,1.146123,0.197502,1.098511,0.839419
45824,179,13.75,0.4942,10000.0,-1.579456,0.008827,1.098447,0.216324
46080,180,13.75,0.4942,10000.0,-2.620328,0.010492,1.09848,0.265766
46336,181,13.75,0.4942,10000.0,-2.909885,0.008569,1.098462,0.376379
46592,182,13.75,0.4942,10000.0,-0.073787,0.058439,1.098458,0.051181
46848,183,13.75,0.4942,10000.0,1.152373,0.153089,1.098466,0.787097
47104,184,13.75,0.4942,10000.0,-2.104269,0.016269,1.098492,0.335855
47360,185,13.75,0.4942,10000.0,-2.004142,0.013558,1.098459,0.335778
47616,186,13.75,0.4942,10000.0,1.014709,0.14564,1.098449,0.694802
47872,187,13.75,0.4942,10000.0,-1.580196,0.010164,1.098499,0.256725
48128,188,13.75,0.4942,10000.0,-2.320408,0.020605,1.098479,0.366294
48384,189,13.75,0.4942,10000.0,-1.731186,0.004305,1.098431,0.179757
48640,190,13.75,0.4942,10000.0,-0.864604,0.003438,1.098456,0.115721
48896,191,13.75,0.4942,10000.0,1.015188,0.198842,1.098467,0.791785
49152,192,13.75,0.4942,10000.0,-1.629596,0.005424,1.098415,0.273834
49408,193,13.75,0.4942,10000.0,-2.06349,0.005229,1.098402,0.219352
49664,194,13.75,0.4942,10000.0,-2.680568,0.00518,1.098433,0.208773
49920,195,13.75,0.4942,10000.0,-2.226772,0.007766,1.098417,0.289153
50176,196,14.0,0.4954,10000.0,0.824939,0.11653,1.098465,0.532947
50432,197,14.0,0.4954,10000.0,-1.343393,0.004071,1.098403,0.190777
50688,198,14.0,0.4954,10000.0,-1.512233,0.003584,1.098394,0.276551
50944,199,14.0,0.4954,10000.0,0.81682,0.11243,1.098427,0.548075
51200,200,14.0,0.4954,10000.0,-1.374833,0.01238,1.098457,0.241577
51456,201,14.0,0.4954,10000.0,0.962775,0.1064,1.09847,0.559539
51712,202,14.0,0.4954,10000.0,-0.761818,0.006308,1.098433,0.13767
51968,203,14.0,0.4954,10000.0,1.152,0.132479,1.098469,0.714774
52224,204,14.0,0.4954,10000.0,-1.616024,0.007311,1.098446,0.211101
52480,205,14.0,0.4954,10000.0,-1.987655,0.017863,1.098456,0.340652
52736,206,14.0,0.4954,10000.0,-1.570775,0.003607,1.098409,0.22757
52992,207,14.0,0.4954,10000.0,-2.192492,0.013943,1.098446,0.328055
53248,208,14.0,0.4954,10000.0,-1.670017,0.011043,1.098416,0.304001
53504,209,14.0,0.4954,10000.0,-1.200127,0.003683,1.098401,0.134574
53760,210,14.0,0.4954,10000.0,-0.470697,0.003388,1.098421,0.065549
54016,211,14.0,0.4954,10000.0,0.025033,0.059197,1.098441,0.046414
54272,212,14.0,0.4954,10000.0,0.88463,0.147218,1.098454,0.682782
54528,213,14.0,0.4954,10000.0,0.772016,0.240558,1.098417,0.745431
54784,214,14.0,0.4954,10000.0,-0.846347,0.007134,1.098428,0.172401
55040,215,14.0,0.4954,10000.0,-0.042722,0.078099,1.098445,0.053487
55296,216,14.0,0.4954,10000.0,1.286371,0.12748,1.098425,0.754509
55552,217,14.0,0.4954,10000.0,-0.403022,0.002027,1.098416,0.046549
55808,218,14.0,0.4954,10000.0,-0.249156,0.040988,1.098428,0.131157
56064,219,14.0,0.4954,10000.0,0.854044,0.145331,1.098414,0.670914
56320,220,14.0,0.4954,10000.0,0.836907,0.09526,1.09845,0.494445
56576,221,14.0,0.4954,10000.0,0.682622,0.1095,1.098443,0.470052
56832,222,14.0,0.4954,10000.0,-2.248639,0.012226,1.098396,0.31838
57088,223,14.0,0.4954,10000.0,-1.447688,0.009498,1.098378,0.250695
57344,224,14.0,0.4954,10000.0,-1.91842,0.021339,1.098419,0.372722
57600,225,14.0,0.4954,10000.0,-1.62655,0.019765,1.098409,0.367936
57856,226,14.0,0.4954,10000.0,-3.338176,0.01864,1.098369,0.522494
58112,227,14.0,0.4954,10000.0,1.178898,0.190747,1.098312,0.889927
58368,228,14.0,0.4954,10000.0,0.075969,0.058746,1.098387,0.081127
58624,229,14.0,0.4954,10000.0,-2.439719,0.018803,1.098274,0.420545
58880,230,14.0,0.4954,10000.0,0.902841,0.123602,1.098315,0.616588
59136,231,14.0,0.4954,10000.0,-3.363518,0.009398,1.098294,0.320234
59392,232,14.0,0.4954,10000.0,1.137408,0.37298,1.09827,1.238451
59648,233,14.0,0.4954,10000.0,-1.745124,0.009442,1.098185,0.235226
59904,234,14.0,0.4954,10000.0,-1.658036,0.017985,1.098215,0.35753
60160,235,14.8333,0.515,10000.0,-1.576335,0.021423,1.098198,0.378172
60416,236,14.8333,0.515,10000.0,-2.157048,0.021645,1.098199,0.382379
60672,237,14.8333,0.515,10000.0,-0.573344,0.016541,1.09808,0.17965
60928,238,14.8333,0.515,10000.0,1.050434,0.133055,1.09806,0.693466
61184,239,14.8333,0.515,10000.0,1.021886,0.109892,1.098006,0.646716
61440,240,14.8333,0.515,10000.0,-1.131936,0.013761,1.09803,0.25077
61696,241,14.8333,0.515,10000.0,-0.194217,0.039499,1.098034,0.114801
61952,242,14.8333,0.515,10000.0,-1.707178,0.009195,1.097999,0.252822
62208,243,14.8333,0.515,10000.0,-1.546815,0.013753,1.098084,0.270664
62464,244,14.8333,0.515,10000.0,-0.158394,0.047244,1.098006,0.085543
62720,245,14.8333,0.515,10000.0,-2.621449,0.008609,1.098003,0.287955
62976,246,14.8333,0.515,10000.0,0.402661,0.073451,1.097916,0.244311
63232,247,14.8333,0.515,10000.0,-1.426921,0.00946,1.097858,0.291348
63488,248,14.8333,0.515,10000.0,-1.970398,0.024833,1.09807,0.37931
63744,249,14.8333,0.515,10000.0,-0.605809,0.001556,1.097932,0.063425
64000,250,14.8333,0.515,10000.0,-0.860848,0.002778,1.097831,0.147422
64256,251,14.8333,0.515,10000.0,-0.976533,0.003327,1.097967,0.14236
64512,252,14.8333,0.515,10000.0,-1.779906,0.008166,1.097965,0.256107
64768,253,14.8333,0.515,10000.0,1.264117,0.130133,1.09795,0.767419
65024,254,14.8333,0.515,10000.0,0.869591,0.168255,1.097937,0.701568
65280,255,14.8333,0.515,10000.0,0.168793,0.001478,1.097952,0.024465
65536,256,14.8333,0.515,10000.0,0.047349,0.006546,1.097907,0.034358
65792,257,14.8333,0.515,10000.0,-0.463331,0.001053,1.097947,0.038196
66048,258,14.8333,0.515,10000.0,-0.501677,0.001277,1.097956,0.043507
66304,259,14.8333,0.515,10000.0,0.237482,0.002341,1.097965,0.034865
66560,260,14.8333,0.515,10000.0,-1.200891,0.001886,1.097934,0.144968
66816,261,14.8333,0.515,10000.0,-0.680779,0.003854,1.098141,0.095298
67072,262,14.8333,0.515,10000.0,0.169822,0.000997,1.098068,0.018986
67328,263,14.8333,0.515,10000.0,-1.473029,0.007629,1.09821,0.258579
67584,264,14.8333,0.515,10000.0,-0.856085,0.003941,1.098047,0.111483
67840,265,14.8333,0.515,10000.0,0.63665,0.119584,1.098124,0.45176
68096,266,14.8333,0.515,10000.0,0.082178,0.001366,1.098016,0.012088
68352,267,14.8333,0.515,10000.0,-0.883898,0.000683,1.098067,0.068458
68608,268,14.8333,0.515,10000.0,1.657647,0.170411,1.097999,0.918456
68864,269,14.8333,0.515,10000.0,-1.348778,0.006246,1.098066,0.181895
69120,270,14.8333,0.515,10000.0,-1.949364,0.005193,1.098091,0.185185
69376,271,14.8333,0.515,10000.0,-1.572728,0.004083,1.098097,0.23011
69632,272,14.8333,0.515,10000.0,-0.694161,0.001096,1.097977,0.057004
69888,273,14.8333,0.515,10000.0,-0.453877,0.000871,1.098074,0.035838
70144,274,14.2857,0.4975,10000.0,1.218189,0.223578,1.098153,0.953177
70400,275,14.2857,0.4975,10000.0,-1.436187,0.000743,1.098129,0.079249
70656,276,14.2857,0.4975,10000.0,-1.776607,0.006581,1.098204,0.226213
70912,277,14.2857,0.4975,10000.0,0.868795,0.35904,1.098262,0.966697
71168,278,14.2857,0.4975,10000.0,0.223316,0.067163,1.098126,0.13292
71424,279,14.2857,0.4975,10000.0,-0.187831,0.000887,1.098234,0.019248
71680,280,14.2857,0.4975,10000.0,0.807746,0.112374,1.098155,0.54234
71936,281,14.2857,0.4975,10000.0,0.938205,0.156289,1.098111,0.693704
72192,282,14.2857,0.4975,10000.0,1.286876,0.135891,1.098121,0.765394
72448,283,14.2857,0.4975,10000.0,-3.398071,0.005288,1.098155,0.227569
72704,284,14.2857,0.4975,10000.0,0.965266,0.141003,1.098153,0.670267
72960,285,14.2857,0.4975,10000.0,-2.235757,0.010075,1.098143,0.39169
73216,286,14.2857,0.4975,10000.0,-1.376184,0.011596,1.09823,0.26955
73472,287,14.2857,0.4975,10000.0,0.553597,0.086533,1.09829,0.347819
73728,288,14.2857,0.4975,10000.0,0.729268,0.111082,1.09836,0.493788
73984,289,14.2857,0.4975,10000.0,-0.116,0.052322,1.098269,0.10756
74240,290,14.2857,0.4975,10000.0,-3.128614,0.045575,1.098314,0.569673
74496,291,14.2857,0.4975,10000.0,-2.250062,0.021648,1.098266,0.392503
74752,292,14.2857,0.4975,10000.0,-0.000749,0.08062,1.098308,0.041755
75008,293,14.2857,0.4975,10000.0,-3.979922,0.022618,1.098245,0.464398
75264,294,14.2857,0.4975,10000.0,0.657165,0.094159,1.098328,0.45248
75520,295,14.2857,0.4975,10000.0,-2.086832,0.036474,1.098322,0.490775
75776,296,14.2857,0.4975,10000.0,0.503058,0.10744,1.098391,0.362311
76032,297,14.2857,0.4975,10000.0,0.773156,0.089081,1.098341,0.487241
76288,298,14.2857,0.4975,10000.0,-2.716653,0.042013,1.098355,0.550266
76544,299,14.2857,0.4975,10000.0,0.552308,0.096078,1.098362,0.389488
76800,300,14.2857,0.4975,10000.0,-0.167831,0.064019,1.098364,0.129611
77056,301,14.2857,0.4975,10000.0,0.180074,0.071842,1.098361,0.121415
77312,302,14.2857,0.4975,10000.0,-3.409728,0.039214,1.098363,0.5576
77568,303,14.2857,0.4975,10000.0,-2.828074,0.04911,1.098362,0.60797
77824,304,14.2857,0.4975,10000.0,-2.281828,0.031058,1.098337,0.466758
78080,305,14.2857,0.4975,10000.0,-3.013416,0.023533,1.09837,0.452876
78336,306,14.2857,0.4975,10000.0,-2.737224,0.04847,1.098379,0.594282
78592,307,14.2857,0.4975,10000.0,0.706455,0.071005,1.098384,0.384562
78848,308,14.2857,0.4975,10000.0,-2.849996,0.012079,1.098335,0.38709
79104,309,14.2857,0.4975,10000.0,-1.608853,0.014002,1.098328,0.277179
79360,310,14.2857,0.4975,10000.0,-1.769151,0.019659,1.098385,0.338367
79616,311,14.2857,0.4975,10000.0,0.680918,0.130281,1.098317,0.513179
79872,312,14.2857,0.4975,10000.0,-0.793253,0.003606,1.098351,0.107415
80128,313,15.0,0.5089,10000.0,-1.462776,0.014083,1.098339,0.262189
80384,314,15.0,0.5089,10000.0,0.85722,0.122894,1.098337,0.590753
80640,315,15.0,0.5089,10000.0,-1.196956,0.010868,1.098344,0.223169
80896,316,15.0,0.5089,10000.0,-1.540244,0.011009,1.098366,0.266195
81152,317,15.0,0.5089,10000.0,-0.937226,0.01832,1.098381,0.235581
81408,318,15.0,0.5089,10000.0,0.868476,0.15151,1.098308,0.649357
81664,319,15.0,0.5089,10000.0,-0.505313,0.003908,1.098323,0.073617
81920,320,15.0,0.5089,10000.0,1.130462,0.126063,1.098343,0.664249
82176,321,15.0,0.5089,10000.0,0.959875,0.087594,1.098331,0.511786
82432,322,15.0,0.5089,10000.0,-0.776008,0.005972,1.098328,0.121419
82688,323,15.0,0.5089,10000.0,-1.004417,0.008034,1.098342,0.1606
82944,324,15.0,0.5089,10000.0,0.871885,0.087424,1.098337,0.46932
83200,325,15.0,0.5089,10000.0,-1.2125,0.004422,1.098256,0.151846
83456,326,15.0,0.5089,10000.0,-0.230776,0.00231,1.098248,0.027865
83712,327,15.0,0.5089,10000.0,0.222582,0.081004,1.098294,0.14862
83968,328,15.0,0.5089,10000.0,0.349205,0.121871,1.098261,0.302036
84224,329,15.0,0.5089,10000.0,-3.124931,0.004256,1.098238,0.267811
84480,330,15.0,0.5089,10000.0,-2.240942,0.016986,1.098305,0.318071
84736,331,15.0,0.5089,10000.0,-1.701724,0.008141,1.098272,0.218786
84992,332,15.0,0.5089,10000.0,-1.789235,0.008802,1.098275,0.222287
85248,333,15.0,0.5089,10000.0,1.181881,0.148945,1.098263,0.748601
85504,334,15.0,0.5089,10000.0,1.100638,0.115493,1.098274,0.647063
85760,335,15.0,0.5089,10000.0,-1.513875,0.008699,1.09822,0.243979
86016,336,15.0,0.5089,10000.0,0.758669,0.223515,1.098309,0.708555
86272,337,15.0,0.5089,10000.0,0.495641,0.105749,1.098268,0.351541
86528,338,15.0,0.5089,10000.0,-2.237849,0.006471,1.098259,0.27508
86784,339,15.0,0.5089,10000.0,0.797669,0.091399,1.098305,0.482998
87040,340,15.0,0.5089,10000.0,-2.23302,0.022102,1.098304,0.36803
87296,341,15.0,0.5089,10000.0,0.883052,0.11689,1.098301,0.56134
87552,342,15.0,0.5089,10000.0,-2.194197,0.009072,1.098272,0.332663
87808,343,15.0,0.5089,10000.0,0.162143,0.080728,1.098309,0.107532
88064,344,15.0,0.5089,10000.0,-1.718929,0.024991,1.098288,0.370862
88320,345,15.0,0.5089,10000.0,0.906132,0.104346,1.098318,0.53957
88576,346,15.0,0.5089,10000.0,-2.561529,0.014861,1.098265,0.371182
88832,347,15.0,0.5089,10000.0,-2.03593,0.023021,1.098281,0.376053
89088,348,15.0,0.5089,10000.0,-1.318692,0.02428,1.098305,0.320577
89344,349,15.0,0.5089,10000.0,-1.780188,0.028932,1.098317,0.379047
89600,350,15.0,0.5089,10000.0,-2.366085,0.027202,1.098319,0.428345
89856,351,15.0,0.5089,10000.0,-2.162961,0.010298,1.098268,0.326968
90112,352,15.1111,0.5097,10000.0,-0.188413,0.082852,1.098289,0.137479
90368,353,15.1111,0.5097,10000.0,-1.741341,0.008738,1.098286,0.229656
90624,354,15.1111,0.5097,10000.0,1.567551,0.308203,1.098325,1.202541
90880,355,15.1111,0.5097,10000.0,-1.749323,0.004932,1.098324,0.190725
91136,356,15.1111,0.5097,10000.0,-0.517272,0.02694,1.09835,0.191875
91392,357,15.1111,0.5097,10000.0,0.816217,0.124044,1.098328,0.572454
91648,358,15.1111,0.5097,10000.0,0.119647,0.003972,1.098328,0.022212
91904,359,15.1111,0.5097,10000.0,0.525046,0.075174,1.098345,0.312549
92160,360,15.1111,0.5097,10000.0,-2.716318,0.01995,1.098353,0.365819
92416,361,15.1111,0.5097,10000.0,1.180739,0.104721,1.098349,0.647129
92672,362,15.1111,0.5097,10000.0,1.205041,0.130269,1.09834,0.725107
92928,363,15.1111,0.5097,10000.0,-1.534776,0.010856,1.09833,0.225424
93184,364,15.1111,0.5097,10000.0,-2.219414,0.007623,1.09834,0.259145
93440,365,15.1111,0.5097,10000.0,-0.0448,0.066196,1.098346,0.052625
93696,366,15.1111,0.5097,10000.0,-1.006681,0.003662,1.098347,0.169393
93952,367,15.1111,0.5097,10000.0,0.350736,0.076609,1.098354,0.227876
94208,368,15.1111,0.5097,10000.0,-1.280585,0.005853,1.098359,0.197481
94464,369,15.1111,0.5097,10000.0,-1.272375,0.025586,1.098344,0.321965
94720,370,15.1111,0.5097,10000.0,-1.602453,0.024643,1.098351,0.364721
94976,371,15.1111,0.5097,10000.0,-1.32077,0.007831,1.098342,0.243553
95232,372,15.1111,0.5097,10000.0,-1.838726,0.032249,1.098373,0.424242
95488,373,15.1111,0.5097,10000.0,1.166283,0.143878,1.098353,0.771122
95744,374,15.1111,0.5097,10000.0,-2.334785,0.017558,1.098358,0.329703
96000,375,15.1111,0.5097,10000.0,-0.895786,0.010837,1.098381,0.183454
96256,376,15.1111,0.5097,10000.0,-1.079865,0.006531,1.098377,0.175721
96512,377,15.1111,0.5097,10000.0,-0.119086,0.001491,1.098379,0.019204
96768,378,15.1111,0.5097,10000.0,-0.013576,0.02956,1.098369,0.043029
97024,379,15.1111,0.5097,10000.0,-0.893963,0.000624,1.098359,0.057688
97280,380,15.1111,0.5097,10000.0,-1.13772,0.001157,1.098364,0.077029
97536,381,15.1111,0.5097,10000.0,-0.334806,0.001342,1.098359,0.035488
97792,382,15.1111,0.5097,10000.0,1.429842,0.117194,1.098341,0.708981
98048,383,15.1111,0.5097,10000.0,-0.057886,0.002974,1.098379,0.013522
98304,384,15.1111,0.5097,10000.0,-0.246774,0.007701,1.098376,0.054135
98560,385,15.1111,0.5097,10000.0,0.54654,0.082481,1.098376,0.322246
98816,386,15.1111,0.5097,10000.0,1.627934,0.250101,1.098372,1.099275
99072,387,15.1111,0.5097,10000.0,-0.085334,0.005683,1.098363,0.024022
99328,388,15.1111,0.5097,10000.0,0.007189,0.07578,1.098369,0.038282
99584,389,15.1111,0.5097,10000.0,-1.568833,0.007402,1.098368,0.19397
99840,390,15.1111,0.5097,10000.0,1.34283,0.174525,1.098371,0.851612
100096,391,15.4,0.5087,10000.0,-1.422331,0.013388,1.09837,0.247248
100352,392,15.4,0.5087,10000.0,0.678766,0.12351,1.09836,0.477194
100608,393,15.4,0.5087,10000.0,0.247389,0.001529,1.098355,0.034741
100864,394,15.4,0.5087,10000.0,-2.312207,0.010597,1.098372,0.26955
101120,395,15.4,0.5087,10000.0,0.142431,0.062533,1.098349,0.099399
101376,396,15.4,0.5087,10000.0,0.823502,0.107707,1.098357,0.490711
101632,397,15.4,0.5087,10000.0,-2.730787,0.007365,1.098372,0.352153
101888,398,15.4,0.5087,10000.0,-2.094502,0.008998,1.098341,0.251718
102144,399,15.4,0.5087,10000.0,0.926532,0.103444,1.098336,0.534282
102400,400,15.4,0.5087,10000.0,-1.555236,0.022741,1.098324,0.353603
102656,401,15.4,0.5087,10000.0,-0.28396,0.023794,1.098333,0.10947
102912,402,15.4,0.5087,10000.0,0.986206,0.134441,1.098348,0.649894
103168,403,15.4,0.5087,10000.0,-3.692743,0.01025,1.098325,0.438153
103424,404,15.4,0.5087,10000.0,-2.068285,0.030555,1.098321,0.465396
103680,405,15.4,0.5087,10000.0,1.12851,0.124289,1.098332,0.643631
103936,406,15.4,0.5087,10000.0,0.989175,0.113877,1.098309,0.602576
104192,407,15.4,0.5087,10000.0,-1.882846,0.008747,1.098329,0.266321
104448,408,15.4,0.5087,10000.0,0.739353,0.099408,1.098308,0.443356
104704,409,15.4,0.5087,10000.0,-0.75582,0.014005,1.098274,0.177244
104960,410,15.4,0.5087,10000.0,-1.916244,0.02539,1.098256,0.415573
105216,411,15.4,0.5087,10000.0,0.463513,0.096758,1.098307,0.3315
105472,412,15.4,0.5087,10000.0,0.351285,0.095434,1.098284,0.253338
105728,413,15.4,0.5087,10000.0,-2.206147,0.018288,1.098284,0.330527
105984,414,15.4,0.5087,10000.0,-1.420964,0.033438,1.098242,0.38488
106240,415,15.4,0.5087,10000.0,-2.011197,0.047238,1.098225,0.527647
106496,416,15.4,0.5087,10000.0,0.913198,0.211818,1.098259,0.772053
106752,417,15.4,0.5087,10000.0,0.998214,0.094374,1.09826,0.554207
107008,418,15.4,0.5087,10000.0,-1.055525,0.027566,1.098265,0.297159
107264,419,15.4,0.5087,10000.0,-1.88283,0.021219,1.098246,0.35016
107520,420,15.4,0.5087,10000.0,0.341788,0.09802,1.098245,0.238126
107776,421,15.4,0.5087,10000.0,-2.09893,0.015793,1.098259,0.299701
108032,422,15.4,0.5087,10000.0,0.869566,0.120767,1.098229,0.592283
108288,423,15.4,0.5087,10000.0,1.632154,0.22244,1.098214,1.031397
108544,424,15.4,0.5087,10000.0,-2.635188,0.032365,1.098242,0.442498
108800,425,15.4,0.5087,10000.0,0.638676,0.089059,1.098214,0.383971
109056,426,15.4,0.5087,10000.0,-2.094781,0.020423,1.098228,0.353501
109312,427,15.4,0.5087,10000.0,0.954527,0.099464,1.098204,0.5593
109568,428,15.4,0.5087,10000.0,-1.538865,0.018058,1.098195,0.294606
109824,429,15.4,0.5087,10000.0,0.510165,0.099192,1.098178,0.354433
110080,430,15.9091,0.509,10000.0,-0.032061,0.135039,1.098181,0.071857
110336,431,15.9091,0.509,10000.0,-3.230695,0.026624,1.098207,0.479129
110592,432,15.9091,0.509,10000.0,-2.405033,0.036349,1.098178,0.514201
110848,433,15.9091,0.509,10000.0,-2.364662,0.020349,1.098211,0.489218
111104,434,15.9091,0.509,10000.0,-0.006754,0.067507,1.098188,0.049833
111360,435,15.9091,0.509,10000.0,0.448208,0.080814,1.098175,0.296395
111616,436,15.9091,0.509,10000.0,0.495125,0.074343,1.098172,0.302024
111872,437,15.9091,0.509,10000.0,-2.256989,0.033317,1.098172,0.462069
112128,438,15.9091,0.509,10000.0,1.117497,0.259166,1.098158,0.987443
112384,439,15.9091,0.509,10000.0,-2.497947,0.046414,1.098157,0.529743
112640,440,15.9091,0.509,10000.0,0.761744,0.084976,1.098141,0.463616
112896,441,15.9091,0.509,10000.0,0.675791,0.088338,1.098138,0.423762
113152,442,15.9091,0.509,10000.0,0.414208,0.101808,1.098115,0.311521
113408,443,15.9091,0.509,10000.0,-1.036762,0.025523,1.098122,0.310923
113664,444,15.9091,0.509,10000.0,-1.755816,0.04277,1.09814,0.495543
113920,445,15.9091,0.509,10000.0,-0.58594,0.056179,1.098116,0.304541
114176,446,15.9091,0.509,10000.0,-2.029805,0.016883,1.098065,0.325077
114432,447,15.9091,0.509,10000.0,-3.304544,0.042734,1.098116,0.532121
114688,448,15.9091,0.509,10000.0,1.05397,0.175547,1.098076,0.807761
114944,449,15.9091,0.509,10000.0,0.936365,0.200678,1.098108,0.776286
115200,450,15.9091,0.509,10000.0,-1.39304,0.018012,1.098093,0.291292
115456,451,15.9091,0.509,10000.0,-0.902834,0.087787,1.098137,0.508413
115712,452,15.9091,0.509,10000.0,0.909618,0.099292,1.098106,0.576494
115968,453,15.9091,0.509,10000.0,-1.740161,0.012881,1.09806,0.282574
116224,454,15.9091,0.509,10000.0,-3.246098,0.03035,1.098101,0.525443
116480,455,15.9091,0.509,10000.0,0.145659,0.111832,1.09811,0.130689
116736,456,15.9091,0.509,10000.0,-1.488628,0.009953,1.098057,0.255955
116992,457,15.9091,0.509,10000.0,-1.075402,0.005023,1.098027,0.13411
117248,458,15.9091,0.509,10000.0,-1.140042,0.03583,1.098093,0.368898
117504,459,15.9091,0.509,10000.0,-0.300545,0.04961,1.09808,0.163584
117760,460,15.9091,0.509,10000.0,0.442933,0.057707,1.098029,0.236512
118016,461,15.9091,0.509,10000.0,-0.268262,0.052728,1.098051,0.149987
118272,462,15.9091,0.509,10000.0,-2.149377,0.011913,1.097987,0.304228
118528,463,15.9091,0.509,10000.0,-1.462757,0.014955,1.097966,0.276632
118784,464,15.9091,0.509,10000.0,-2.396576,0.016199,1.098003,0.342621
119040,465,15.9091,0.509,10000.0,-1.454644,0.011971,1.098032,0.24793
119296,466,15.9091,0.509,10000.0,-0.782264,0.00415,1.09791,0.109743
119552,467,15.9091,0.509,10000.0,-1.096696,0.007604,1.097945,0.170342
119808,468,15.9091,0.509,10000.0,-0.816671,0.007402,1.098009,0.142804
120064,469,16.1667,0.5118,10000.0,-0.574234,0.0063,1.098001,0.110168
120320,470,16.1667,0.5118,10000.0,1.110904,0.114532,1.097931,0.61857
120576,471,16.1667,0.5118,10000.0,1.343701,0.293303,1.098007,1.110278
120832,472,16.1667,0.5118,10000.0,0.655532,0.12806,1.097957,0.479826
121088,473,16.1667,0.5118,10000.0,0.130319,0.001605,1.097833,0.022208
121344,474,16.1667,0.5118,10000.0,1.514887,0.14187,1.098012,0.790382
121600,475,16.1667,0.5118,10000.0,1.010088,0.10963,1.09803,0.592215
121856,476,16.1667,0.5118,10000.0,-0.8705,0.010028,1.097958,0.171064
122112,477,16.1667,0.5118,10000.0,-0.792019,0.018192,1.097989,0.210489
122368,478,16.1667,0.5118,10000.0,1.312536,0.172227,1.097955,0.81944
122624,479,16.1667,0.5118,10000.0,-2.730196,0.024753,1.098048,0.408884
122880,480,16.1667,0.5118,10000.0,-0.998292,0.023491,1.098032,0.262161
123136,481,16.1667,0.5118,10000.0,-0.804997,0.006124,1.097943,0.132574
123392,482,16.1667,0.5118,10000.0,1.054567,0.003105,1.097925,0.114722
123648,483,16.1667,0.5118,10000.0,1.111189,0.136252,1.097995,0.700445
123904,484,16.1667,0.5118,10000.0,-1.327078,0.00671,1.097956,0.192041
124160,485,16.1667,0.5118,10000.0,0.156794,0.056088,1.097979,0.082483
124416,486,16.1667,0.5118,10000.0,0.978346,0.127512,1.098012,0.622605
124672,487,16.1667,0.5118,10000.0,-1.458728,0.025012,1.097982,0.322427
124928,488,16.1667,0.5118,10000.0,1.384514,0.253779,1.098002,0.992063
125184,489,16.1667,0.5118,10000.0,1.019872,0.116222,1.097985,0.588435
125440,490,16.1667,0.5118,10000.0,-2.098076,0.031635,1.097994,0.403051
125696,491,16.1667,0.5118,10000.0,-1.621853,0.015197,1.09798,0.27968
125952,492,16.1667,0.5118,10000.0,-2.26732,0.011561,1.097883,0.351539
126208,493,16.1667,0.5118,10000.0,0.718179,0.084646,1.097979,0.390061
126464,494,16.1667,0.5118,10000.0,-1.59869,0.009916,1.097965,0.247167
126720,495,16.1667,0.5118,10000.0,-2.46472,0.026472,1.097964,0.380782
126976,496,16.1667,0.5118,10000.0,-1.714818,0.009213,1.097906,0.235099
127232,497,16.1667,0.5118,10000.0,0.995038,0.088018,1.09796,0.498408
127488,498,16.1667,0.5118,10000.0,-2.567779,0.012071,1.097923,0.262484
127744,499,16.1667,0.5118,10000.0,0.996412,0.123095,1.097921,0.597938
128000,500,16.1667,0.5118,10000.0,-1.859981,0.014947,1.097898,0.282082
128256,501,16.1667,0.5118,10000.0,-0.20989,0.060884,1.097913,0.121308
128512,502,16.1667,0.5118,10000.0,-2.038979,0.035836,1.097976,0.421381
128768,503,16.1667,0.5118,10000.0,-3.338633,0.011763,1.097906,0.286092
129024,504,16.1667,0.5118,10000.0,-1.887895,0.010741,1.097835,0.303222
129280,505,16.1667,0.5118,10000.0,-1.253345,0.0222,1.097888,0.285496
129536,506,16.1667,0.5118,10000.0,1.237356,0.122605,1.097901,0.65967
129792,507,16.1667,0.5118,10000.0,0.588768,0.094406,1.097932,0.354256
130048,508,16.3846,0.5073,10000.0,-2.006514,0.011436,1.097831,0.253101
130304,509,16.3846,0.5073,10000.0,1.258437,0.113147,1.097939,0.631609
130560,510,16.3846,0.5073,10000.0,-2.155415,0.025597,1.097941,0.422528
130816,511,16.3846,0.5073,10000.0,-1.904231,0.022279,1.09796,0.33994
131072,512,16.3846,0.5073,10000.0,-1.091583,0.018839,1.097904,0.249083
131328,513,16.3846,0.5073,10000.0,-0.061689,0.08096,1.097893,0.056665
131584,514,16.3846,0.5073,10000.0,0.107872,0.072746,1.097875,0.086281
131840,515,16.3846,0.5073,10000.0,0.819905,0.118962,1.09783,0.497598
132096,516,16.3846,0.5073,10000.0,0.278552,0.077898,1.097922,0.166697
132352,517,16.3846,0.5073,10000.0,1.505216,0.754111,1.097894,1.726889
132608,518,16.3846,0.5073,10000.0,-1.349611,0.018634,1.097969,0.266615
132864,519,16.3846,0.5073,10000.0,-1.053948,0.013134,1.097919,0.203162
133120,520,16.3846,0.5073,10000.0,0.090347,0.063921,1.097898,0.051854
133376,521,16.3846,0.5073,10000.0,-1.634288,0.01152,1.097909,0.243863
133632,522,16.3846,0.5073,10000.0,1.308454,0.145905,1.097905,0.724991
133888,523,16.3846,0.5073,10000.0,-1.821616,0.009296,1.097924,0.218837
134144,524,16.3846,0.5073,10000.0,-2.445506,0.00785,1.097892,0.261257
134400,525,16.3846,0.5073,10000.0,0.799785,0.139639,1.097883,0.574145
134656,526,16.3846,0.5073,10000.0,-0.562352,0.010686,1.097927,0.123151
134912,527,16.3846,0.5073,10000.0,0.88369,0.385195,1.097956,0.960834
135168,528,16.3846,0.5073,10000.0,-0.661133,0.012838,1.09793,0.145596
135424,529,16.3846,0.5073,10000.0,-2.045315,0.01312,1.097898,0.26097
135680,530,16.3846,0.5073,10000.0,0.769078,0.101522,1.097951,0.458246
135936,531,16.3846,0.5073,10000.0,0.903714,0.132905,1.097958,0.571369
136192,532,16.3846,0.5073,10000.0,-1.846357,0.007598,1.097904,0.204696
136448,533,16.3846,0.5073,10000.0,0.424823,0.071195,1.097918,0.231911
136704,534,16.3846,0.5073,10000.0,-2.31544,0.015499,1.09789,0.310889
136960,535,16.3846,0.5073,10000.0,-2.167385,0.013079,1.097882,0.270469
137216,536,16.3846,0.5073,10000.0,0.353385,0.137082,1.097855,0.279256
137472,537,16.3846,0.5073,10000.0,0.556452,0.105341,1.097884,0.359268
137728,538,16.3846,0.5073,10000.0,2.444372,0.824032,1.09788,2.087388
137984,539,16.3846,0.5073,10000.0,-2.366847,0.036917,1.097879,0.448256
138240,540,16.3846,0.5073,10000.0,-2.552517,0.022453,1.097874,0.43837
138496,541,16.3846,0.5073,10000.0,-1.492168,0.015099,1.097871,0.30191
138752,542,16.3846,0.5073,10000.0,-1.957331,0.032125,1.097909,0.400457
139008,543,16.3846,0.5073,10000.0,-1.784398,0.020132,1.097886,0.360997
139264,544,16.3846,0.5073,10000.0,-1.909112,0.014714,1.097895,0.274555
139520,545,16.3846,0.5073,10000.0,-0.832405,0.04717,1.097877,0.325873
139776,546,16.3846,0.5073,10000.0,-1.940417,0.035109,1.097854,0.420532
140032,547,16.9286,0.5067,10000.0,-2.269355,0.026568,1.097891,0.393612
140288,548,16.9286,0.5067,10000.0,0.683929,0.078877,1.097807,0.363762
140544,549,16.9286,0.5067,10000.0,-0.913652,0.009129,1.097886,0.159695
140800,550,16.9286,0.5067,10000.0,-2.10411,0.013337,1.097902,0.253957
141056,551,16.9286,0.5067,10000.0,-1.799298,0.012999,1.097842,0.270502
141312,552,16.9286,0.5067,10000.0,-2.973425,0.020946,1.097883,0.429315
141568,553,16.9286,0.5067,10000.0,0.658204,0.130975,1.097811,0.461118
141824,554,16.9286,0.5067,10000.0,-1.024536,0.01696,1.097806,0.221805
142080,555,16.9286,0.5067,10000.0,0.155979,0.049064,1.097875,0.082221
142336,556,16.9286,0.5067,10000.0,1.282441,0.245911,1.097814,0.914365
142592,557,16.9286,0.5067,10000.0,-0.401437,0.00642,1.09788,0.070871
142848,558,16.9286,0.5067,10000.0,-0.892901,0.002791,1.097804,0.10088
143104,559,16.9286,0.5067,10000.0,-1.0104,0.002753,1.097833,0.149177
143360,560,16.9286,0.5067,10000.0,-2.381173,0.024913,1.097744,0.36372
143616,561,16.9286,0.5067,10000.0,1.234808,0.149891,1.097802,0.732396
143872,562,16.9286,0.5067,10000.0,-1.149247,0.008098,1.097843,0.167366
144128,563,16.9286,0.5067,10000.0,1.435651,0.178848,1.097916,0.829485
144384,564,16.9286,0.5067,10000.0,-0.446768,0.005589,1.097882,0.075093
144640,565,16.9286,0.5067,10000.0,1.825607,0.467344,1.09783,1.423946
144896,566,16.9286,0.5067,10000.0,-2.199161,0.014784,1.097903,0.293271
145152,567,16.9286,0.5067,10000.0,-1.22279,0.006704,1.097866,0.170104
145408,568,16.9286,0.5067,10000.0,1.081679,0.148712,1.097905,0.651577
145664,569,16.9286,0.5067,10000.0,-0.895485,0.004675,1.097918,0.14236
145920,570,16.9286,0.5067,10000.0,-0.857971,0.003604,1.097897,0.091307
146176,571,16.9286,0.5067,10000.0,-1.810182,0.011995,1.097933,0.235755
146432,572,16.9286,0.5067,10000.0,0.778604,0.122414,1.097859,0.482781
146688,573,16.9286,0.5067,10000.0,0.413086,0.095112,1.097813,0.261072
146944,574,16.9286,0.5067,10000.0,0.111989,0.04313,1.097956,0.06211
147200,575,16.9286,0.5067,10000.0,-1.401827,0.006884,1.097925,0.197642
147456,576,16.9286,0.5067,10000.0,-2.620541,0.009151,1.097921,0.236054
147712,577,16.9286,0.5067,10000.0,-0.994014,0.00391,1.097839,0.123691
147968,578,16.9286,0.5067,10000.0,-0.663283,0.030049,1.097794,0.214373
148224,579,16.9286,0.5067,10000.0,-1.298987,0.012789,1.097837,0.224443
148480,580,16.9286,0.5067,10000.0,-1.406716,0.008259,1.097948,0.215078
148736,581,16.9286,0.5067,10000.0,0.337357,0.094171,1.09776,0.227545
148992,582,16.9286,0.5067,10000.0,-0.806172,0.009895,1.097869,0.146455
149248,583,16.9286,0.5067,10000.0,-1.016959,0.006755,1.097839,0.147883
149504,584,16.9286,0.5067,10000.0,-0.756215,0.004695,1.097758,0.099429
149760,585,16.9286,0.5067,10000.0,-1.641407,0.015773,1.09777,0.271172
150016,586,17.0,0.498,10000.0,0.485305,0.095857,1.097771,0.297613
150272,587,17.0,0.498,10000.0,1.30281,0.14867,1.097965,0.678624
150528,588,17.0,0.498,10000.0,0.758363,0.108831,1.097791,0.434946
150784,589,17.0,0.498,10000.0,-1.930272,0.00948,1.097758,0.218161
151040,590,17.0,0.498,10000.0,0.431752,0.091738,1.097804,0.268735
151296,591,17.0,0.498,10000.0,-0.105991,0.03038,1.097876,0.051384
151552,592,17.0,0.498,10000.0,-2.069605,0.011867,1.097756,0.282031
151808,593,17.0,0.498,10000.0,-1.044619,0.005342,1.097832,0.15486
152064,594,17.0,0.498,10000.0,-1.863715,0.006513,1.09789,0.201239
152320,595,17.0,0.498,10000.0,-1.573053,0.002963,1.097861,0.120694
152576,596,17.0,0.498,10000.0,1.240417,0.176798,1.097822,0.766798
152832,597,17.0,0.498,10000.0,-1.676984,0.005692,1.097879,0.169857
153088,598,17.0,0.498,10000.0,-0.828094,0.011855,1.097719,0.16162
153344,599,17.0,0.498,10000.0,0.194302,0.054306,1.097887,0.099189
153600,600,17.0,0.498,10000.0,0.545771,0.129164,1.097704,0.387007
153856,601,17.0,0.498,10000.0,-2.106457,0.007703,1.097931,0.214315
154112,602,17.0,0.498,10000.0,0.794393,0.122817,1.097791,0.497178
154368,603,17.0,0.498,10000.0,-2.389877,0.01142,1.09772,0.267143
154624,604,17.0,0.498,10000.0,-1.572355,0.004226,1.09767,0.145676
154880,605,17.0,0.498,10000.0,1.047308,0.131642,1.097856,0.58433
155136,606,17.0,0.498,10000.0,1.006606,0.243481,1.097652,0.797791
155392,607,17.0,0.498,10000.0,-2.328999,0.017222,1.097796,0.316427
155648,608,17.0,0.498,10000.0,-1.924376,0.019083,1.097742,0.310391
155904,609,17.0,0.498,10000.0,0.956863,0.123108,1.097683,0.550417
156160,610,17.0,0.498,10000.0,-2.379639,0.005387,1.097885,0.222957
156416,611,17.0,0.498,10000.0,-1.956027,0.022508,1.0978,0.328857
156672,612,17.0,0.498,10000.0,1.001111,0.137155,1.097707,0.593296
156928,613,17.0,0.498,10000.0,0.950684,0.128208,1.097592,0.555112
157184,614,17.0,0.498,10000.0,0.166019,0.067859,1.097476,0.116563
157440,615,17.0,0.498,10000.0,-1.680467,0.01869,1.097601,0.288588
157696,616,17.0,0.498,10000.0,-1.896276,0.018904,1.097661,0.338913
157952,617,17.0,0.498,10000.0,-2.694335,0.019611,1.097532,0.331571
158208,618,17.0,0.498,10000.0,-1.188461,0.009536,1.097617,0.203464
158464,619,17.0,0.498,10000.0,0.500124,0.068566,1.097499,0.263867
158720,620,17.0,0.498,10000.0,0.915281,0.120414,1.09725,0.528556
158976,621,17.0,0.498,10000.0,-2.560837,0.016745,1.097492,0.474756
159232,622,17.0,0.498,10000.0,-1.842617,0.020331,1.097299,0.307094
159488,623,17.0,0.498,10000.0,-2.189695,0.016183,1.097504,0.303221
159744,624,17.0,0.498,10000.0,-1.667881,0.007209,1.097533,0.206359
160000,625,17.0625,0.4981,10000.0,-0.473017,0.062441,1.097439,0.252166
160256,626,17.0625,0.4981,10000.0,0.678519,0.106892,1.097106,0.419599
160512,627,17.0625,0.4981,10000.0,0.609783,0.118,1.096983,0.425372
160768,628,17.0625,0.4981,10000.0,0.573953,0.08965,1.097315,0.344013
161024,629,17.0625,0.4981,10000.0,-2.270034,0.034768,1.097032,0.441761
161280,630,17.0625,0.4981,10000.0,0.451762,0.089227,1.097319,0.296881
161536,631,17.0625,0.4981,10000.0,-0.198786,0.064376,1.09735,0.124447
161792,632,17.0625,0.4981,10000.0,0.112334,0.089242,1.09686,0.092313
162048,633,17.0625,0.4981,10000.0,-1.080959,0.024116,1.097102,0.262612
162304,634,17.0625,0.4981,10000.0,-1.32862,0.018174,1.097195,0.26241
162560,635,17.0625,0.4981,10000.0,0.121947,0.078956,1.097231,0.091648
162816,636,17.0625,0.4981,10000.0,-3.00457,0.012106,1.097301,0.318845
163072,637,17.0625,0.4981,10000.0,-2.988265,0.034683,1.096934,0.446449
163328,638,17.0625,0.4981,10000.0,-1.731649,0.009694,1.096872,0.24784
163584,639,17.0625,0.4981,10000.0,1.822697,0.381303,1.096725,1.314721
163840,640,17.0625,0.4981,10000.0,-1.957185,0.020545,1.097023,0.324239
164096,641,17.0625,0.4981,10000.0,-1.205259,0.012126,1.096978,0.198941
164352,642,17.0625,0.4981,10000.0,-0.033203,0.058965,1.097025,0.044669
164608,643,17.0625,0.4981,10000.0,0.797709,0.217692,1.096791,0.673613
164864,644,17.0625,0.4981,10000.0,-1.496876,0.013944,1.097057,0.246824
165120,645,17.0625,0.4981,10000.0,0.522738,0.098733,1.096801,0.335224
165376,646,17.0625,0.4981,10000.0,2.17596,0.826817,1.096883,1.98394
165632,647,17.0625,0.4981,10000.0,-1.928292,0.016818,1.096858,0.277053
165888,648,17.0625,0.4981,10000.0,0.462954,0.127229,1.096934,0.343768
166144,649,17.0625,0.4981,10000.0,0.544001,0.078757,1.097044,0.29684
166400,650,17.0625,0.4981,10000.0,1.048921,0.135308,1.097065,0.611793
166656,651,17.0625,0.4981,10000.0,0.366043,0.088492,1.096546,0.233519
166912,652,17.0625,0.4981,10000.0,-1.457474,0.018168,1.096473,0.28528
167168,653,17.0625,0.4981,10000.0,-0.383213,0.054972,1.09653,0.190014
167424,654,17.0625,0.4981,10000.0,-1.261496,0.008424,1.097019,0.198288
167680,655,17.0625,0.4981,10000.0,0.252013,0.074109,1.096588,0.148743
167936,656,17.0625,0.4981,10000.0,0.263682,0.074598,1.096863,0.149133
168192,657,17.0625,0.4981,10000.0,-2.38977,0.014857,1.097068,0.312794
168448,658,17.0625,0.4981,10000.0,-2.411741,0.027951,1.096886,0.422921
168704,659,17.0625,0.4981,10000.0,0.511931,0.27245,1.096776,0.558061
168960,660,17.0625,0.4981,10000.0,-2.449644,0.025172,1.097011,0.391026
169216,661,17.0625,0.4981,10000.0,0.440917,0.107713,1.096735,0.321317
169472,662,17.6471,0.5006,9962.6,0.590405,0.080402,1.096641,0.344264
169728,663,17.6471,0.5006,9962.6,0.802126,0.102111,1.09678,0.465873
169984,664,17.6471,0.5006,9962.6,0.471784,0.062884,1.096728,0.243934
170240,665,17.6471,0.5006,9962.6,0.804962,0.097651,1.096832,0.453311
170496,666,17.6471,0.5006,9962.6,-2.447818,0.021758,1.097077,0.342999
170752,667,17.6471,0.5006,9962.6,-2.249838,0.033118,1.096673,0.43779
171008,668,17.6471,0.5006,9962.6,-2.266953,0.036027,1.096796,0.434129
171264,669,17.6471,0.5006,9962.6,-3.275125,0.025615,1.096838,0.488025
171520,670,17.6471,0.5006,9962.6,-1.593041,0.018668,1.097095,0.313548
171776,671,17.6471,0.5006,9962.6,0.799673,0.10544,1.097028,0.519446
172032,672,17.6471,0.5006,9962.6,0.556061,0.071376,1.096576,0.294467
172288,673,17.6471,0.5006,9962.6,-0.606404,0.041506,1.096778,0.252541
172544,674,17.6471,0.5006,9962.6,0.53133,0.10796,1.096766,0.359316
172800,675,17.6471,0.5006,9962.6,-1.358521,0.015342,1.096973,0.253809
173056,676,17.6471,0.5006,9962.6,-2.071858,0.073005,1.096635,0.623048
173312,677,17.6471,0.5006,9962.6,-2.432742,0.030753,1.097103,0.415745
173568,678,17.6471,0.5006,9962.6,0.269917,0.077147,1.097103,0.182154
173824,679,17.6471,0.5006,9962.6,-1.78193,0.045342,1.096906,0.491144
174080,680,17.6471,0.5006,9962.6,2.124237,0.302039,1.097054,1.210226
174336,681,17.6471,0.5006,9962.6,-1.28854,0.022615,1.09705,0.300311
174592,682,17.6471,0.5006,9962.6,0.314905,0.057647,1.097005,0.173699
174848,683,17.6471,0.5006,9962.6,2.168653,0.273009,1.096945,1.168021
175104,684,17.6471,0.5006,9962.6,-2.58434,0.022027,1.09724,0.40596
175360,685,17.6471,0.5006,9962.6,-1.983627,0.028483,1.097165,0.380195
175616,686,17.6471,0.5006,9962.6,-1.583382,0.039713,1.096672,0.44207
175872,687,17.6471,0.5006,9962.6,-1.807176,0.044299,1.096804,0.446501
176128,688,17.6471,0.5006,9962.6,1.092482,0.112139,1.09706,0.596513
176384,689,17.6471,0.5006,9962.6,-2.583559,0.014378,1.097102,0.33549
176640,690,17.6471,0.5006,9962.6,-2.319488,0.019207,1.097221,0.311584
176896,691,17.6471,0.5006,9962.6,-2.317432,0.006432,1.097261,0.213762
177152,692,17.6471,0.5006,9962.6,-2.994871,0.020887,1.097007,0.427957
177408,693,17.6471,0.5006,9962.6,-1.513529,0.024659,1.097077,0.308623
177664,694,17.6471,0.5006,9962.6,-1.981924,0.018248,1.097319,0.34789
177920,695,17.6471,0.5006,9962.6,-1.417934,0.010076,1.097151,0.205229
178176,696,17.6471,0.5006,9962.6,-1.261821,0.016727,1.097333,0.23837
178432,697,17.6471,0.5006,9962.6,0.2384,0.071584,1.097289,0.134209
178688,698,17.6471,0.5006,9962.6,-0.217211,0.002127,1.097334,0.026055
178944,699,17.6471,0.5006,9962.6,-0.857886,0.005902,1.09741,0.133061
179200,700,17.6471,0.5006,9962.6,1.029046,0.162112,1.096998,0.676818
179456,701,17.5556,0.493,9964.7,-0.684698,0.02186,1.096977,0.190811
179712,702,17.5556,0.493,9964.7,0.83627,0.112287,1.09718,0.479707
179968,703,17.5556,0.493,9964.7,0.302599,0.072348,1.097083,0.171287
180224,704,17.5556,0.493,9964.7,1.528314,0.199766,1.097048,0.877799
180480,705,17.5556,0.493,9964.7,-0.282054,0.003409,1.097111,0.037253
180736,706,17.5556,0.493,9964.7,-1.710681,0.025874,1.096877,0.315798
180992,707,17.5556,0.493,9964.7,-1.258511,0.003948,1.097032,0.131906
181248,708,17.5556,0.493,9964.7,-0.48079,0.005182,1.097117,0.073477
181504,709,17.5556,0.493,9964.7,0.680244,0.133349,1.097067,0.458002
181760,710,17.5556,0.493,9964.7,1.53862,0.15954,1.097146,0.755212
182016,711,17.5556,0.493,9964.7,-0.252022,0.002686,1.096969,0.031657
182272,712,17.5556,0.493,9964.7,1.646504,0.58956,1.097041,1.54128
182528,713,17.5556,0.493,9964.7,1.556808,0.410273,1.096997,1.205156
182784,714,17.5556,0.493,9964.7,1.510683,0.207498,1.097211,0.852137
183040,715,17.5556,0.493,9964.7,-3.22484,0.025494,1.097013,0.45198
183296,716,17.5556,0.493,9964.7,0.471709,0.097235,1.097166,0.281134
183552,717,17.5556,0.493,9964.7,-1.68134,0.00301,1.097392,0.145953
183808,718,17.5556,0.493,9964.7,-0.425381,0.040556,1.096891,0.177003
184064,719,17.5556,0.493,9964.7,0.884433,0.121106,1.096951,0.529803
184320,720,17.5556,0.493,9964.7,-1.915283,0.01863,1.096934,0.363884
184576,721,17.5556,0.493,9964.7,0.716927,0.144232,1.096907,0.46967
184832,722,17.5556,0.493,9964.7,0.983861,0.159646,1.09694,0.620731
185088,723,17.5556,0.493,9964.7,-0.084342,0.054421,1.096927,0.06549
185344,724,17.5556,0.493,9964.7,-1.752202,0.034136,1.096921,0.370101
185600,725,17.5556,0.493,9964.7,0.723475,0.134282,1.09699,0.470009
185856,726,17.5556,0.493,9964.7,0.365516,0.100799,1.096866,0.252699
186112,727,17.5556,0.493,9964.7,0.096397,0.071922,1.096928,0.071397
186368,728,17.5556,0.493,9964.7,-2.833957,0.02381,1.097107,0.358884
186624,729,17.5556,0.493,9964.7,0.862321,0.099182,1.097256,0.464365
186880,730,17.5556,0.493,9964.7,-1.994042,0.038801,1.096791,0.419061
187136,731,17.5556,0.493,9964.7,-2.454437,0.029778,1.097095,0.385754
187392,732,17.5556,0.493,9964.7,-2.017183,0.034997,1.097214,0.436235
187648,733,17.5556,0.493,9964.7,-0.268033,0.058495,1.097206,0.154425
187904,734,17.5556,0.493,9964.7,0.832078,0.100265,1.096914,0.452918
188160,735,18.0526,0.4954,9891.8,-0.260378,0.061677,1.097253,0.14489
188416,736,18.0526,0.4954,9891.8,0.82806,0.26824,1.096911,0.721648
188672,737,18.0526,0.4954,9891.8,-2.520262,0.054144,1.096911,0.497394
188928,738,18.0526,0.4954,9891.8,-2.256372,0.049634,1.097062,0.490623
189184,739,18.0526,0.4954,9891.8,-2.637215,0.033904,1.097001,0.432136
189440,740,18.0526,0.4954,9891.8,-2.422202,0.035069,1.097209,0.416739
189696,741,18.0526,0.4954,9891.8,-2.233817,0.03841,1.096984,0.423375
189952,742,18.0526,0.4954,9891.8,0.277742,0.101311,1.096964,0.188116
190208,743,18.0526,0.4954,9891.8,0.824017,0.122111,1.096996,0.489517
190464,744,18.0526,0.4954,9891.8,-1.970286,0.025452,1.097028,0.334739
190720,745,18.0526,0.4954,9891.8,0.45894,0.094762,1.097264,0.268683
190976,746,18.0526,0.4954,9891.8,0.788926,0.076472,1.096917,0.364189
191232,747,18.0526,0.4954,9891.8,-1.842477,0.01398,1.097123,0.256661
191488,748,18.0526,0.4954,9891.8,-0.089804,0.069089,1.096972,0.06942
191744,749,18.0526,0.4954,9891.8,-2.202647,0.010783,1.096876,0.252951
192000,750,18.0526,0.4954,9891.8,0.769723,0.102078,1.096696,0.417543
192256,751,18.0526,0.4954,9891.8,-2.042112,0.028223,1.096682,0.385057
192512,752,18.0526,0.4954,9891.8,1.227075,0.252989,1.096712,0.855351
192768,753,18.0526,0.4954,9891.8,-2.390643,0.014591,1.097234,0.295943
193024,754,18.0526,0.4954,9891.8,-1.541025,0.018636,1.09696,0.262781
193280,755,18.0526,0.4954,9891.8,0.600876,0.107333,1.097317,0.361012
193536,756,18.0526,0.4954,9891.8,0.265692,0.069418,1.097137,0.143506
193792,757,18.0526,0.4954,9891.8,-2.751996,0.017316,1.097368,0.450132
194048,758,18.0526,0.4954,9891.8,-1.6652,0.008614,1.097131,0.198859
194304,759,18.0526,0.4954,9891.8,-1.198483,0.01697,1.097126,0.250031
194560,760,18.0526,0.4954,9891.8,0.071809,0.09636,1.09698,0.063062
194816,761,18.0526,0.4954,9891.8,0.417112,0.093075,1.096919,0.240434
195072,762,18.0526,0.4954,9891.8,0.831337,0.088339,1.096999,0.402817
195328,763,18.0526,0.4954,9891.8,0.629549,0.089653,1.096683,0.343608
195584,764,18.0526,0.4954,9891.8,-1.923637,0.025957,1.097147,0.34669
195840,765,18.0526,0.4954,9891.8,0.929926,0.12085,1.097051,0.51749
196096,766,18.0526,0.4954,9891.8,1.193972,0.212856,1.096993,0.767436
196352,767,18.0526,0.4954,9891.8,0.48218,0.098343,1.096856,0.287071
196608,768,18.0526,0.4954,9891.8,0.942264,0.130859,1.096885,0.53685
196864,769,18.0526,0.4954,9891.8,0.475934,0.102086,1.097014,0.295116
197120,770,18.3,0.4937,9845.7,0.127816,0.102232,1.09677,0.108867
197376,771,18.3,0.4937,9845.7,-1.961951,0.051252,1.097121,0.459161
197632,772,18.3,0.4937,9845.7,0.84996,0.083002,1.096919,0.413503
197888,773,18.3,0.4937,9845.7,-2.410817,0.047399,1.096821,0.535303
198144,774,18.3,0.4937,9845.7,-3.406419,0.029591,1.09706,0.456975
198400,775,18.3,0.4937,9845.7,0.515354,0.073691,1.096759,0.276634
198656,776,18.3,0.4937,9845.7,-3.007393,0.029441,1.097077,0.439569
198912,777,18.3,0.4937,9845.7,0.692728,0.139776,1.096928,0.468384
199168,778,18.3,0.4937,9845.7,1.541026,0.686182,1.096858,1.620064
199424,779,18.3,0.4937,9845.7,0.227116,0.076239,1.096912,0.129458
199680,780,18.3,0.4937,9845.7,0.107946,0.073566,1.096918,0.086676
199936,781,18.3,0.4937,9845.7,0.660818,0.080324,1.09694,0.347301
200192,782,18.3,0.4937,9845.7,-2.464096,0.052286,1.096936,0.520842
200448,783,18.3,0.4937,9845.7,-2.130656,0.045797,1.096937,0.479596
200704,784,18.3,0.4937,9845.7,0.544499,0.205146,1.096785,0.489285
200960,785,18.3,0.4937,9845.7,-3.029406,0.056375,1.096975,0.55116
201216,786,18.3,0.4937,9845.7,-2.838095,0.037922,1.096897,0.495257
201472,787,18.3,0.4937,9845.7,-3.059674,0.047842,1.096845,0.527619
201728,788,18.3,0.4937,9845.7,0.638569,0.07893,1.096679,0.353314
201984,789,18.3,0.4937,9845.7,0.469092,0.09754,1.096817,0.311133
202240,790,18.3,0.4937,9845.7,1.043924,0.174453,1.09664,0.69611
202496,791,18.3,0.4937,9845.7,0.66921,0.298945,1.09656,0.684259
202752,792,18.3,0.4937,9845.7,-0.53851,0.038185,1.096654,0.227242
203008,793,18.3,0.4937,9845.7,-0.813505,0.026162,1.096806,0.247782
203264,794,18.3,0.4937,9845.7,0.484746,0.086967,1.096624,0.307389
203520,795,18.3,0.4937,9845.7,0.074901,0.062462,1.096364,0.056007
203776,796,18.3,0.4937,9845.7,-1.531636,0.050412,1.096605,0.448043
204032,797,18.3,0.4937,9845.7,-2.108032,0.056197,1.096625,0.524494
204288,798,18.3,0.4937,9845.7,0.508526,0.058553,1.096478,0.248159
204544,799,18.3,0.4937,9845.7,0.998513,0.242188,1.096575,0.822906
204800,800,18.3,0.4937,9845.7,-3.389729,0.07478,1.096752,0.714656
205056,801,18.3,0.4937,9845.7,0.543728,0.112732,1.096544,0.372998
205312,802,18.3,0.4937,9845.7,-2.250368,0.093227,1.096523,0.74338
205568,803,18.3,0.4937,9845.7,0.132036,0.069656,1.096522,0.085235
205824,804,18.3,0.4937,9845.7,-1.968884,0.053573,1.096679,0.522703
206080,805,18.7143,0.4959,9802.2,0.211323,0.099881,1.096459,0.170833
206336,806,18.7143,0.4959,9802.2,0.041883,0.057645,1.096624,0.051659
206592,807,18.7143,0.4959,9802.2,1.462516,0.196066,1.096628,0.877655
206848,808,18.7143,0.4959,9802.2,-0.395256,0.07443,1.096534,0.246346
207104,809,18.7143,0.4959,9802.2,-1.752339,0.04773,1.096632,0.485902
207360,810,18.7143,0.4959,9802.2,0.123499,0.086677,1.09657,0.084488
207616,811,18.7143,0.4959,9802.2,-3.092,0.055061,1.09663,0.551318
207872,812,18.7143,0.4959,9802.2,-2.664402,0.031935,1.096637,0.462075
208128,813,18.7143,0.4959,9802.2,-2.194695,0.039323,1.09663,0.565746
208384,814,18.7143,0.4959,9802.2,-2.445586,0.039663,1.096651,0.471015
208640,815,18.7143,0.4959,9802.2,-2.222111,0.022224,1.096481,0.339443
208896,816,18.7143,0.4959,9802.2,-1.615683,0.020026,1.096469,0.310618
209152,817,18.7143,0.4959,9802.2,-3.062545,0.044085,1.096482,0.510849
209408,818,18.7143,0.4959,9802.2,0.817413,0.130054,1.096249,0.535771
209664,819,18.7143,0.4959,9802.2,0.64295,0.090231,1.096274,0.388043
209920,820,18.7143,0.4959,9802.2,0.865835,0.106633,1.095958,0.503852
210176,821,18.7143,0.4959,9802.2,-1.281265,0.03107,1.096316,0.327478
210432,822,18.7143,0.4959,9802.2,-1.432603,0.024117,1.096173,0.341778
210688,823,18.7143,0.4959,9802.2,-0.920954,0.006807,1.096045,0.155237
210944,824,18.7143,0.4959,9802.2,-1.170183,0.018363,1.096116,0.263942
211200,825,18.7143,0.4959,9802.2,-1.991497,0.01571,1.096002,0.313568
211456,826,18.7143,0.4959,9802.2,-1.161056,0.003641,1.095806,0.159948
211712,827,18.7143,0.4959,9802.2,-0.126867,0.017766,1.095738,0.044905
211968,828,18.7143,0.4959,9802.2,1.219994,0.121354,1.095834,0.632168
212224,829,18.7143,0.4959,9802.2,0.997337,0.093776,1.096032,0.495243
212480,830,18.7143,0.4959,9802.2,-0.944357,0.004089,1.095339,0.124526
212736,831,18.7143,0.4959,9802.2,-0.477384,0.00082,1.095202,0.049992
212992,832,18.7143,0.4959,9802.2,-1.297353,0.007038,1.095133,0.171595
213248,833,18.7143,0.4959,9802.2,-0.639223,0.007197,1.09531,0.117736
213504,834,18.7143,0.4959,9802.2,1.05065,0.089049,1.09533,0.512722
213760,835,18.7143,0.4959,9802.2,-0.668296,0.005352,1.094944,0.099008
214016,836,18.7143,0.4959,9802.2,0.427462,0.001544,1.095002,0.046519
214272,837,18.7143,0.4959,9802.2,1.362769,0.258216,1.095517,0.974964
214528,838,18.7143,0.4959,9802.2,0.736977,0.103397,1.095217,0.444419
214784,839,18.7143,0.4959,9802.2,-0.85686,0.003142,1.094891,0.093725
215040,840,18.7143,0.4959,9802.2,1.019258,0.107821,1.09567,0.531222
215296,841,18.7143,0.4959,9802.2,0.807178,0.265204,1.09498,0.741686
215552,842,18.7143,0.4959,9802.2,2.411103,0.615376,1.09534,1.730325
215808,843,18.7143,0.4959,9802.2,0.67046,0.12077,1.095255,0.463726
216064,844,19.0455,0.4974,9811.2,-0.432206,0.024412,1.095156,0.158742
216320,845,19.0455,0.4974,9811.2,-1.264554,0.012903,1.095485,0.246383
216576,846,19.0455,0.4974,9811.2,0.416998,0.125209,1.095351,0.320504
216832,847,19.0455,0.4974,9811.2,-0.59191,0.015521,1.095199,0.155974
217088,848,19.0455,0.4974,9811.2,1.778982,0.370483,1.095356,1.278107
217344,849,19.0455,0.4974,9811.2,-0.551951,0.0214,1.09514,0.176337
217600,850,19.0455,0.4974,9811.2,0.539686,0.138864,1.095489,0.400379
217856,851,19.0455,0.4974,9811.2,0.740699,0.09741,1.09558,0.420692
218112,852,19.0455,0.4974,9811.2,0.25584,0.086741,1.095186,0.1659
218368,853,19.0455,0.4974,9811.2,-1.520352,0.051592,1.095446,0.459283
218624,854,19.0455,0.4974,9811.2,0.532373,0.09773,1.095587,0.339312
218880,855,19.0455,0.4974,9811.2,-0.201731,0.050161,1.095443,0.138294
219136,856,19.0455,0.4974,9811.2,-2.211828,0.027272,1.095519,0.394125
219392,857,19.0455,0.4974,9811.2,0.244206,0.047249,1.095532,0.124007
219648,858,19.0455,0.4974,9811.2,-1.967843,0.027277,1.095472,0.397992
219904,859,19.0455,0.4974,9811.2,-1.00688,0.068359,1.0955,0.442121
220160,860,19.0455,0.4974,9811.2,-2.007666,0.03442,1.095411,0.432636
220416,861,19.0455,0.4974,9811.2,-2.756645,0.046371,1.095453,0.507733
220672,862,19.0455,0.4974,9811.2,0.334265,0.057072,1.095603,0.184869
220928,863,19.0455,0.4974,9811.2,-0.069717,0.12828,1.095343,0.125387
221184,864,19.0455,0.4974,9811.2,0.382859,0.066464,1.095578,0.221159
221440,865,19.0455,0.4974,9811.2,-0.084829,0.068384,1.095393,0.077102
221696,866,19.0455,0.4974,9811.2,-2.426199,0.025204,1.095178,0.383903
221952,867,19.0455,0.4974,9811.2,-2.118201,0.046762,1.095508,0.505686
222208,868,19.0455,0.4974,9811.2,-3.172609,0.022453,1.095376,0.397616
222464,869,19.0455,0.4974,9811.2,-0.026053,0.078361,1.095302,0.048238
222720,870,19.0455,0.4974,9811.2,-3.708773,0.033333,1.095487,0.615816
222976,871,19.0455,0.4974,9811.2,0.664372,0.087367,1.095273,0.365471
223232,872,19.0455,0.4974,9811.2,0.311089,0.071608,1.095215,0.183008
223488,873,19.0455,0.4974,9811.2,1.394983,0.26282,1.095336,0.967413
223744,874,19.0455,0.4974,9811.2,-1.289271,0.034913,1.094941,0.364869
224000,875,19.0455,0.4974,9811.2,0.587677,0.071283,1.095092,0.306976
224256,876,19.0455,0.4974,9811.2,0.916617,0.08915,1.095357,0.461349
224512,877,19.0455,0.4974,9811.2,0.389097,0.087347,1.095265,0.252244
224768,878,19.0455,0.4974,9811.2,0.799196,0.221707,1.095181,0.667099
225024,879,19.0455,0.4974,9811.2,0.2196,0.101351,1.094988,0.18198
225280,880,19.0455,0.4974,9811.2,-0.12085,0.068121,1.095091,0.12342
225536,881,19.5652,0.5028,9800.2,1.632454,0.18247,1.095013,0.883823
225792,882,19.5652,0.5028,9800.2,-1.811512,0.044452,1.095416,0.478019
226048,883,19.5652,0.5028,9800.2,0.876786,0.081467,1.095107,0.448853
226304,884,19.5652,0.5028,9800.2,0.524976,0.047036,1.095237,0.237079
226560,885,19.5652,0.5028,9800.2,0.692287,0.082401,1.095322,0.374658
226816,886,19.5652,0.5028,9800.2,-3.231543,0.070593,1.095441,0.680838
227072,887,19.5652,0.5028,9800.2,-1.623466,0.056256,1.095136,0.499688
227328,888,19.5652,0.5028,9800.2,-1.417962,0.041256,1.095002,0.44381
227584,889,19.5652,0.5028,9800.2,-0.057743,0.0822,1.094555,0.060256
227840,890,19.5652,0.5028,9800.2,-1.256865,0.049393,1.09517,0.43733
228096,891,19.5652,0.5028,9800.2,-2.418319,0.025301,1.094755,0.41205
228352,892,19.5652,0.5028,9800.2,-2.087676,0.064648,1.0946,0.61777
228608,893,19.5652,0.5028,9800.2,0.256346,0.092574,1.094955,0.18452
228864,894,19.5652,0.5028,9800.2,0.83944,0.077831,1.094636,0.421697
229120,895,19.5652,0.5028,9800.2,-0.896413,0.012785,1.094843,0.192695
229376,896,19.5652,0.5028,9800.2,-0.517705,0.016875,1.094634,0.145535
229632,897,19.5652,0.5028,9800.2,-1.878204,0.044542,1.094729,0.491438
229888,898,19.5652,0.5028,9800.2,0.97785,0.135903,1.094589,0.631564
230144,899,19.5652,0.5028,9800.2,0.737612,0.056145,1.094771,0.33683
230400,900,19.5652,0.5028,9800.2,-2.227556,0.061668,1.094752,0.577807
230656,901,19.5652,0.5028,9800.2,-1.724165,0.035733,1.094887,0.412764
230912,902,19.5652,0.5028,9800.2,-2.149849,0.030164,1.094351,0.390844
231168,903,19.5652,0.5028,9800.2,0.204182,0.062113,1.094335,0.123143
231424,904,19.5652,0.5028,9800.2,0.482723,0.075087,1.094326,0.271192
231680,905,19.5652,0.5028,9800.2,0.651485,0.049203,1.094307,0.276451
231936,906,19.5652,0.5028,9800.2,0.845331,0.129693,1.094115,0.54831
232192,907,19.5652,0.5028,9800.2,-1.573358,0.031184,1.094671,0.363428
232448,908,19.5652,0.5028,9800.2,-0.949436,0.010136,1.094395,0.171672
232704,909,19.5652,0.5028,9800.2,-0.524742,0.01155,1.094243,0.126798
232960,910,19.5652,0.5028,9800.2,-0.120211,0.050435,1.094277,0.081009
233216,911,19.5652,0.5028,9800.2,-1.670875,0.01257,1.094292,0.242116
233472,912,19.5652,0.5028,9800.2,-1.632686,0.009049,1.094375,0.248599
233728,913,19.5652,0.5028,9800.2,0.826017,0.085545,1.094354,0.429556
233984,914,19.5652,0.5028,9800.2,-1.768961,0.018296,1.094182,0.299415
234240,915,19.5652,0.5028,9800.2,0.087938,0.043456,1.094117,0.04817
234496,916,19.5652,0.5028,9800.2,-1.727859,0.035442,1.093993,0.41774
234752,917,19.5652,0.5028,9800.2,0.926086,0.434253,1.093839,1.080805
235008,918,19.5652,0.5028,9800.2,-1.072826,0.007434,1.093906,0.176122
235264,919,19.5652,0.5028,9800.2,0.010421,0.066019,1.094247,0.052752
235520,920,19.5833,0.5003,9808.5,0.226936,0.16032,1.094035,0.241585
235776,921,19.5833,0.5003,9808.5,-1.53046,0.02685,1.094024,0.335105
236032,922,19.5833,0.5003,9808.5,0.764551,0.079148,1.094373,0.390664
236288,923,19.5833,0.5003,9808.5,0.576817,0.158586,1.094041,0.479182
236544,924,19.5833,0.5003,9808.5,1.47313,0.223428,1.093941,0.928337
236800,925,19.5833,0.5003,9808.5,0.438283,0.09503,1.094106,0.279134
237056,926,19.5833,0.5003,9808.5,0.075994,0.070514,1.093861,0.06068
237312,927,19.5833,0.5003,9808.5,-1.475868,0.026275,1.093966,0.345198
237568,928,19.5833,0.5003,9808.5,-0.623746,0.015747,1.094216,0.159179
237824,929,19.5833,0.5003,9808.5,1.294568,0.312358,1.093856,1.035574
238080,930,19.5833,0.5003,9808.5,1.765556,0.251585,1.094144,1.029626
238336,931,19.5833,0.5003,9808.5,0.632673,0.119473,1.093981,0.427284
238592,932,19.5833,0.5003,9808.5,0.944452,0.10895,1.093889,0.549455
238848,933,19.5833,0.5003,9808.5,0.605132,0.116457,1.094007,0.419637
239104,934,19.5833,0.5003,9808.5,-2.280101,0.020455,1.093954,0.330759
239360,935,19.5833,0.5003,9808.5,1.56848,0.240911,1.093692,0.997022
239616,936,19.5833,0.5003,9808.5,1.336218,0.162913,1.09378,0.766564
239872,937,19.5833,0.5003,9808.5,-0.065992,0.084896,1.093591,0.052254
240128,938,19.5833,0.5003,9808.5,0.497166,0.070943,1.093601,0.288357
240384,939,19.5833,0.5003,9808.5,1.376265,0.276649,1.093518,1.048204
240640,940,19.5833,0.5003,9808.5,0.37865,0.108001,1.093872,0.280234
240896,941,19.5833,0.5003,9808.5,-2.579027,0.045878,1.094166,0.585682
241152,942,19.5833,0.5003,9808.5,0.169047,0.061166,1.093295,0.112157
241408,943,19.5833,0.5003,9808.5,-2.53852,0.063387,1.09346,0.626311
241664,944,19.5833,0.5003,9808.5,-2.181557,0.064973,1.093687,0.626364
241920,945,19.5833,0.5003,9808.5,-2.17301,0.115441,1.09355,0.820437
242176,946,19.5833,0.5003,9808.5,-0.879049,0.066787,1.093423,0.456012
242432,947,19.5833,0.5003,9808.5,0.432507,0.057922,1.093315,0.245783
242688,948,20.0,0.5043,9704.1,-1.929499,0.14393,1.093796,0.925809
242944,949,20.0,0.5043,9704.1,1.159922,0.132985,1.093164,0.680942
243200,950,20.0,0.5043,9704.1,0.393094,0.104173,1.093142,0.283897
243456,951,20.0,0.5043,9704.1,1.34675,0.355303,1.092936,1.250689
243712,952,20.0,0.5043,9704.1,-2.511223,0.082215,1.093115,0.710436
243968,953,20.0,0.5043,9704.1,0.255353,0.057942,1.092766,0.146632
244224,954,20.0,0.5043,9704.1,-2.776881,0.052921,1.093007,0.611077
244480,955,20.0,0.5043,9704.1,-3.679699,0.078203,1.092941,0.80329
244736,956,20.0,0.5043,9704.1,-3.342702,0.056057,1.09297,0.690222
244992,957,20.0,0.5043,9704.1,1.453248,0.243395,1.09254,1.0505
245248,958,20.0,0.5043,9704.1,-0.065138,0.078697,1.092638,0.073608
245504,959,20.0,0.5043,9704.1,-1.846159,0.073361,1.092908,0.612374
245760,960,20.0,0.5043,9704.1,-2.026571,0.064328,1.092437,0.575333
246016,961,20.0,0.5043,9704.1,-2.036914,0.058546,1.092188,0.572471
246272,962,20.0,0.5043,9704.1,-0.219438,0.081058,1.091909,0.146785
246528,963,20.0,0.5043,9704.1,0.102755,0.101374,1.091986,0.089918
246784,964,20.0,0.5043,9704.1,0.932337,0.114757,1.091275,0.570999
247040,965,20.0,0.5043,9704.1,-1.366133,0.038667,1.091405,0.428973
247296,966,20.0,0.5043,9704.1,1.146809,0.173191,1.091553,0.743781
247552,967,20.0,0.5043,9704.1,-2.457881,0.050622,1.091584,0.528606
247808,968,20.0,0.5043,9704.1,1.038781,0.308862,1.091488,0.948831
248064,969,20.0,0.5043,9704.1,0.494358,0.111634,1.09132,0.352041
248320,970,20.0,0.5043,9704.1,0.598991,0.117004,1.091746,0.432611
248576,971,20.0,0.5043,9704.1,0.409394,0.083424,1.091588,0.257645
248832,972,20.0,0.5043,9704.1,-2.572408,0.075326,1.091059,0.696674
249088,973,20.0,0.5043,9704.1,1.591383,0.3006,1.09106,1.119542
249344,974,20.0,0.5043,9704.1,-2.863945,0.02834,1.090851,0.430194
249600,975,20.0,0.5043,9704.1,0.543619,0.05737,1.090801,0.26311
249856,976,20.1923,0.5042,9609.1,-0.846289,0.150042,1.091792,0.594972
250112,977,20.1923,0.5042,9609.1,-2.960658,0.038294,1.090355,0.513563
250368,978,20.1923,0.5042,9609.1,-0.111922,0.063597,1.08945,0.087488
250624,979,20.1923,0.5042,9609.1,0.710916,0.068922,1.090721,0.361944
250880,980,20.1923,0.5042,9609.1,1.413567,0.202393,1.089857,0.869815
251136,981,20.1923,0.5042,9609.1,-1.929595,0.049801,1.090105,0.485279
251392,982,20.1923,0.5042,9609.1,1.375107,0.336314,1.090552,1.1041
251648,983,20.1923,0.5042,9609.1,-1.653828,0.051325,1.089234,0.492848
251904,984,20.1923,0.5042,9609.1,-2.020451,0.04,1.089684,0.476198
252160,985,20.1923,0.5042,9609.1,0.598092,0.047925,1.089154,0.253836
252416,986,20.1923,0.5042,9609.1,1.130248,0.161216,1.090689,0.718644
252672,987,20.1923,0.5042,9609.1,0.268835,0.07088,1.089356,0.1576
252928,988,20.1923,0.5042,9609.1,0.575032,0.222229,1.089708,0.552354
253184,989,20.1923,0.5042,9609.1,0.555038,0.096893,1.089261,0.351205
253440,990,20.1923,0.5042,9609.1,0.769883,0.076748,1.08918,0.393198
253696,991,20.1923,0.5042,9609.1,0.332271,0.0804,1.089384,0.211878
253952,992,20.1923,0.5042,9609.1,0.665256,0.050823,1.088677,0.300502
254208,993,20.1923,0.5042,9609.1,-0.03857,0.07392,1.088498,0.055442
254464,994,20.1923,0.5042,9609.1,-2.761477,0.051921,1.089105,0.555512
254720,995,20.1923,0.5042,9609.1,0.224277,0.041764,1.088626,0.118763
254976,996,20.1923,0.5042,9609.1,-1.171332,0.056225,1.088732,0.432451
255232,997,20.1923,0.5042,9609.1,0.228123,0.063823,1.088912,0.164876
255488,998,20.1923,0.5042,9609.1,0.901484,0.139948,1.08849,0.594945
255744,999,20.1923,0.5042,9609.1,0.673904,0.073173,1.088292,0.360493
256000,1000,20.1923,0.5042,9609.1,-0.68771,0.122954,1.087803,0.488308
256256,1001,20.1923,0.5042,9609.1,2.159433,0.469186,1.087755,1.610363
256512,1002,20.1923,0.5042,9609.1,-2.878992,0.062792,1.089294,0.617991
256768,1003,20.1923,0.5042,9609.1,-2.362516,0.049578,1.089224,0.590605
257024,1004,20.1923,0.5042,9609.1,-3.447314,0.070112,1.088964,0.711363
257280,1005,20.1923,0.5042,9609.1,1.143709,0.144278,1.087905,0.724635
257536,1006,20.1923,0.5042,9609.1,0.302761,0.077178,1.087914,0.220098
257792,1007,20.1923,0.5042,9609.1,-2.048219,0.15624,1.087491,0.903049
258048,1008,20.5556,0.5077,9554.9,-1.997349,0.116947,1.087605,0.806964
258304,1009,20.5556,0.5077,9554.9,0.664963,0.092693,1.087275,0.421067
258560,1010,20.5556,0.5077,9554.9,-0.446739,0.096855,1.087512,0.317672
258816,1011,20.5556,0.5077,9554.9,0.974919,0.16577,1.087174,0.709652
259072,1012,20.5556,0.5077,9554.9,-0.565761,0.059091,1.087475,0.295745
259328,1013,20.5556,0.5077,9554.9,1.343361,0.316434,1.087147,1.141059
259584,1014,20.5556,0.5077,9554.9,-0.267523,0.058954,1.086654,0.159316
259840,1015,20.5556,0.5077,9554.9,-1.963828,0.040731,1.087739,0.48047
260096,1016,20.5556,0.5077,9554.9,0.236406,0.146683,1.085974,0.230237
260352,1017,20.5556,0.5077,9554.9,0.777758,0.192723,1.086284,0.659296
260608,1018,20.5556,0.5077,9554.9,-2.257696,0.039327,1.086527,0.505669
260864,1019,20.5556,0.5077,9554.9,-2.228016,0.050475,1.086506,0.534134
261120,1020,20.5556,0.5077,9554.9,-0.514519,0.058239,1.087398,0.272109
261376,1021,20.5556,0.5077,9554.9,-1.91437,0.067694,1.08649,0.583962
261632,1022,20.5556,0.5077,9554.9,1.252599,0.434403,1.085361,1.357715
261888,1023,20.5556,0.5077,9554.9,-2.529847,0.102765,1.086197,0.781504
262144,1024,20.5556,0.5077,9554.9,-2.128103,0.109364,1.086196,0.814024
262400,1025,20.5556,0.5077,9554.9,-0.193213,0.062046,1.086667,0.127559
262656,1026,20.5556,0.5077,9554.9,-1.182931,0.030018,1.085758,0.323045
262912,1027,20.5556,0.5077,9554.9,0.395828,0.092572,1.086497,0.265956
263168,1028,20.5556,0.5077,9554.9,-2.105049,0.028308,1.086159,0.394753
263424,1029,20.5556,0.5077,9554.9,1.135945,0.139647,1.085526,0.702172
263680,1030,20.5556,0.5077,9554.9,0.475501,0.060166,1.083623,0.260868
263936,1031,20.5556,0.5077,9554.9,-1.532675,0.05095,1.085592,0.479725
264192,1032,20.5556,0.5077,9554.9,0.962581,0.178305,1.083872,0.769015
264448,1033,20.7143,0.5074,9438.4,-0.13769,0.119993,1.084612,0.135345
264704,1034,20.7143,0.5074,9438.4,1.485525,0.303049,1.084806,1.158113
264960,1035,20.7143,0.5074,9438.4,-1.148991,0.048453,1.08579,0.409371
265216,1036,20.7143,0.5074,9438.4,0.269468,0.04626,1.083812,0.141356
265472,1037,20.7143,0.5074,9438.4,-1.722851,0.066492,1.084236,0.584405
265728,1038,20.7143,0.5074,9438.4,0.615231,0.062151,1.084202,0.310577
265984,1039,20.7143,0.5074,9438.4,0.289421,0.121966,1.084037,0.272972
266240,1040,20.7143,0.5074,9438.4,0.795761,0.166968,1.083015,0.611322
266496,1041,20.7143,0.5074,9438.4,1.087864,0.113586,1.084055,0.604579
266752,1042,20.7143,0.5074,9438.4,1.250535,0.350694,1.082872,1.152652
267008,1043,20.7143,0.5074,9438.4,0.050139,0.100472,1.084273,0.073949
267264,1044,20.7143,0.5074,9438.4,0.148875,0.105111,1.084483,0.146225
267520,1045,20.7143,0.5074,9438.4,0.912222,0.188582,1.083691,0.691624
267776,1046,20.7143,0.5074,9438.4,-0.912712,0.021293,1.082878,0.249364
268032,1047,20.7143,0.5074,9438.4,0.012673,0.21605,1.083604,0.11063
268288,1048,20.7143,0.5074,9438.4,0.195771,0.035651,1.084395,0.10073
268544,1049,20.7143,0.5074,9438.4,-2.567826,0.048182,1.082711,0.570334
268800,1050,20.7143,0.5074,9438.4,-0.36491,0.062008,1.083009,0.209935
269056,1051,20.7143,0.5074,9438.4,-2.039442,0.064837,1.083882,0.574874
269312,1052,20.7143,0.5074,9438.4,1.969115,0.712105,1.082359,1.895864
269568,1053,20.7143,0.5074,9438.4,1.033369,0.336886,1.082583,1.0452
269824,1054,20.7143,0.5074,9438.4,0.009589,0.040141,1.083506,0.054677
270080,1055,20.7143,0.5074,9438.4,0.163955,0.031204,1.082898,0.086954
270336,1056,20.9655,0.5092,9314.4,-0.200691,0.13243,1.083439,0.210835
270592,1057,20.9655,0.5092,9314.4,0.441543,0.067348,1.08354,0.264573
270848,1058,20.9655,0.5092,9314.4,-0.016975,0.070669,1.082438,0.031416
271104,1059,20.9655,0.5092,9314.4,-1.512399,0.030096,1.084297,0.376451
271360,1060,20.9655,0.5092,9314.4,-0.192379,0.042959,1.083315,0.104391
271616,1061,20.9655,0.5092,9314.4,0.618526,0.165872,1.0853,0.549085
271872,1062,20.9655,0.5092,9314.4,-0.799381,0.106701,1.082182,0.525463
272128,1063,20.9655,0.5092,9314.4,-2.373329,0.046577,1.084698,0.572094
272384,1064,20.9655,0.5092,9314.4,0.857642,0.081326,1.083896,0.454655
272640,1065,20.9655,0.5092,9314.4,0.266037,0.116344,1.083443,0.21878
272896,1066,20.9655,0.5092,9314.4,-1.742044,0.045477,1.084627,0.474063
273152,1067,20.9655,0.5092,9314.4,0.591999,0.081312,1.084019,0.37255
273408,1068,20.9655,0.5092,9314.4,0.112749,0.064572,1.083919,0.082337
273664,1069,20.9655,0.5092,9314.4,0.110676,0.051827,1.083702,0.077136
273920,1070,20.9655,0.5092,9314.4,-2.279949,0.107645,1.085076,0.78044
274176,1071,20.9655,0.5092,9314.4,0.639338,0.120509,1.084331,0.45506
274432,1072,20.9655,0.5092,9314.4,-0.983285,0.040065,1.083766,0.367285
274688,1073,20.9655,0.5092,9314.4,0.588693,0.189215,1.084106,0.557227
274944,1074,20.9655,0.5092,9314.4,0.888834,0.268947,1.08259,0.875298
275200,1075,20.9655,0.5092,9314.4,-0.1332,0.048117,1.083688,0.093792
275456,1076,20.9655,0.5092,9314.4,-2.954075,0.09336,1.086281,0.809653
275712,1077,20.9655,0.5092,9314.4,0.227237,0.038168,1.08381,0.111504
275968,1078,20.9655,0.5092,9314.4,-0.189879,0.080761,1.082703,0.149888
276224,1079,20.9655,0.5092,9314.4,1.063784,0.316638,1.083134,1.056539
276480,1080,21.1667,0.5103,9215.6,0.805922,0.073513,1.082629,0.452556
276736,1081,21.1667,0.5103,9215.6,1.215706,0.222486,1.082154,0.96572
276992,1082,21.1667,0.5103,9215.6,-0.007537,0.070887,1.082605,0.042143
277248,1083,21.1667,0.5103,9215.6,-0.867638,0.061023,1.084724,0.422885
277504,1084,21.1667,0.5103,9215.6,-1.544226,0.149197,1.083597,0.881382
277760,1085,21.1667,0.5103,9215.6,-0.772425,0.144457,1.081306,0.633284
278016,1086,21.1667,0.5103,9215.6,-2.310853,0.168631,1.0821,1.052123
278272,1087,21.1667,0.5103,9215.6,0.68691,0.112042,1.081558,0.506968
278528,1088,21.1667,0.5103,9215.6,0.578827,0.168834,1.081493,0.56678
278784,1089,21.1667,0.5103,9215.6,-1.593584,0.072719,1.083219,0.714843
279040,1090,21.1667,0.5103,9215.6,-0.071773,0.067355,1.081531,0.083674
279296,1091,21.1667,0.5103,9215.6,-0.178017,0.112599,1.078022,0.188367
279552,1092,21.1667,0.5103,9215.6,0.363862,0.076676,1.083171,0.247882
279808,1093,21.1667,0.5103,9215.6,0.609349,0.249253,1.081879,0.711855
280064,1094,21.1667,0.5103,9215.6,0.366858,0.062562,1.080562,0.231929
280320,1095,21.1667,0.5103,9215.6,-1.010038,0.091959,1.081572,0.586294
280576,1096,21.1667,0.5103,9215.6,-0.181342,0.086554,1.080504,0.172907
280832,1097,21.1667,0.5103,9215.6,-2.241249,0.041626,1.082673,0.531321
281088,1098,21.1667,0.5103,9215.6,-1.626757,0.086031,1.083379,0.683115
281344,1099,21.1667,0.5103,9215.6,-1.67056,0.125504,1.080874,0.841587
281600,1100,21.1667,0.5103,9215.6,1.22315,0.18115,1.080901,0.85756
281856,1101,21.1667,0.5103,9215.6,0.888539,0.149658,1.080365,0.67661
282112,1102,21.1667,0.5103,9215.6,-1.63014,0.079245,1.083071,0.62765
282368,1103,21.1667,0.5103,9215.6,0.855938,0.132612,1.082462,0.602567
282624,1104,21.2903,0.5099,9108.7,0.882675,0.131384,1.079195,0.655135
282880,1105,21.2903,0.5099,9108.7,0.623531,0.096616,1.082268,0.43808
283136,1106,21.2903,0.5099,9108.7,-0.363245,0.12394,1.078923,0.325023
283392,1107,21.2903,0.5099,9108.7,1.188202,0.161843,1.079822,0.839431
283648,1108,21.2903,0.5099,9108.7,0.053269,0.111923,1.080594,0.150398
283904,1109,21.2903,0.5099,9108.7,0.242037,0.035518,1.079405,0.137132
284160,1110,21.2903,0.5099,9108.7,-1.94341,0.068726,1.081195,0.643448
284416,1111,21.2903,0.5099,9108.7,-1.69144,0.082642,1.079237,0.705832
284672,1112,21.2903,0.5099,9108.7,-2.02182,0.145886,1.079018,0.919315
284928,1113,21.2903,0.5099,9108.7,-0.521721,0.070179,1.078168,0.304506
285184,1114,21.2903,0.5099,9108.7,1.859247,0.343464,1.079475,1.337346
285440,1115,21.2903,0.5099,9108.7,-0.758188,0.115958,1.077942,0.537014
285696,1116,21.2903,0.5099,9108.7,-1.974972,0.095658,1.082258,0.78377
285952,1117,21.2903,0.5099,9108.7,0.045909,0.055373,1.079021,0.036152
286208,1118,21.2903,0.5099,9108.7,-0.760661,0.110282,1.079411,0.498615
286464,1119,21.2903,0.5099,9108.7,1.479329,0.21625,1.080923,0.964423
286720,1120,21.2903,0.5099,9108.7,1.731456,0.569609,1.077544,1.652844
286976,1121,21.2903,0.5099,9108.7,0.391023,0.111674,1.079268,0.28923
287232,1122,21.2903,0.5099,9108.7,0.558898,0.104022,1.081812,0.370225
287488,1123,21.2903,0.5099,9108.7,0.359839,0.105899,1.08092,0.277269
287744,1124,21.4375,0.5103,8989.0,-0.67045,0.118567,1.078282,0.458578
288000,1125,21.4375,0.5103,8989.0,1.243358,0.372342,1.080236,1.218363
288256,1126,21.4375,0.5103,8989.0,0.213104,0.075035,1.080172,0.153172
288512,1127,21.4375,0.5103,8989.0,1.612329,0.270973,1.078255,1.094687
288768,1128,21.4375,0.5103,8989.0,1.197793,0.211927,1.080016,0.856334
289024,1129,21.4375,0.5103,8989.0,0.740105,0.133694,1.081354,0.52951
289280,1130,21.4375,0.5103,8989.0,-2.181918,0.124965,1.081122,0.809639
289536,1131,21.4375,0.5103,8989.0,0.350563,0.085423,1.081759,0.252431
289792,1132,21.4375,0.5103,8989.0,0.911726,0.172956,1.08047,0.677574
290048,1133,21.4375,0.5103,8989.0,1.512471,0.161128,1.081822,0.836735
290304,1134,21.4375,0.5103,8989.0,-1.85836,0.04631,1.082037,0.491358
290560,1135,21.4375,0.5103,8989.0,2.056073,0.562893,1.080559,1.678648
290816,1136,21.4375,0.5103,8989.0,-0.546437,0.055426,1.077423,0.280124
291072,1137,21.4375,0.5103,8989.0,0.430324,0.179145,1.080463,0.402287
291328,1138,21.4375,0.5103,8989.0,0.398716,0.090172,1.080243,0.272025
291584,1139,21.4375,0.5103,8989.0,-0.084468,0.130022,1.079882,0.187868
291840,1140,21.4375,0.5103,8989.0,1.01629,0.167751,1.076623,0.742957
292096,1141,21.4375,0.5103,8989.0,-2.47316,0.118724,1.081599,0.877327
292352,1142,21.4375,0.5103,8989.0,-1.982475,0.077075,1.081796,0.698634
292608,1143,21.4375,0.5103,8989.0,-1.307616,0.135423,1.080913,0.763544
292864,1144,21.4375,0.5103,8989.0,-0.380524,0.039146,1.078813,0.183586
293120,1145,21.4375,0.5103,8989.0,0.593845,0.121942,1.080441,0.450559
293376,1146,21.7273,0.5136,8888.6,-1.049547,0.062657,1.081091,0.471854
293632,1147,21.7273,0.5136,8888.6,0.998837,0.113282,1.078577,0.619014
293888,1148,21.7273,0.5136,8888.6,-2.118419,0.149327,1.078594,0.947609
294144,1149,21.7273,0.5136,8888.6,-2.499842,0.218468,1.078559,1.191967
294400,1150,21.7273,0.5136,8888.6,-0.087177,0.059588,1.079688,0.059051
294656,1151,21.7273,0.5136,8888.6,-2.457635,0.20635,1.080731,1.110378
294912,1152,21.7273,0.5136,8888.6,-1.676644,0.056564,1.080157,0.552469
295168,1153,21.7273,0.5136,8888.6,-0.407192,0.085108,1.079103,0.270556
295424,1154,21.7273,0.5136,8888.6,0.536749,0.079232,1.078316,0.337572
295680,1155,21.7273,0.5136,8888.6,-1.680512,0.124091,1.080103,0.7706
295936,1156,21.7273,0.5136,8888.6,-0.47338,0.071977,1.080833,0.286853
296192,1157,21.7273,0.5136,8888.6,-2.164727,0.110801,1.081542,0.762452
296448,1158,21.7273,0.5136,8888.6,-1.585775,0.057635,1.081911,0.50658
296704,1159,21.7273,0.5136,8888.6,-1.809948,0.102722,1.080342,0.711777
296960,1160,21.7273,0.5136,8888.6,-1.860618,0.112077,1.078421,0.735612
297216,1161,21.7273,0.5136,8888.6,0.046795,0.074434,1.077483,0.054818
297472,1162,21.7273,0.5136,8888.6,0.097516,0.069485,1.080116,0.071723
297728,1163,21.7273,0.5136,8888.6,-2.014264,0.023264,1.080267,0.338624
297984,1164,21.7273,0.5136,8888.6,-1.627105,0.069311,1.080648,0.519159
298240,1165,21.7273,0.5136,8888.6,-2.048687,0.0179,1.079837,0.308812
298496,1166,21.7273,0.5136,8888.6,1.706046,0.90239,1.075987,1.998395
298752,1167,21.7273,0.5136,8888.6,1.255156,0.415428,1.07966,1.164095
299008,1168,21.7273,0.5136,8888.6,1.273693,0.321198,1.079038,0.995935
299264,1169,21.6765,0.5102,8801.8,1.908778,0.272855,1.075385,1.087241
299520,1170,21.6765,0.5102,8801.8,-0.505006,0.073759,1.074974,0.27629
299776,1171,21.6765,0.5102,8801.8,1.531918,0.244108,1.079147,0.921962
300032,1172,21.6765,0.5102,8801.8,1.530497,0.387297,1.077176,1.191559
300288,1173,21.6765,0.5102,8801.8,0.207978,0.076499,1.079867,0.123375
300544,1174,21.6765,0.5102,8801.8,1.052971,0.242737,1.07452,0.859886
300800,1175,21.6765,0.5102,8801.8,0.30048,0.176747,1.075665,0.283295
301056,1176,21.6765,0.5102,8801.8,0.736324,0.138458,1.074834,0.514171
301312,1177,21.6765,0.5102,8801.8,-0.360043,0.093211,1.076998,0.233024
301568,1178,21.6765,0.5102,8801.8,0.066035,0.073334,1.07346,0.046543
301824,1179,21.6765,0.5102,8801.8,-2.581104,0.048386,1.076706,0.597835
302080,1180,21.6765,0.5102,8801.8,0.843085,0.179401,1.074283,0.610321
302336,1181,21.6765,0.5102,8801.8,1.07453,0.168588,1.07597,0.697468
302592,1182,21.6765,0.5102,8801.8,0.41276,0.078083,1.078637,0.232097
302848,1183,21.6765,0.5102,8801.8,1.140964,0.147304,1.073689,0.695381
303104,1184,21.6765,0.5102,8801.8,0.349812,0.050699,1.074548,0.170827
303360,1185,21.6765,0.5102,8801.8,0.592694,0.196179,1.07741,0.521935
303616,1186,21.6765,0.5102,8801.8,0.085016,0.080832,1.074698,0.087064
303872,1187,21.6765,0.5102,8801.8,-2.859655,0.064939,1.077917,0.609784
304128,1188,21.6765,0.5102,8801.8,-1.777921,0.065732,1.079811,0.612994
304384,1189,21.6765,0.5102,8801.8,1.08826,0.128625,1.075503,0.611907
304640,1190,21.6765,0.5102,8801.8,-2.58539,0.138891,1.077673,0.877855
304896,1191,21.8571,0.5117,8707.4,-0.510488,0.198066,1.071733,0.533839
305152,1192,21.8571,0.5117,8707.4,1.257206,0.299423,1.070066,1.079162
305408,1193,21.8571,0.5117,8707.4,0.128036,0.103672,1.075517,0.126333
305664,1194,21.8571,0.5117,8707.4,-1.454418,0.095776,1.073475,0.620658
305920,1195,21.8571,0.5117,8707.4,-2.078713,0.113092,1.071152,0.774774
306176,1196,21.8571,0.5117,8707.4,1.228176,0.228635,1.073503,0.892007
306432,1197,21.8571,0.5117,8707.4,-0.09764,0.097537,1.071483,0.145702
306688,1198,21.8571,0.5117,8707.4,-2.464604,0.105234,1.072685,0.762233
306944,1199,21.8571,0.5117,8707.4,-0.202074,0.089807,1.071601,0.155022
307200,1200,21.8571,0.5117,8707.4,2.163851,0.39614,1.072931,1.368624
307456,1201,21.8571,0.5117,8707.4,1.670653,0.345861,1.074029,1.207349
307712,1202,21.8571,0.5117,8707.4,-1.631366,0.092708,1.072954,0.64665
307968,1203,21.8571,0.5117,8707.4,0.431792,0.095443,1.069134,0.315688
308224,1204,21.8571,0.5117,8707.4,-2.130587,0.09239,1.077824,0.669078
308480,1205,21.8571,0.5117,8707.4,0.572698,0.123418,1.072011,0.4118
308736,1206,21.8571,0.5117,8707.4,0.511638,0.159373,1.067995,0.424604
308992,1207,21.8571,0.5117,8707.4,-2.411935,0.107387,1.074424,0.73899
309248,1208,21.8571,0.5117,8707.4,0.229323,0.098176,1.073729,0.176288
309504,1209,21.8571,0.5117,8707.4,-1.34798,0.116615,1.07218,0.670503
309760,1210,21.9722,0.5119,8603.8,0.85115,0.100357,1.075547,0.469963
310016,1211,21.9722,0.5119,8603.8,1.4139,0.51479,1.07187,1.423323
310272,1212,21.9722,0.5119,8603.8,-3.138988,0.05547,1.075703,0.556455
310528,1213,21.9722,0.5119,8603.8,1.249484,0.183876,1.066521,0.839947
310784,1214,21.9722,0.5119,8603.8,-1.642049,0.126665,1.068048,0.743266
311040,1215,21.9722,0.5119,8603.8,0.046691,0.0897,1.069652,0.040827
311296,1216,21.9722,0.5119,8603.8,0.000309,0.085853,1.069258,0.069364
311552,1217,21.9722,0.5119,8603.8,1.399472,0.193091,1.07323,0.860739
311808,1218,21.9722,0.5119,8603.8,0.568819,0.184048,1.071115,0.500496
312064,1219,21.9722,0.5119,8603.8,-0.309284,0.096423,1.070386,0.218633
312320,1220,21.9722,0.5119,8603.8,0.91024,0.4183,1.073179,1.026611
312576,1221,21.9722,0.5119,8603.8,0.17026,0.051186,1.076204,0.09607
312832,1222,21.9722,0.5119,8603.8,-2.435534,0.108098,1.075022,0.830427
313088,1223,21.9722,0.5119,8603.8,0.071414,0.059432,1.0759,0.052864
313344,1224,21.9722,0.5119,8603.8,-0.322028,0.043092,1.06711,0.157151
313600,1225,21.9722,0.5119,8603.8,-0.29396,0.035759,1.071527,0.149298
313856,1226,21.9722,0.5119,8603.8,0.51193,0.10234,1.070118,0.364929
314112,1227,21.9722,0.5119,8603.8,0.707799,0.115235,1.072234,0.471707
314368,1228,21.9722,0.5119,8603.8,1.170214,0.137498,1.070832,0.712356
314624,1229,21.9722,0.5119,8603.8,0.827744,0.14383,1.068372,0.614348
314880,1230,21.9722,0.5119,8603.8,-0.219769,0.040046,1.076431,0.122918
315136,1231,22.2162,0.5148,8515.0,-0.317819,0.133594,1.068913,0.36974
315392,1232,22.2162,0.5148,8515.0,1.391917,0.489273,1.070706,1.491362
315648,1233,22.2162,0.5148,8515.0,0.165497,0.127688,1.070287,0.149372
315904,1234,22.2162,0.5148,8515.0,0.94272,0.183492,1.070122,0.743177
316160,1235,22.2162,0.5148,8515.0,-0.091985,0.061502,1.071472,0.066972
316416,1236,22.2162,0.5148,8515.0,-2.394848,0.250116,1.064389,1.374602
316672,1237,22.2162,0.5148,8515.0,-3.176764,0.295691,1.067036,1.44043
316928,1238,22.2162,0.5148,8515.0,-0.583149,0.040706,1.071785,0.271456
317184,1239,22.2162,0.5148,8515.0,-0.862033,0.116013,1.07179,0.590574
317440,1240,22.2162,0.5148,8515.0,-0.878281,0.158497,1.066755,0.738544
317696,1241,22.2162,0.5148,8515.0,0.274922,0.073397,1.067442,0.181472
317952,1242,22.2162,0.5148,8515.0,-1.023445,0.09281,1.067795,0.576482
318208,1243,22.2162,0.5148,8515.0,-3.440709,0.179859,1.06875,1.138493
318464,1244,22.2162,0.5148,8515.0,-2.038217,0.165198,1.070347,0.959549
318720,1245,22.2162,0.5148,8515.0,0.134015,0.114337,1.064654,0.128051
318976,1246,22.2162,0.5148,8515.0,0.762172,0.191347,1.072635,0.669137
319232,1247,22.2162,0.5148,8515.0,0.736084,0.121081,1.068016,0.558607
319488,1248,22.2162,0.5148,8515.0,0.15234,0.06708,1.067081,0.128471
319744,1249,22.2162,0.5148,8515.0,1.758793,0.389917,1.063559,1.453266
320000,1250,22.2895,0.5144,8417.5,-0.783647,0.036434,1.062495,0.307809
320256,1251,22.2895,0.5144,8417.5,-0.96486,0.11156,1.068829,0.574441
320512,1252,22.2895,0.5144,8417.5,-2.632445,0.148835,1.065257,0.975114
320768,1253,22.2895,0.5144,8417.5,0.70488,0.287934,1.065197,0.780459
321024,1254,22.2895,0.5144,8417.5,0.458688,0.11222,1.065641,0.372969
321280,1255,22.2895,0.5144,8417.5,-0.951676,0.133131,1.064242,0.650746
321536,1256,22.2895,0.5144,8417.5,0.547621,0.077176,1.070831,0.336691
321792,1257,22.2895,0.5144,8417.5,-4.016839,0.13756,1.066695,0.99641
322048,1258,22.2895,0.5144,8417.5,0.022459,0.080816,1.062849,0.064193
322304,1259,22.2895,0.5144,8417.5,-1.222999,0.138637,1.068907,0.712621
322560,1260,22.2895,0.5144,8417.5,-2.408957,0.146183,1.070862,0.922922
322816,1261,22.2895,0.5144,8417.5,2.039991,0.361239,1.066445,1.342342
323072,1262,22.2895,0.5144,8417.5,-0.642402,0.128062,1.064221,0.477979
323328,1263,22.2895,0.5144,8417.5,2.143051,0.348971,1.064712,1.38502
323584,1264,22.2895,0.5144,8417.5,-1.314625,0.106262,1.064123,0.667767
323840,1265,22.2895,0.5144,8417.5,0.768267,0.222437,1.067479,0.681072
324096,1266,22.2895,0.5144,8417.5,1.403752,0.315271,1.061218,1.144687
324352,1267,22.2564,0.512,8310.8,0.252213,0.198402,1.062679,0.262915
324608,1268,22.2564,0.512,8310.8,0.33417,0.083118,1.073083,0.223335
324864,1269,22.2564,0.512,8310.8,0.711317,0.119531,1.064795,0.522471
325120,1270,22.2564,0.512,8310.8,0.915114,0.282709,1.066223,0.931756
325376,1271,22.2564,0.512,8310.8,-0.220772,0.109743,1.054665,0.248127
325632,1272,22.2564,0.512,8310.8,0.60624,0.196996,1.064249,0.615071
325888,1273,22.2564,0.512,8310.8,-0.8345,0.095131,1.065257,0.518934
326144,1274,22.2564,0.512,8310.8,-0.038929,0.080198,1.065443,0.050223
326400,1275,22.2564,0.512,8310.8,-1.166138,0.08204,1.065539,0.557482
326656,1276,22.2564,0.512,8310.8,-1.98636,0.10301,1.068016,0.756905
326912,1277,22.2564,0.512,8310.8,0.667805,0.160672,1.060374,0.552841
327168,1278,22.2564,0.512,8310.8,-0.558296,0.115171,1.064529,0.441035
327424,1279,22.2564,0.512,8310.8,0.129794,0.078832,1.063518,0.091144
327680,1280,22.2564,0.512,8310.8,-2.207015,0.132967,1.062812,0.858601
327936,1281,22.2564,0.512,8310.8,1.804539,0.377057,1.060024,1.374605
328192,1282,22.2564,0.512,8310.8,0.095445,0.112592,1.058569,0.084842
328448,1283,22.2564,0.512,8310.8,-1.711348,0.12604,1.062847,0.791742
328704,1284,22.25,0.5102,8215.4,-0.633789,0.244203,1.058602,0.63704
328960,1285,22.25,0.5102,8215.4,0.186564,0.063405,1.055547,0.128252
329216,1286,22.25,0.5102,8215.4,-0.469578,0.066139,1.053852,0.272811
329472,1287,22.25,0.5102,8215.4,0.401929,0.094118,1.050294,0.320436
329728,1288,22.25,0.5102,8215.4,-2.637702,0.144356,1.055494,0.991018
329984,1289,22.25,0.5102,8215.4,0.819809,0.122555,1.058901,0.613495
330240,1290,22.25,0.5102,8215.4,0.524849,0.097707,1.059521,0.360518
330496,1291,22.25,0.5102,8215.4,0.427295,0.273998,1.055212,0.551119
330752,1292,22.25,0.5102,8215.4,-2.538932,0.089335,1.061272,0.7281
331008,1293,22.25,0.5102,8215.4,0.94902,0.308452,1.062369,0.91411
331264,1294,22.25,0.5102,8215.4,-1.852744,0.103683,1.057854,0.76203
331520,1295,22.25,0.5102,8215.4,0.646077,0.128634,1.056655,0.442989
331776,1296,22.25,0.5102,8215.4,0.747341,0.10327,1.06197,0.464869
332032,1297,22.25,0.5102,8215.4,-0.247651,0.07194,1.063086,0.173382
332288,1298,22.25,0.5102,8215.4,0.961582,0.09841,1.052389,0.578127
332544,1299,22.25,0.5102,8215.4,-2.990003,0.105442,1.063274,0.911919
332800,1300,22.25,0.5102,8215.4,1.066079,0.24225,1.047864,0.959683
333056,1301,22.2927,0.5095,8122.9,0.876813,0.167743,1.049708,0.762412
333312,1302,22.2927,0.5095,8122.9,-0.71427,0.100415,1.059062,0.510963
333568,1303,22.2927,0.5095,8122.9,-0.115134,0.064799,1.055687,0.076597
333824,1304,22.2927,0.5095,8122.9,-1.799064,0.10262,1.055969,0.728942
334080,1305,22.2927,0.5095,8122.9,-1.849342,0.11926,1.055265,0.828254
334336,1306,22.2927,0.5095,8122.9,0.06081,0.088844,1.043382,0.052484
334592,1307,22.2927,0.5095,8122.9,-0.483202,0.085032,1.045056,0.386577
334848,1308,22.2927,0.5095,8122.9,1.081311,0.149579,1.057962,0.69574
335104,1309,22.2927,0.5095,8122.9,-3.217389,0.19736,1.055287,1.21833
335360,1310,22.2927,0.5095,8122.9,0.064848,0.084023,1.047047,0.09124
335616,1311,22.2927,0.5095,8122.9,0.985053,0.126663,1.056426,0.626597
335872,1312,22.2927,0.5095,8122.9,-2.008067,0.122169,1.063766,0.883763
336128,1313,22.2927,0.5095,8122.9,-0.315323,0.066286,1.047089,0.234294
336384,1314,22.2927,0.5095,8122.9,0.152996,0.040675,1.053256,0.141511
336640,1315,22.2927,0.5095,8122.9,0.152221,0.200428,1.046169,0.220758
336896,1316,22.2927,0.5095,8122.9,-2.423964,0.138832,1.053795,0.957938
337152,1317,22.1905,0.5059,8025.2,1.301902,0.653967,1.04687,1.663861
337408,1318,22.1905,0.5059,8025.2,-0.801272,0.075543,1.037049,0.512238
337664,1319,22.1905,0.5059,8025.2,1.085422,0.472523,1.047174,1.31661
337920,1320,22.1905,0.5059,8025.2,-0.301522,0.161088,1.052018,0.276151
338176,1321,22.1905,0.5059,8025.2,-0.092183,0.199402,1.048895,0.133593
338432,1322,22.1905,0.5059,8025.2,1.211778,0.172233,1.053245,0.848858
338688,1323,22.1905,0.5059,8025.2,-1.422658,0.066651,1.054558,0.547091
338944,1324,22.1905,0.5059,8025.2,2.219846,0.559785,1.05083,1.766168
339200,1325,22.1905,0.5059,8025.2,-1.119388,0.077401,1.058537,0.536917
339456,1326,22.1905,0.5059,8025.2,-0.02013,0.088587,1.055609,0.057662
339712,1327,22.1905,0.5059,8025.2,1.45157,0.220096,1.055733,0.956163
339968,1328,22.1905,0.5059,8025.2,0.825494,0.117752,1.048892,0.56746
340224,1329,22.1905,0.5059,8025.2,0.204613,0.036841,1.050047,0.127882
340480,1330,22.1905,0.5059,8025.2,0.987551,0.195933,1.047227,0.803951
340736,1331,22.1905,0.5059,8025.2,0.895883,0.177525,1.051023,0.750511
340992,1332,22.1905,0.5059,8025.2,-0.996851,0.086881,1.044386,0.562309
341248,1333,22.3256,0.5072,7932.3,-0.520744,0.168918,1.05101,0.52563
341504,1334,22.3256,0.5072,7932.3,0.051474,0.216029,1.038534,0.116481
341760,1335,22.3256,0.5072,7932.3,0.410815,0.114445,1.042614,0.34194
342016,1336,22.3256,0.5072,7932.3,-2.432948,0.129859,1.064089,0.91975
342272,1337,22.3256,0.5072,7932.3,-0.401093,0.053473,1.049973,0.226614
342528,1338,22.3256,0.5072,7932.3,0.377306,0.108803,1.034813,0.30902
342784,1339,22.3256,0.5072,7932.3,0.308932,0.110642,1.050478,0.247451
343040,1340,22.3256,0.5072,7932.3,0.472146,0.116323,1.042718,0.387629
343296,1341,22.3256,0.5072,7932.3,0.859358,0.265141,1.034162,0.944825
343552,1342,22.3256,0.5072,7932.3,0.805871,0.284011,1.027446,0.910975
343808,1343,22.3256,0.5072,7932.3,0.066126,0.124247,1.045631,0.142642
344064,1344,22.3256,0.5072,7932.3,-1.701284,0.115868,1.03472,0.84721
344320,1345,22.3256,0.5072,7932.3,-1.176643,0.179992,1.034358,0.959996
344576,1346,22.3256,0.5072,7932.3,1.162527,0.30733,1.032674,1.192165
344832,1347,22.3256,0.5072,7932.3,0.081363,0.223814,1.027113,0.117803
345088,1348,22.3256,0.5072,7932.3,-0.069226,0.055169,1.035453,0.130658
345344,1349,22.4091,0.5075,7844.7,-0.619708,0.114458,1.027661,0.559037
345600,1350,22.4091,0.5075,7844.7,-1.67033,0.181562,1.037709,1.066542
345856,1351,22.4091,0.5075,7844.7,-1.307417,0.120305,1.040989,0.809882
346112,1352,22.4091,0.5075,7844.7,-1.149017,0.166755,1.022661,1.014782
346368,1353,22.4091,0.5075,7844.7,-2.11242,0.163573,1.039616,1.067362
346624,1354,22.4091,0.5075,7844.7,0.547372,0.10083,1.022087,0.465127
346880,1355,22.4091,0.5075,7844.7,0.75201,0.155874,1.024186,0.638323
347136,1356,22.4091,0.5075,7844.7,-1.739795,0.13906,1.040881,0.879652
347392,1357,22.4091,0.5075,7844.7,-2.763587,0.128934,1.057528,0.937709
347648,1358,22.4091,0.5075,7844.7,2.350077,1.168531,1.035792,2.743472
347904,1359,22.4091,0.5075,7844.7,-0.591078,0.10771,1.030471,0.445762
348160,1360,22.4091,0.5075,7844.7,1.028824,0.16145,1.046924,0.786539
348416,1361,22.4091,0.5075,7844.7,-0.182312,0.074275,1.044519,0.123409
348672,1362,22.4091,0.5075,7844.7,-2.266291,0.146859,1.041483,0.933337
348928,1363,22.4091,0.5075,7844.7,-0.729021,0.103369,1.041003,0.471858
349184,1364,22.4091,0.5075,7844.7,-2.556458,0.107587,1.050224,0.792088
349440,1365,22.2889,0.5037,7761.5,0.458688,0.073113,1.044663,0.390991
349696,1366,22.2889,0.5037,7761.5,1.331451,0.377815,1.02677,1.426743
349952,1367,22.2889,0.5037,7761.5,1.891322,0.526787,1.040584,1.697536
350208,1368,22.2889,0.5037,7761.5,-0.119409,0.055016,1.050808,0.104197
350464,1369,22.2889,0.5037,7761.5,0.803945,0.269851,1.037951,0.866372
350720,1370,22.2889,0.5037,7761.5,1.098454,0.314727,1.034418,1.188694
350976,1371,22.2889,0.5037,7761.5,0.952816,0.150177,1.035762,0.752036
351232,1372,22.2889,0.5037,7761.5,-0.027716,0.072181,1.050537,0.046654
351488,1373,22.2889,0.5037,7761.5,-0.151675,0.070163,1.044412,0.10422
351744,1374,22.2889,0.5037,7761.5,-2.711257,0.135635,1.03553,1.144528
352000,1375,22.2889,0.5037,7761.5,0.844694,0.312902,1.027367,0.986134
352256,1376,22.2889,0.5037,7761.5,1.630764,0.457406,1.030554,1.613181
352512,1377,22.2889,0.5037,7761.5,0.739348,0.219136,1.034896,0.721084
352768,1378,22.3913,0.5045,7667.9,-0.141336,0.124537,1.043981,0.139736
353024,1379,22.3913,0.5045,7667.9,0.769176,0.159028,1.054878,0.614226
353280,1380,22.3913,0.5045,7667.9,0.792122,0.319804,1.033844,0.91156
353536,1381,22.3913,0.5045,7667.9,0.548651,0.150266,1.045484,0.51047
353792,1382,22.3913,0.5045,7667.9,-0.153697,0.091059,1.047801,0.153327
354048,1383,22.3913,0.5045,7667.9,-1.939814,0.24919,1.038451,1.509386
354304,1384,22.3913,0.5045,7667.9,-1.745176,0.10002,1.056594,0.774383
354560,1385,22.3913,0.5045,7667.9,-0.24563,0.133548,1.041282,0.366086
354816,1386,22.3913,0.5045,7667.9,-0.502194,0.120413,1.034459,0.495779
355072,1387,22.3913,0.5045,7667.9,1.011343,0.129106,1.040589,0.725353
355328,1388,22.3913,0.5045,7667.9,0.533121,0.194942,1.049497,0.549119
355584,1389,22.3913,0.5045,7667.9,1.652476,0.523117,1.05238,1.67897
355840,1390,22.3913,0.5045,7667.9,-0.096461,0.08965,1.046389,0.181915
356096,1391,22.3913,0.5045,7667.9,-1.830612,0.22263,1.046245,1.19946
356352,1392,22.3913,0.5045,7667.9,-3.454997,0.285475,1.045196,1.604253
356608,1393,22.4043,0.5036,7583.0,0.322977,0.191141,1.047828,0.352212
356864,1394,22.4043,0.5036,7583.0,0.045386,0.131865,1.054666,0.114332
357120,1395,22.4043,0.5036,7583.0,0.975654,0.147914,1.051055,0.744622
357376,1396,22.4043,0.5036,7583.0,-0.154576,0.121795,1.049353,0.211533
357632,1397,22.4043,0.5036,7583.0,0.856663,0.165311,1.051958,0.768408
357888,1398,22.4043,0.5036,7583.0,-2.401985,0.348136,1.038934,1.738109
358144,1399,22.4043,0.5036,7583.0,0.416573,0.162181,1.042754,0.435104
358400,1400,22.4043,0.5036,7583.0,1.313333,0.26377,1.047087,1.20166
358656,1401,22.4043,0.5036,7583.0,-1.956711,0.188726,1.041126,1.159537
358912,1402,22.4043,0.5036,7583.0,-2.280036,0.312283,1.036656,1.562201
359168,1403,22.4043,0.5036,7583.0,-0.753351,0.070674,1.056298,0.469567
359424,1404,22.4043,0.5036,7583.0,0.975663,0.392895,1.04688,1.290306
359680,1405,22.4043,0.5036,7583.0,-0.43453,0.183598,1.054027,0.484316
359936,1406,22.4043,0.5036,7583.0,0.572661,0.156821,1.051997,0.545745
360192,1407,22.4043,0.5036,7583.0,1.79552,0.282954,1.042973,1.374094
360448,1408,22.5417,0.5052,7507.8,1.084207,0.132842,1.046708,0.857027
360704,1409,22.5417,0.5052,7507.8,-0.445784,0.070569,1.056871,0.292246
360960,1410,22.5417,0.5052,7507.8,-1.221709,0.215673,1.047009,1.078382
361216,1411,22.5417,0.5052,7507.8,0.4464,0.153861,1.050284,0.500141
361472,1412,22.5417,0.5052,7507.8,-0.857024,0.044234,1.054907,0.384731
361728,1413,22.5417,0.5052,7507.8,-0.728605,0.192809,1.043931,0.755458
361984,1414,22.5417,0.5052,7507.8,0.628564,0.501208,1.038537,1.178628
362240,1415,22.5417,0.5052,7507.8,0.864187,0.156998,1.050999,0.769725
362496,1416,22.5417,0.5052,7507.8,-0.965462,0.12577,1.040519,0.724871
362752,1417,22.5417,0.5052,7507.8,-1.452301,0.141963,1.047767,0.96753
363008,1418,22.5417,0.5052,7507.8,-0.192105,0.134349,1.049155,0.228366
363264,1419,22.5417,0.5052,7507.8,-0.296285,0.056968,1.04341,0.225633
363520,1420,22.5417,0.5052,7507.8,1.489099,0.380068,1.051319,1.436422
363776,1421,22.5417,0.5052,7507.8,0.404038,0.073875,1.040502,0.295632
364032,1422,22.5417,0.5052,7507.8,0.213422,0.194823,1.038124,0.33998
364288,1423,22.5417,0.5052,7507.8,-1.921198,0.225185,1.0425,1.301947
364544,1424,22.6531,0.5063,7435.1,-0.462471,0.198862,1.049125,0.502508
364800,1425,22.6531,0.5063,7435.1,-1.297078,0.148785,1.045548,0.957654
365056,1426,22.6531,0.5063,7435.1,-1.954005,0.193956,1.044979,1.135673
365312,1427,22.6531,0.5063,7435.1,-1.609903,0.143255,1.059566,0.879766
365568,1428,22.6531,0.5063,7435.1,0.048674,0.144342,1.031297,0.083239
365824,1429,22.6531,0.5063,7435.1,0.462402,0.092995,1.045063,0.408816
366080,1430,22.6531,0.5063,7435.1,-2.100332,0.201763,1.042688,1.232756
366336,1431,22.6531,0.5063,7435.1,0.281852,0.100513,1.040648,0.27595
366592,1432,22.6531,0.5063,7435.1,-0.388553,0.124853,1.045113,0.367249
366848,1433,22.6531,0.5063,7435.1,0.235763,0.235271,1.0511,0.332968
367104,1434,22.6531,0.5063,7435.1,0.725647,0.118914,1.036464,0.605466
367360,1435,22.6531,0.5063,7435.1,-0.210839,0.19374,1.045959,0.226007
367616,1436,22.6531,0.5063,7435.1,-2.248703,0.169249,1.049582,1.112612
367872,1437,22.6531,0.5063,7435.1,0.221155,0.109745,1.040209,0.186522
368128,1438,22.6531,0.5063,7435.1,-1.974711,0.078264,1.047576,0.736361
368384,1439,22.6531,0.5063,7435.1,-0.118921,0.074436,1.052143,0.099782
368640,1440,22.6531,0.5063,7435.1,1.088185,0.197282,1.041409,0.938081
368896,1441,22.66,0.5054,7373.3,-0.156046,0.083642,1.044723,0.115547
369152,1442,22.66,0.5054,7373.3,0.988974,0.440264,1.036909,1.338528
369408,1443,22.66,0.5054,7373.3,-0.656282,0.146231,1.027008,0.617937
369664,1444,22.66,0.5054,7373.3,0.951335,0.114447,1.059286,0.596727
369920,1445,22.66,0.5054,7373.3,-2.141639,0.098302,1.052829,0.7752
370176,1446,22.66,0.5054,7373.3,0.281291,0.09875,1.056795,0.199683
370432,1447,22.66,0.5054,7373.3,0.007051,0.092215,1.038172,0.062582
370688,1448,22.66,0.5054,7373.3,-2.896865,0.216303,1.043045,1.26057
370944,1449,22.66,0.5054,7373.3,1.225762,0.273544,1.046983,1.191085
371200,1450,22.66,0.5054,7373.3,0.659169,0.206883,1.049592,0.631795
371456,1451,22.66,0.5054,7373.3,1.093723,0.3515,1.041351,1.178912
371712,1452,22.66,0.5054,7373.3,-1.216331,0.095874,1.042576,0.711249
371968,1453,22.66,0.5054,7373.3,-0.194005,0.098015,1.044911,0.197716
372224,1454,22.66,0.5054,7373.3,0.009264,0.081921,1.059539,0.121342
372480,1455,22.66,0.5054,7373.3,-2.264201,0.1421,1.046381,0.927298
372736,1456,22.6667,0.5045,7305.0,-0.058601,0.078634,1.034706,0.061531
372992,1457,22.6667,0.5045,7305.0,1.547724,0.750876,1.041769,1.992446
373248,1458,22.6667,0.5045,7305.0,2.311931,0.445069,1.051983,1.600124
373504,1459,22.6667,0.5045,7305.0,0.29621,0.255821,1.0473,0.354422
373760,1460,22.6667,0.5045,7305.0,-0.320827,0.087883,1.052229,0.242358
374016,1461,22.6667,0.5045,7305.0,1.006225,0.078604,1.046977,0.546818
374272,1462,22.6667,0.5045,7305.0,-0.993437,0.136327,1.046536,0.734179
374528,1463,22.6667,0.5045,7305.0,-0.560645,0.112551,1.034792,0.490054
374784,1464,22.6667,0.5045,7305.0,-2.192212,0.110062,1.062141,0.803942
375040,1465,22.6667,0.5045,7305.0,-0.071344,0.042865,1.049895,0.057956
375296,1466,22.6667,0.5045,7305.0,-2.676672,0.158007,1.044478,1.177132
375552,1467,22.6667,0.5045,7305.0,0.88325,0.198288,1.055595,0.768869
375808,1468,22.6667,0.5045,7305.0,-2.571627,0.204461,1.055129,1.13242
376064,1469,22.6667,0.5045,7305.0,0.069292,0.078451,1.053684,0.081016
376320,1470,22.6667,0.5045,7305.0,1.68689,0.715273,1.042305,1.982364
376576,1471,22.7692,0.5055,7240.9,1.469695,0.395324,1.052563,1.349111
376832,1472,22.7692,0.5055,7240.9,0.926449,0.270251,1.055216,0.900313
377088,1473,22.7692,0.5055,7240.9,0.22521,0.152963,1.037812,0.263446
377344,1474,22.7692,0.5055,7240.9,-0.969755,0.115649,1.035771,0.691817
377600,1475,22.7692,0.5055,7240.9,0.015839,0.067236,1.063492,0.029541
377856,1476,22.7692,0.5055,7240.9,0.585691,0.520174,1.06058,0.939381
378112,1477,22.7692,0.5055,7240.9,-0.049753,0.063799,1.038043,0.066426
378368,1478,22.7692,0.5055,7240.9,0.090944,0.170621,1.056563,0.12934
378624,1479,22.7692,0.5055,7240.9,-0.142198,0.118506,1.050958,0.155267
378880,1480,22.7692,0.5055,7240.9,0.108832,0.151943,1.055921,0.138538
379136,1481,22.7692,0.5055,7240.9,-0.376066,0.057274,1.05606,0.21659
379392,1482,22.7692,0.5055,7240.9,-0.652191,0.081123,1.055012,0.414869
379648,1483,22.7692,0.5055,7240.9,0.17573,0.148695,1.058881,0.171749
379904,1484,22.7692,0.5055,7240.9,1.379078,0.249994,1.046614,1.089293
380160,1485,22.7692,0.5055,7240.9,0.418303,0.071903,1.060666,0.264799
380416,1486,22.7692,0.5055,7240.9,-0.245349,0.048419,1.051862,0.160039
380672,1487,22.8113,0.5054,7182.2,-3.905582,0.279796,1.060333,1.420023
380928,1488,22.8113,0.5054,7182.2,-0.489695,0.081639,1.06235,0.316114
381184,1489,22.8113,0.5054,7182.2,-0.574371,0.100332,1.054362,0.428991
381440,1490,22.8113,0.5054,7182.2,-0.716913,0.105099,1.058424,0.49125
381696,1491,22.8113,0.5054,7182.2,0.332595,0.105845,1.05183,0.285419
381952,1492,22.8113,0.5054,7182.2,-2.189645,0.17121,1.049381,1.060564
382208,1493,22.8113,0.5054,7182.2,0.9109,0.123583,1.051971,0.641993
382464,1494,22.8113,0.5054,7182.2,0.531045,0.140972,1.061433,0.43504
382720,1495,22.8113,0.5054,7182.2,1.263542,0.551958,1.052891,1.571588
382976,1496,22.8113,0.5054,7182.2,0.201816,0.092454,1.055211,0.153955
383232,1497,22.8113,0.5054,7182.2,-0.02567,0.099207,1.053188,0.112573
383488,1498,22.8113,0.5054,7182.2,0.399717,0.153105,1.046641,0.392331
383744,1499,22.8113,0.5054,7182.2,-0.877364,0.116207,1.056767,0.590488
384000,1500,22.8113,0.5054,7182.2,0.29259,0.256822,1.050075,0.405237
384256,1501,22.8113,0.5054,7182.2,-0.483223,0.07081,1.056705,0.308314
384512,1502,22.8113,0.5054,7182.2,-1.107296,0.171854,1.049828,0.889138
384768,1503,22.8113,0.5054,7182.2,-0.406827,0.058495,1.046747,0.265775
385024,1504,22.8519,0.5053,7125.9,0.124355,0.079365,1.044174,0.107273
385280,1505,22.8519,0.5053,7125.9,-0.01238,0.093966,1.059989,0.0766
385536,1506,22.8519,0.5053,7125.9,-1.721413,0.075429,1.05994,0.653656
385792,1507,22.8519,0.5053,7125.9,1.709862,0.311665,1.053258,1.26016
386048,1508,22.8519,0.5053,7125.9,-0.531454,0.072925,1.051544,0.318216
386304,1509,22.8519,0.5053,7125.9,1.210821,0.317485,1.047866,1.166078
386560,1510,22.8519,0.5053,7125.9,-2.651667,0.134247,1.05264,0.922901
386816,1511,22.8519,0.5053,7125.9,0.009701,0.072823,1.061561,0.044006
387072,1512,22.8519,0.5053,7125.9,-2.718065,0.189066,1.057081,1.138591
387328,1513,22.8519,0.5053,7125.9,0.750223,0.088988,1.053391,0.451028
387584,1514,22.8519,0.5053,7125.9,1.243398,0.41166,1.049092,1.311038
387840,1515,22.8519,0.5053,7125.9,0.576386,0.154924,1.045741,0.581391
388096,1516,22.8519,0.5053,7125.9,1.61849,0.383989,1.053358,1.408868
388352,1517,22.8519,0.5053,7125.9,-2.720676,0.159706,1.049625,1.035385
388608,1518,22.8519,0.5053,7125.9,0.505057,0.351385,1.055785,0.743738
388864,1519,22.8519,0.5053,7125.9,-3.224885,0.260942,1.051077,1.30039
389120,1520,22.8519,0.5053,7125.9,-0.07024,0.078308,1.044697,0.107803
389376,1521,22.8909,0.5052,7076.3,-0.02008,0.241771,1.054835,0.196891
389632,1522,22.8909,0.5052,7076.3,0.636426,0.20458,1.054181,0.601476
389888,1523,22.8909,0.5052,7076.3,-0.210255,0.155056,1.051089,0.258946
390144,1524,22.8909,0.5052,7076.3,0.279806,0.124282,1.061427,0.254549
390400,1525,22.8909,0.5052,7076.3,0.684705,0.344693,1.048058,0.876318
390656,1526,22.8909,0.5052,7076.3,-1.810201,0.198704,1.053695,1.099848
390912,1527,22.8909,0.5052,7076.3,-0.332273,0.156728,1.047897,0.353448
391168,1528,22.8909,0.5052,7076.3,-0.35691,0.057481,1.053144,0.219791
391424,1529,22.8909,0.5052,7076.3,-0.371688,0.076751,1.047714,0.263656
391680,1530,22.8909,0.5052,7076.3,-0.213014,0.06506,1.052906,0.165141
391936,1531,22.8909,0.5052,7076.3,0.829406,0.191413,1.048522,0.723423
392192,1532,22.8909,0.5052,7076.3,-0.174146,0.049518,1.060101,0.112403
392448,1533,22.8909,0.5052,7076.3,-0.010047,0.090614,1.053857,0.115558
392704,1534,22.8909,0.5052,7076.3,-1.607979,0.145233,1.050319,0.880801
392960,1535,22.8909,0.5052,7076.3,0.345672,0.097785,1.065734,0.264531
393216,1536,22.8909,0.5052,7076.3,-1.83459,0.109926,1.064056,0.753224
393472,1537,22.8909,0.5052,7076.3,-2.269124,0.227937,1.062143,1.150878
393728,1538,22.8929,0.5044,7027.3,0.040984,0.127253,1.044302,0.145131
393984,1539,22.8929,0.5044,7027.3,-2.481918,0.167853,1.051892,1.057786
394240,1540,22.8929,0.5044,7027.3,1.224828,0.785585,1.054649,1.801615
394496,1541,22.8929,0.5044,7027.3,-0.564299,0.077182,1.061484,0.342803
394752,1542,22.8929,0.5044,7027.3,-0.26642,0.09144,1.053618,0.194096
395008,1543,22.8929,0.5044,7027.3,-0.962405,0.072426,1.062296,0.4766
395264,1544,22.8929,0.5044,7027.3,0.918494,0.168113,1.047794,0.699493
395520,1545,22.8929,0.5044,7027.3,-0.666751,0.134568,1.047071,0.54254
395776,1546,22.8929,0.5044,7027.3,-2.626525,0.133866,1.066116,0.901464
396032,1547,22.8929,0.5044,7027.3,-0.364039,0.070336,1.054074,0.228512
396288,1548,22.8929,0.5044,7027.3,-0.5287,0.077166,1.044207,0.338377
396544,1549,22.8929,0.5044,7027.3,0.075614,0.07005,1.057806,0.057381
396800,1550,22.8929,0.5044,7027.3,0.117881,0.044189,1.055599,0.079072
397056,1551,22.8929,0.5044,7027.3,0.155379,0.064539,1.056417,0.122774
397312,1552,22.8929,0.5044,7027.3,0.002816,0.05794,1.053116,0.028806
397568,1553,22.8929,0.5044,7027.3,-0.227555,0.201433,1.056776,0.239068
397824,1554,22.8772,0.5033,6977.7,-0.029068,0.067443,1.055884,0.077799
398080,1555,22.8772,0.5033,6977.7,1.507335,0.427802,1.054813,1.387867
398336,1556,22.8772,0.5033,6977.7,-0.149067,0.082572,1.057284,0.106527
398592,1557,22.8772,0.5033,6977.7,0.240748,0.118771,1.047245,0.219776
398848,1558,22.8772,0.5033,6977.7,0.311988,0.041527,1.043783,0.182771
399104,1559,22.8772,0.5033,6977.7,1.442816,0.31986,1.045489,1.237838
399360,1560,22.8772,0.5033,6977.7,-2.157199,0.061158,1.055404,0.61497
399616,1561,22.8772,0.5033,6977.7,0.178572,0.242539,1.04842,0.201297
399872,1562,22.8772,0.5033,6977.7,-1.91737,0.091664,1.048109,0.745952
400128,1563,22.8772,0.5033,6977.7,0.054907,0.106114,1.057585,0.096352
400384,1564,22.8772,0.5033,6977.7,-2.002489,0.130621,1.027846,0.988733
400640,1565,22.8772,0.5033,6977.7,0.651074,0.27968,1.040952,0.707438
400896,1566,22.8772,0.5033,6977.7,-0.109251,0.087535,1.060366,0.074402
401152,1567,22.8772,0.5033,6977.7,-0.0723,0.136159,1.041838,0.127014
401408,1568,22.8772,0.5033,6977.7,0.418904,0.096268,1.048939,0.32414
401664,1569,22.8772,0.5033,6977.7,1.585723,0.415345,1.035783,1.454609
401920,1570,22.8966,0.5029,6928.3,1.232523,0.20585,1.049501,0.87187
402176,1571,22.8966,0.5029,6928.3,0.166129,0.047939,1.044921,0.089102
402432,1572,22.8966,0.5029,6928.3,-0.231482,0.059073,1.045794,0.128158
402688,1573,22.8966,0.5029,6928.3,1.010496,0.307606,1.049048,1.020313
402944,1574,22.8966,0.5029,6928.3,-3.496898,0.087263,1.060837,0.720721
403200,1575,22.8966,0.5029,6928.3,0.826933,0.207033,1.03257,0.805761
403456,1576,22.8966,0.5029,6928.3,0.162326,0.144397,1.054191,0.205699
403712,1577,22.8966,0.5029,6928.3,-0.2253,0.076887,1.040386,0.157553
403968,1578,22.8966,0.5029,6928.3,1.138058,0.13786,1.048171,0.701497
404224,1579,22.8966,0.5029,6928.3,1.088636,0.239812,1.046364,0.901968
404480,1580,22.8966,0.5029,6928.3,1.634561,0.421611,1.040666,1.439598
404736,1581,22.8966,0.5029,6928.3,1.239523,0.575239,1.045536,1.624773
404992,1582,22.8966,0.5029,6928.3,1.182382,0.646271,1.042208,1.69687
405248,1583,22.8966,0.5029,6928.3,-1.621209,0.108774,1.048321,0.824973
405504,1584,22.9661,0.5035,6871.2,-0.513392,0.137114,1.05124,0.437583
405760,1585,22.9661,0.5035,6871.2,-0.966064,0.139578,1.057159,0.651875
406016,1586,22.9661,0.5035,6871.2,0.731628,0.156502,1.03682,0.634761
406272,1587,22.9661,0.5035,6871.2,0.905867,0.099076,1.047109,0.546908
406528,1588,22.9661,0.5035,6871.2,0.807377,0.198034,1.03006,0.734732
406784,1589,22.9661,0.5035,6871.2,0.030194,0.205713,1.039165,0.059501
407040,1590,22.9661,0.5035,6871.2,-0.015749,0.137261,1.033494,0.222647
407296,1591,22.9661,0.5035,6871.2,-1.729905,0.234733,1.040562,1.255541
407552,1592,22.9661,0.5035,6871.2,0.622651,0.226241,1.04004,0.688132
407808,1593,22.9661,0.5035,6871.2,-3.030998,0.240369,1.034986,1.440898
408064,1594,22.9661,0.5035,6871.2,1.106122,0.174754,1.03397,0.892039
408320,1595,22.9661,0.5035,6871.2,0.223327,0.170405,1.039753,0.229609
408576,1596,22.9661,0.5035,6871.2,-0.499189,0.09367,1.033365,0.42319
408832,1597,22.9661,0.5035,6871.2,0.111093,0.176192,1.041108,0.152089
409088,1598,23.0333,0.5041,6815.0,-0.162902,0.052366,1.043088,0.187748
409344,1599,23.0333,0.5041,6815.0,-2.123647,0.12442,1.050685,0.896111
409600,1600,23.0333,0.5041,6815.0,-0.283854,0.172603,1.019476,0.339619
409856,1601,23.0333,0.5041,6815.0,0.625783,0.343199,1.03788,0.951527
410112,1602,23.0333,0.5041,6815.0,0.103288,0.064796,1.034115,0.074404
410368,1603,23.0333,0.5041,6815.0,2.342784,0.831712,1.02314,2.564863
410624,1604,23.0333,0.5041,6815.0,1.29858,0.495499,1.036362,1.615297
410880,1605,23.0333,0.5041,6815.0,1.639562,0.42967,1.041429,1.610381
411136,1606,23.0333,0.5041,6815.0,2.551097,0.579111,1.040183,2.156766
411392,1607,23.0333,0.5041,6815.0,-1.327152,0.195044,1.032755,1.148894
411648,1608,23.0333,0.5041,6815.0,0.92258,0.247052,1.009529,1.112777
411904,1609,23.0333,0.5041,6815.0,0.826896,0.236554,1.032414,0.936114
412160,1610,23.0333,0.5041,6815.0,-0.846696,0.167824,1.038623,0.848037
412416,1611,23.2131,0.507,6759.4,-0.343742,0.112373,1.016372,0.416691
412672,1612,23.2131,0.507,6759.4,0.354947,0.148708,1.030589,0.367063
412928,1613,23.2131,0.507,6759.4,-0.083416,0.106917,1.036814,0.159815
413184,1614,23.2131,0.507,6759.4,-3.556548,0.336674,1.02827,1.781844
413440,1615,23.2131,0.507,6759.4,-1.255382,0.207537,1.030199,1.169694
413696,1616,23.2131,0.507,6759.4,-1.149378,0.19416,1.027948,1.078137
413952,1617,23.2131,0.507,6759.4,0.159449,0.079993,1.032594,0.128269
414208,1618,23.2131,0.507,6759.4,0.252114,0.076833,1.011608,0.226086
414464,1619,23.2131,0.507,6759.4,-0.587488,0.133502,1.023216,0.658733
414720,1620,23.2131,0.507,6759.4,-0.701841,0.126653,1.014741,0.661007
414976,1621,23.2131,0.507,6759.4,-0.372771,0.209811,1.042804,0.480742
415232,1622,23.2131,0.507,6759.4,-0.714697,0.081426,1.011437,0.657561
415488,1623,23.2131,0.507,6759.4,1.073374,0.139744,1.023885,0.865429
415744,1624,23.1613,0.5053,6704.7,-2.565796,0.442553,1.036188,1.888439
416000,1625,23.1613,0.5053,6704.7,-1.87907,0.276398,1.021051,1.490174
416256,1626,23.1613,0.5053,6704.7,1.333059,0.178674,1.034646,1.042149
416512,1627,23.1613,0.5053,6704.7,-0.521891,0.119847,1.041193,0.472483
416768,1628,23.1613,0.5053,6704.7,0.769417,0.176585,1.048629,0.761341
417024,1629,23.1613,0.5053,6704.7,-3.368373,0.197342,1.056815,1.417438
417280,1630,23.1613,0.5053,6704.7,-0.28346,0.089785,1.046473,0.223615
417536,1631,23.1613,0.5053,6704.7,-0.460228,0.096247,1.055453,0.335375
417792,1632,23.1613,0.5053,6704.7,0.288938,0.112032,1.058534,0.330999
418048,1633,23.1613,0.5053,6704.7,0.39685,0.161045,1.044194,0.500603
418304,1634,23.1613,0.5053,6704.7,0.724257,0.252726,1.036285,0.895875
418560,1635,23.1613,0.5053,6704.7,-2.367158,0.188777,1.051094,1.089392
418816,1636,23.1613,0.5053,6704.7,-0.328663,0.061872,1.044712,0.217771
419072,1637,23.1613,0.5053,6704.7,1.714762,0.22348,1.035689,1.190428
419328,1638,23.1613,0.5053,6704.7,-0.041995,0.040918,1.059661,0.075133
419584,1639,23.1613,0.5053,6704.7,0.680328,0.096388,1.050755,0.500185
419840,1640,23.2063,0.5055,6663.3,-0.186537,0.163604,1.053073,0.203742
420096,1641,23.2063,0.5055,6663.3,1.191445,0.15461,1.052212,0.848445
420352,1642,23.2063,0.5055,6663.3,0.362728,0.084945,1.051795,0.320904
420608,1643,23.2063,0.5055,6663.3,0.041557,0.14698,1.034238,0.080594
420864,1644,23.2063,0.5055,6663.3,0.37914,0.129602,1.044103,0.380098
421120,1645,23.2063,0.5055,6663.3,-3.572326,0.103135,1.055819,0.910993
421376,1646,23.2063,0.5055,6663.3,-1.456086,0.170001,1.057588,1.001886
421632,1647,23.2063,0.5055,6663.3,0.432029,0.097433,1.0609,0.306108
421888,1648,23.2063,0.5055,6663.3,0.779276,0.221529,1.038501,0.841917
422144,1649,23.2063,0.5055,6663.3,0.008461,0.079682,1.044881,0.066492
422400,1650,23.2063,0.5055,6663.3,0.609275,0.416432,1.03722,0.960901
422656,1651,23.2063,0.5055,6663.3,-0.042753,0.071807,1.049284,0.097562
422912,1652,23.2063,0.5055,6663.3,-1.134286,0.225074,1.030969,1.199695
423168,1653,23.2063,0.5055,6663.3,1.195958,0.443247,1.025008,1.574591
423424,1654,23.2063,0.5055,6663.3,0.466669,0.07355,1.046191,0.330647
423680,1655,23.2656,0.5061,6617.3,-0.446592,0.307408,1.038548,0.816514
423936,1656,23.2656,0.5061,6617.3,0.850289,0.451759,1.027267,1.360375
424192,1657,23.2656,0.5061,6617.3,0.545838,0.168982,1.033739,0.553473
424448,1658,23.2656,0.5061,6617.3,0.343415,0.116293,1.04822,0.284392
424704,1659,23.2656,0.5061,6617.3,0.791095,0.155551,1.052335,0.656768
424960,1660,23.2656,0.5061,6617.3,-1.635322,0.280612,1.033136,1.556519
425216,1661,23.2656,0.5061,6617.3,0.282841,0.139052,1.027205,0.306868
425472,1662,23.2656,0.5061,6617.3,-2.424516,0.289684,1.023845,1.683288
425728,1663,23.2656,0.5061,6617.3,0.436056,0.351252,1.027742,0.755398
425984,1664,23.2656,0.5061,6617.3,0.054796,0.105183,1.037806,0.065255
426240,1665,23.2656,0.5061,6617.3,0.993332,0.286659,1.042025,1.12106
426496,1666,23.2656,0.5061,6617.3,0.732833,0.098642,1.027076,0.589809
426752,1667,23.2656,0.5061,6617.3,0.693924,0.201075,1.040862,0.765029
427008,1668,23.3692,0.5075,6568.4,-0.073676,0.135308,1.019647,0.149559
427264,1669,23.3692,0.5075,6568.4,0.103342,0.141652,1.038253,0.137518
427520,1670,23.3692,0.5075,6568.4,-0.201759,0.088563,1.044281,0.210533
427776,1671,23.3692,0.5075,6568.4,1.201712,0.237909,1.027362,1.290251
428032,1672,23.3692,0.5075,6568.4,-1.180318,0.118888,1.040191,0.861616
428288,1673,23.3692,0.5075,6568.4,-1.381022,0.214397,1.039306,1.325172
428544,1674,23.3692,0.5075,6568.4,-1.599811,0.378805,1.035777,1.835883
428800,1675,23.3692,0.5075,6568.4,-1.866948,0.262547,1.043801,1.535661
429056,1676,23.3692,0.5075,6568.4,-0.44,0.163724,1.029669,0.557458
429312,1677,23.3692,0.5075,6568.4,0.44323,0.136452,1.041298,0.492302
429568,1678,23.3692,0.5075,6568.4,-0.905185,0.121295,1.047551,0.737669
429824,1679,23.3692,0.5075,6568.4,2.182959,0.742755,1.035952,2.633959
430080,1680,23.3692,0.5075,6568.4,-0.605115,0.098817,1.047457,0.49054
430336,1681,23.3692,0.5075,6568.4,1.912361,0.426424,1.043495,1.854147
430592,1682,23.4848,0.5092,6522.2,0.250354,0.048229,1.031588,0.202014
430848,1683,23.4848,0.5092,6522.2,-0.817097,0.16768,1.0401,0.855512
431104,1684,23.4848,0.5092,6522.2,-0.88626,0.205805,1.048869,0.899981
431360,1685,23.4848,0.5092,6522.2,0.482924,0.096537,1.040832,0.472942
431616,1686,23.4848,0.5092,6522.2,-3.788889,0.35851,1.037937,1.868862
431872,1687,23.4848,0.5092,6522.2,-1.943644,0.196765,1.046345,1.261063
432128,1688,23.4848,0.5092,6522.2,-0.416281,0.09405,1.042057,0.380196
432384,1689,23.4848,0.5092,6522.2,0.89674,0.196917,1.040193,0.958435
432640,1690,23.4848,0.5092,6522.2,0.680093,0.121226,1.042356,0.630809
432896,1691,23.4848,0.5092,6522.2,-1.8449,0.159063,1.052034,1.06813
433152,1692,23.4848,0.5092,6522.2,0.685394,0.136394,1.030359,0.74465
433408,1693,23.4848,0.5092,6522.2,-1.042093,0.101195,1.03847,0.743463
433664,1694,23.4848,0.5092,6522.2,-0.732764,0.239617,1.032911,0.913819
433920,1695,23.4848,0.5092,6522.2,-2.373437,0.26427,1.041323,1.447765
434176,1696,23.4848,0.5092,6522.2,-1.972799,0.266669,1.047199,1.418137
434432,1697,23.4848,0.5092,6522.2,-2.640805,0.293415,1.048282,1.539644
434688,1698,23.4627,0.5082,6487.6,-0.702693,0.150535,1.043489,0.665567
434944,1699,23.4627,0.5082,6487.6,-0.328079,0.125243,1.02748,0.363099
435200,1700,23.4627,0.5082,6487.6,-0.482763,0.07044,1.048024,0.310664
435456,1701,23.4627,0.5082,6487.6,-0.586503,0.153218,1.048998,0.568333
435712,1702,23.4627,0.5082,6487.6,-2.522346,0.197383,1.035229,1.338107
435968,1703,23.4627,0.5082,6487.6,-1.353637,0.108017,1.054964,0.746261
436224,1704,23.4627,0.5082,6487.6,-0.310534,0.087066,1.038841,0.260833
436480,1705,23.4627,0.5082,6487.6,-2.297628,0.164072,1.051309,1.048664
436736,1706,23.4627,0.5082,6487.6,-2.305759,0.131629,1.04597,0.96607
436992,1707,23.4627,0.5082,6487.6,-0.177364,0.070958,1.040815,0.122603
437248,1708,23.4627,0.5082,6487.6,2.383958,1.559951,1.039847,3.243054
437504,1709,23.4627,0.5082,6487.6,0.226521,0.128508,1.044076,0.230257
437760,1710,23.4627,0.5082,6487.6,0.258264,0.076078,1.057448,0.180076
438016,1711,23.4627,0.5082,6487.6,0.88143,0.300392,1.046405,0.994448
438272,1712,23.4627,0.5082,6487.6,0.08275,0.070137,1.048468,0.132957
438528,1713,23.4118,0.5066,6448.9,-2.593867,0.188017,1.043348,1.093274
438784,1714,23.4118,0.5066,6448.9,1.573034,0.30103,1.046508,1.263067
439040,1715,23.4118,0.5066,6448.9,1.137641,0.183835,1.048331,0.89868
439296,1716,23.4118,0.5066,6448.9,0.04255,0.060044,1.056179,0.117668
439552,1717,23.4118,0.5066,6448.9,1.582561,1.247641,1.048231,2.418037
439808,1718,23.4118,0.5066,6448.9,0.362603,0.100385,1.045486,0.307185
440064,1719,23.4118,0.5066,6448.9,0.465026,0.060488,1.040981,0.368784
440320,1720,23.4118,0.5066,6448.9,0.544,0.29822,1.050496,0.701461
440576,1721,23.4118,0.5066,6448.9,-1.968682,0.111195,1.04879,0.762882
440832,1722,23.4118,0.5066,6448.9,0.184669,0.093412,1.049734,0.154745
441088,1723,23.4118,0.5066,6448.9,-0.081378,0.132714,1.04983,0.124794
441344,1724,23.4118,0.5066,6448.9,0.442986,0.201879,1.056025,0.44389
441600,1725,23.4118,0.5066,6448.9,-2.612507,0.171628,1.045234,1.100762
441856,1726,23.4118,0.5066,6448.9,2.517579,1.432269,1.042114,3.003108
442112,1727,23.4118,0.5066,6448.9,0.916978,0.143874,1.048366,0.657603
442368,1728,23.5072,0.5079,6409.1,0.687286,0.204311,1.046378,0.75936
442624,1729,23.5072,0.5079,6409.1,0.794073,0.195451,1.047011,0.719154
442880,1730,23.5072,0.5079,6409.1,0.746801,0.148661,1.049278,0.620378
443136,1731,23.5072,0.5079,6409.1,-0.432094,0.074154,1.049197,0.310458
443392,1732,23.5072,0.5079,6409.1,0.671008,0.432398,1.051222,0.989405
443648,1733,23.5072,0.5079,6409.1,0.534952,0.080851,1.043638,0.327478
443904,1734,23.5072,0.5079,6409.1,-0.290403,0.099259,1.047701,0.212701
444160,1735,23.5072,0.5079,6409.1,-1.720929,0.270622,1.042744,1.316307
444416,1736,23.5072,0.5079,6409.1,-0.039604,0.137164,1.051108,0.069603
444672,1737,23.5072,0.5079,6409.1,1.286768,0.658314,1.031755,1.853708
444928,1738,23.5072,0.5079,6409.1,-1.581721,0.089202,1.056789,0.730207
445184,1739,23.5072,0.5079,6409.1,-0.603981,0.144099,1.044603,0.530522
445440,1740,23.5072,0.5079,6409.1,0.436375,0.105842,1.044303,0.346551
445696,1741,23.5286,0.5078,6366.4,0.992976,0.246385,1.053508,0.938158
445952,1742,23.5286,0.5078,6366.4,-0.211619,0.063536,1.041194,0.181617
446208,1743,23.5286,0.5078,6366.4,-1.722493,0.296723,1.046966,1.327584
446464,1744,23.5286,0.5078,6366.4,0.337654,0.186695,1.052311,0.372627
446720,1745,23.5286,0.5078,6366.4,-0.733919,0.088744,1.041341,0.555374
446976,1746,23.5286,0.5078,6366.4,-0.225722,0.132463,1.038302,0.316217
447232,1747,23.5286,0.5078,6366.4,-0.750453,0.081228,1.036274,0.539798
447488,1748,23.5286,0.5078,6366.4,1.175718,0.238671,1.035473,1.096876
447744,1749,23.5286,0.5078,6366.4,0.632186,0.134941,1.035906,0.58789
448000,1750,23.5286,0.5078,6366.4,1.453753,0.289217,1.04058,1.228486
448256,1751,23.5286,0.5078,6366.4,-0.008804,0.148221,1.032395,0.069713
448512,1752,23.5286,0.5078,6366.4,-0.778165,0.09401,1.043975,0.54065
448768,1753,23.5286,0.5078,6366.4,0.583301,0.098359,1.039301,0.444842
449024,1754,23.5286,0.5078,6366.4,-0.245046,0.03737,1.037933,0.135563
449280,1755,23.5286,0.5078,6366.4,-2.95622,0.243357,1.046784,1.352608
449536,1756,23.5286,0.5078,6366.4,0.018024,0.079834,1.009134,0.048816
449792,1757,23.5775,0.5083,6333.3,0.821259,0.205639,1.032712,0.838278
450048,1758,23.5775,0.5083,6333.3,0.514775,0.170148,1.025008,0.515388
450304,1759,23.5775,0.5083,6333.3,-0.337755,0.108729,1.032899,0.283224
450560,1760,23.5775,0.5083,6333.3,0.39791,0.153523,1.033599,0.380384
450816,1761,23.5775,0.5083,6333.3,0.275178,0.057644,1.043546,0.182924
451072,1762,23.5775,0.5083,6333.3,-0.139132,0.094763,1.027814,0.144495
451328,1763,23.5775,0.5083,6333.3,0.636226,0.095787,1.039136,0.458762
451584,1764,23.5775,0.5083,6333.3,-0.151157,0.086787,1.038204,0.117989
451840,1765,23.5775,0.5083,6333.3,-0.032114,0.109855,1.019476,0.183591
452096,1766,23.5775,0.5083,6333.3,0.832561,0.771098,1.026087,1.538496
452352,1767,23.5775,0.5083,6333.3,-0.609096,0.070483,1.029129,0.398548
452608,1768,23.5775,0.5083,6333.3,-0.523512,0.157223,1.031431,0.54495
452864,1769,23.5775,0.5083,6333.3,-0.445847,0.075317,1.043469,0.333675
453120,1770,23.5972,0.5082,6290.8,0.988608,0.123833,1.024739,0.722037
453376,1771,23.5972,0.5082,6290.8,-0.444131,0.140152,1.02728,0.446958
453632,1772,23.5972,0.5082,6290.8,1.096269,0.180383,1.030879,0.911915
453888,1773,23.5972,0.5082,6290.8,-1.438462,0.241547,1.022997,1.203542
454144,1774,23.5972,0.5082,6290.8,-1.652225,0.26924,1.030975,1.30799
454400,1775,23.5972,0.5082,6290.8,0.934667,0.266258,1.037648,1.039952
454656,1776,23.5972,0.5082,6290.8,2.003005,1.597753,1.031264,3.314774
454912,1777,23.5972,0.5082,6290.8,-0.432126,0.114866,1.029865,0.42033
455168,1778,23.5972,0.5082,6290.8,-0.279926,0.05363,1.022859,0.192988
455424,1779,23.5972,0.5082,6290.8,-0.082038,0.1394,1.038723,0.103788
455680,1780,23.5972,0.5082,6290.8,0.074725,0.078627,1.050864,0.09785
455936,1781,23.5972,0.5082,6290.8,1.010392,0.224714,1.03444,0.9482
456192,1782,23.5972,0.5082,6290.8,-1.295242,0.136676,1.056408,0.768106
456448,1783,23.5972,0.5082,6290.8,-2.305144,0.309761,1.034102,1.558108
456704,1784,23.5972,0.5082,6290.8,-0.553358,0.099524,1.045936,0.457041
456960,1785,23.6575,0.5089,6257.4,-0.048532,0.107382,1.040062,0.080165
457216,1786,23.6575,0.5089,6257.4,-2.012208,0.269426,1.039091,1.325565
457472,1787,23.6575,0.5089,6257.4,-0.789614,0.055541,1.048613,0.395729
457728,1788,23.6575,0.5089,6257.4,-0.262225,0.097414,1.035419,0.236168
457984,1789,23.6575,0.5089,6257.4,1.585225,0.280317,1.038622,1.379251
458240,1790,23.6575,0.5089,6257.4,0.591047,0.153415,1.027119,0.570235
458496,1791,23.6575,0.5089,6257.4,0.312246,0.074592,1.032107,0.267669
458752,1792,23.6575,0.5089,6257.4,-3.501024,0.125848,1.053539,1.018339
459008,1793,23.6575,0.5089,6257.4,1.343954,0.30348,1.031756,1.227833
459264,1794,23.6575,0.5089,6257.4,0.9882,0.292333,1.040437,1.091704
459520,1795,23.6575,0.5089,6257.4,-0.51367,0.081,1.043541,0.363957
459776,1796,23.6575,0.5089,6257.4,-0.345939,0.124205,1.024472,0.359896
460032,1797,23.6575,0.5089,6257.4,-1.197453,0.107884,1.046192,0.694953
460288,1798,23.6575,0.5089,6257.4,1.372728,0.610246,1.012152,1.902606
460544,1799,23.6575,0.5089,6257.4,0.132454,0.166016,1.029337,0.187662
460800,1800,23.7432,0.5101,6226.4,0.596968,0.119481,1.032192,0.521143
461056,1801,23.7432,0.5101,6226.4,0.773754,0.112291,1.009848,0.654553
461312,1802,23.7432,0.5101,6226.4,-0.026135,0.106756,1.018523,0.056925
461568,1803,23.7432,0.5101,6226.4,1.476674,0.396595,1.0131,1.539668
461824,1804,23.7432,0.5101,6226.4,0.884948,0.250332,1.013337,1.038393
462080,1805,23.7432,0.5101,6226.4,-0.194516,0.10686,1.021283,0.242668
462336,1806,23.7432,0.5101,6226.4,-2.518972,0.333791,0.991145,1.79121
462592,1807,23.7432,0.5101,6226.4,0.765247,0.197769,1.016891,0.76659
462848,1808,23.7432,0.5101,6226.4,-0.329318,0.069777,1.037997,0.244543
463104,1809,23.7432,0.5101,6226.4,0.701185,0.109144,1.027557,0.538107
463360,1810,23.7432,0.5101,6226.4,-0.784643,0.181523,1.012264,0.805318
463616,1811,23.7432,0.5101,6226.4,0.639973,0.091823,1.04474,0.44794
463872,1812,23.7432,0.5101,6226.4,0.450211,0.120918,1.015722,0.401723
464128,1813,23.8,0.5108,6187.5,0.393399,0.312285,1.010512,0.71616
464384,1814,23.8,0.5108,6187.5,-0.232168,0.10557,1.01978,0.232364
464640,1815,23.8,0.5108,6187.5,-1.145323,0.114156,1.032293,0.745151
464896,1816,23.8,0.5108,6187.5,-0.925714,0.160423,1.00986,0.875173
465152,1817,23.8,0.5108,6187.5,0.930532,0.270955,1.000526,1.104072
465408,1818,23.8,0.5108,6187.5,0.466605,0.166672,1.010853,0.548018
465664,1819,23.8,0.5108,6187.5,-1.310409,0.198706,1.033884,1.114051
465920,1820,23.8,0.5108,6187.5,-0.983122,0.071317,1.014856,0.591267
466176,1821,23.8,0.5108,6187.5,1.943929,0.729944,1.006416,2.473065
466432,1822,23.8,0.5108,6187.5,-0.507921,0.107376,1.025509,0.458396
466688,1823,23.8,0.5108,6187.5,-2.039528,0.273302,1.009776,1.464741
466944,1824,23.8,0.5108,6187.5,-2.11363,0.27012,1.003663,1.565319
467200,1825,23.8,0.5108,6187.5,-0.138524,0.166651,0.986415,0.207089
467456,1826,23.7895,0.5101,6150.0,-1.277081,0.416238,1.017135,1.492342
467712,1827,23.7895,0.5101,6150.0,-0.48448,0.1658,1.007707,0.573534
467968,1828,23.7895,0.5101,6150.0,-0.430705,0.112127,0.990977,0.415223
468224,1829,23.7895,0.5101,6150.0,-0.153733,0.123742,0.998542,0.214446
468480,1830,23.7895,0.5101,6150.0,-0.643903,0.060269,1.028512,0.338393
468736,1831,23.7895,0.5101,6150.0,1.699205,0.482564,1.005473,1.740268
468992,1832,23.7895,0.5101,6150.0,0.725076,0.190991,1.015562,0.743034
469248,1833,23.7895,0.5101,6150.0,0.89824,0.161328,0.994847,0.781963
469504,1834,23.7895,0.5101,6150.0,-0.002682,0.082021,1.012019,0.061475
469760,1835,23.7895,0.5101,6150.0,-0.043585,0.073116,1.020206,0.049973
470016,1836,23.7895,0.5101,6150.0,0.711002,0.119622,1.020392,0.535375
470272,1837,23.7895,0.5101,6150.0,-0.20831,0.026197,1.040648,0.094349
470528,1838,23.7895,0.5101,6150.0,0.009896,0.115883,1.046102,0.06306
470784,1839,23.7895,0.5101,6150.0,-0.044443,0.049478,1.041233,0.075013
471040,1840,23.8182,0.5102,6114.8,0.007642,0.241472,1.003996,0.033699
471296,1841,23.8182,0.5102,6114.8,0.834627,0.165989,1.023867,0.770428
471552,1842,23.8182,0.5102,6114.8,0.715443,0.137445,1.013389,0.622926
471808,1843,23.8182,0.5102,6114.8,-0.197377,0.211902,1.026902,0.237501
472064,1844,23.8182,0.5102,6114.8,-2.223176,0.217633,1.00852,1.243067
472320,1845,23.8182,0.5102,6114.8,1.804278,0.542205,1.017884,1.825311
472576,1846,23.8182,0.5102,6114.8,-1.145831,0.125189,1.030591,0.703411
472832,1847,23.8182,0.5102,6114.8,0.410992,0.187247,1.028863,0.448283
473088,1848,23.8182,0.5102,6114.8,-0.284578,0.256542,1.004297,0.483652
473344,1849,23.8182,0.5102,6114.8,-0.05141,0.27003,1.0087,0.126438
473600,1850,23.8182,0.5102,6114.8,-0.018337,0.16621,1.038103,0.083406
473856,1851,23.8182,0.5102,6114.8,1.27466,0.40605,1.000586,1.599374
474112,1852,23.8333,0.5101,6075.3,-0.230511,0.171553,1.01868,0.262718
474368,1853,23.8333,0.5101,6075.3,0.072479,0.181078,1.014974,0.100325
474624,1854,23.8333,0.5101,6075.3,0.730665,0.262002,1.009634,0.956418
474880,1855,23.8333,0.5101,6075.3,0.855064,0.324537,1.004276,1.097928
475136,1856,23.8333,0.5101,6075.3,1.181912,0.59939,1.01415,1.810233
475392,1857,23.8333,0.5101,6075.3,-0.63442,0.149411,1.013916,0.589618
475648,1858,23.8333,0.5101,6075.3,-1.538396,0.190444,1.042609,0.981154
475904,1859,23.8333,0.5101,6075.3,-0.069023,0.169455,0.998012,0.104954
476160,1860,23.8333,0.5101,6075.3,-0.197313,0.131652,1.031661,0.179503
476416,1861,23.8333,0.5101,6075.3,0.775742,0.217638,1.010267,0.877958
476672,1862,23.8333,0.5101,6075.3,-1.677478,0.337112,1.001449,1.560057
476928,1863,23.8101,0.5092,6035.8,-0.9561,0.162101,0.998283,0.903915
477184,1864,23.8101,0.5092,6035.8,0.941452,0.176239,1.013181,0.895443
477440,1865,23.8101,0.5092,6035.8,-0.014925,0.108666,1.038772,0.086225
477696,1866,23.8101,0.5092,6035.8,-0.744569,0.148541,1.030896,0.688042
477952,1867,23.8101,0.5092,6035.8,-1.680232,0.31121,0.984268,1.5657
478208,1868,23.8101,0.5092,6035.8,-0.770237,0.223952,1.012642,0.880528
478464,1869,23.8101,0.5092,6035.8,0.852821,0.279501,1.00702,0.979388
478720,1870,23.8101,0.5092,6035.8,-0.616686,0.136952,1.019369,0.629834
478976,1871,23.8101,0.5092,6035.8,-0.256288,0.205594,1.003548,0.378357
479232,1872,23.8101,0.5092,6035.8,-0.272702,0.095034,1.010415,0.238245
479488,1873,23.8101,0.5092,6035.8,1.051834,0.147459,1.009221,0.765403
479744,1874,23.8101,0.5092,6035.8,-0.567471,0.080903,1.027054,0.378544
480000,1875,23.8101,0.5092,6035.8,1.492073,0.264558,1.015118,1.204964
480256,1876,23.8101,0.5092,6035.8,-0.632116,0.082642,1.000085,0.469635
480512,1877,23.8375,0.5094,6003.7,1.299281,1.039217,1.00055,2.484539
480768,1878,23.8375,0.5094,6003.7,0.56815,0.091103,1.029371,0.384876
481024,1879,23.8375,0.5094,6003.7,0.762691,0.350878,0.990816,1.163158
481280,1880,23.8375,0.5094,6003.7,0.706456,0.175851,1.018338,0.676648
481536,1881,23.8375,0.5094,6003.7,0.371147,0.188221,1.015828,0.459153
481792,1882,23.8375,0.5094,6003.7,0.455117,0.121663,1.033902,0.413489
482048,1883,23.8375,0.5094,6003.7,-2.486966,0.257871,1.020668,1.530274
482304,1884,23.8375,0.5094,6003.7,-3.077145,0.159964,1.036595,1.063303
482560,1885,23.8375,0.5094,6003.7,0.75249,0.210196,1.024743,0.764225
482816,1886,23.8375,0.5094,6003.7,-2.150004,0.306729,1.008556,1.559348
483072,1887,23.8375,0.5094,6003.7,-0.367391,0.085005,1.005474,0.338296
483328,1888,23.8375,0.5094,6003.7,-0.927075,0.248959,1.009215,0.996803
483584,1889,23.8272,0.5087,5969.9,-0.635864,0.189068,1.019841,0.639888
483840,1890,23.8272,0.5087,5969.9,0.427114,0.249745,0.996779,0.564886
484096,1891,23.8272,0.5087,5969.9,-0.520352,0.046256,1.01386,0.28045
484352,1892,23.8272,0.5087,5969.9,-0.796796,0.112403,1.02088,0.563403
484608,1893,23.8272,0.5087,5969.9,0.471679,0.213443,1.02949,0.527589
484864,1894,23.8272,0.5087,5969.9,0.610004,0.166194,1.011303,0.607049
485120,1895,23.8272,0.5087,5969.9,0.380706,0.117431,1.010072,0.346788
485376,1896,23.8272,0.5087,5969.9,-0.193773,0.10834,0.997187,0.193679
485632,1897,23.8272,0.5087,5969.9,-0.191953,0.160058,1.009959,0.272985
485888,1898,23.8272,0.5087,5969.9,0.295966,0.201972,0.993238,0.406675
486144,1899,23.8272,0.5087,5969.9,0.874908,0.37026,1.00129,1.200331
486400,1900,23.8272,0.5087,5969.9,-0.267436,0.067105,1.019037,0.201863
486656,1901,23.8171,0.5081,5933.6,-0.001969,0.352648,1.006464,0.084508
486912,1902,23.8171,0.5081,5933.6,0.5768,0.254067,1.024214,0.696662
487168,1903,23.8171,0.5081,5933.6,0.549943,0.242725,1.016671,0.687588
487424,1904,23.8171,0.5081,5933.6,-0.643317,0.094709,0.981133,0.655448
487680,1905,23.8171,0.5081,5933.6,-2.162996,0.22757,1.023059,1.250662
487936,1906,23.8171,0.5081,5933.6,0.959471,0.538473,0.989384,1.602911
488192,1907,23.8171,0.5081,5933.6,-1.408023,0.187125,1.020051,1.009772
488448,1908,23.8171,0.5081,5933.6,2.409679,0.463834,1.021403,1.817866
488704,1909,23.8171,0.5081,5933.6,-0.53401,0.100393,1.010924,0.449391
488960,1910,23.8171,0.5081,5933.6,0.622318,0.117103,1.001114,0.529589
489216,1911,23.8171,0.5081,5933.6,1.012707,0.374164,1.012873,1.218588
489472,1912,23.8171,0.5081,5933.6,0.673034,0.233044,1.015267,0.77643
489728,1913,23.8171,0.5081,5933.6,0.365443,0.186902,1.014255,0.467425
489984,1914,23.8171,0.5081,5933.6,-2.359963,0.245329,1.008759,1.470558
490240,1915,23.8795,0.509,5904.9,-0.401412,0.123457,0.997055,0.447863
490496,1916,23.8795,0.509,5904.9,0.77373,0.165231,0.99536,0.739538
490752,1917,23.8795,0.509,5904.9,1.004588,0.356393,0.996822,1.222304
491008,1918,23.8795,0.509,5904.9,0.534552,0.07581,1.024578,0.379902
491264,1919,23.8795,0.509,5904.9,0.125317,0.077986,0.991324,0.099422
491520,1920,23.8795,0.509,5904.9,0.273334,0.186835,0.988741,0.345364
491776,1921,23.8795,0.509,5904.9,0.220398,0.08294,1.005605,0.211097
492032,1922,23.8795,0.509,5904.9,-1.48876,0.193379,1.025075,1.081335
492288,1923,23.8795,0.509,5904.9,0.211572,0.079401,0.991543,0.197325
492544,1924,23.8795,0.509,5904.9,-1.206567,0.224347,1.007603,1.264927
492800,1925,23.8795,0.509,5904.9,-0.769034,0.10294,0.993266,0.610035
493056,1926,23.8795,0.509,5904.9,0.799057,0.504592,1.022313,1.297221
493312,1927,23.9286,0.5096,5872.8,0.863858,0.19715,0.996344,0.948317
493568,1928,23.9286,0.5096,5872.8,-0.189693,0.117035,1.011984,0.22947
493824,1929,23.9286,0.5096,5872.8,-0.756137,0.109839,1.00036,0.689338
494080,1930,23.9286,0.5096,5872.8,0.162664,0.045744,0.992965,0.131564
494336,1931,23.9286,0.5096,5872.8,-2.169703,0.368568,1.010744,1.753419
494592,1932,23.9286,0.5096,5872.8,-0.745481,0.150537,0.994705,0.783295
494848,1933,23.9286,0.5096,5872.8,-0.748635,0.169617,1.01375,0.736658
495104,1934,23.9286,0.5096,5872.8,1.802778,0.500191,0.975151,2.208989
495360,1935,23.9286,0.5096,5872.8,-0.050048,0.134541,1.017931,0.094413
495616,1936,23.9286,0.5096,5872.8,-1.448139,0.170887,1.010937,1.159802
495872,1937,23.9286,0.5096,5872.8,0.439719,0.074669,0.98965,0.34282
496128,1938,23.9286,0.5096,5872.8,0.266034,0.163795,0.987974,0.344669
496384,1939,23.9286,0.5096,5872.8,1.315932,0.258568,1.00868,1.411714
496640,1940,23.9529,0.5097,5842.3,-0.000455,0.183716,0.988845,0.133419
496896,1941,23.9529,0.5097,5842.3,0.733558,0.199535,0.996477,0.815598
497152,1942,23.9529,0.5097,5842.3,-0.725943,0.125476,0.990524,0.763858
497408,1943,23.9529,0.5097,5842.3,-0.776768,0.111954,1.018636,0.638929
497664,1944,23.9529,0.5097,5842.3,1.004686,0.218814,1.006228,1.05857
497920,1945,23.9529,0.5097,5842.3,0.381256,0.0621,1.016236,0.240139
498176,1946,23.9529,0.5097,5842.3,-0.778468,0.11403,1.017183,0.636373
498432,1947,23.9529,0.5097,5842.3,-0.613696,0.092785,0.984262,0.532756
498688,1948,23.9529,0.5097,5842.3,0.847998,0.231108,0.992008,0.991709
498944,1949,23.9529,0.5097,5842.3,-0.27936,0.0882,0.98929,0.260356
499200,1950,23.9529,0.5097,5842.3,1.367333,0.316915,1.006582,1.503266
499456,1951,23.9186,0.5087,5807.0,-1.148594,0.581211,0.993216,1.815637
499712,1952,23.9186,0.5087,5807.0,1.359231,0.949587,0.991722,2.693892
499968,1953,23.9186,0.5087,5807.0,-1.637017,0.299083,0.999756,1.49044
500224,1954,23.9186,0.5087,5807.0,-0.235674,0.113047,1.020743,0.224462
500480,1955,23.9186,0.5087,5807.0,-2.261443,0.339598,0.996605,1.725134
500736,1956,23.9186,0.5087,5807.0,0.356585,0.143244,0.995913,0.417647
500992,1957,23.9186,0.5087,5807.0,-2.87444,0.344933,1.013511,1.680057
501248,1958,23.9186,0.5087,5807.0,-0.476431,0.092525,1.017961,0.377406
501504,1959,23.9186,0.5087,5807.0,-0.479821,0.102636,1.003533,0.44448
501760,1960,23.9186,0.5087,5807.0,-0.464068,0.097337,0.993853,0.41421
502016,1961,23.9186,0.5087,5807.0,0.855605,0.254833,0.998338,1.108678
502272,1962,23.9186,0.5087,5807.0,0.47632,0.37789,1.003024,0.800992
502528,1963,23.9186,0.5087,5807.0,-0.307967,0.16172,0.995454,0.382608
502784,1964,23.908,0.5081,5776.5,0.26868,0.213068,0.995489,0.364192
503040,1965,23.908,0.5081,5776.5,0.183414,0.275837,0.993761,0.298652
503296,1966,23.908,0.5081,5776.5,0.774232,0.11724,1.004366,0.665995
503552,1967,23.908,0.5081,5776.5,0.513251,0.103658,0.986292,0.531644
503808,1968,23.908,0.5081,5776.5,0.484174,0.151503,0.982329,0.562525
504064,1969,23.908,0.5081,5776.5,-1.890142,0.265526,1.007912,1.362117
504320,1970,23.908,0.5081,5776.5,-0.425434,0.220427,1.003239,0.541603
504576,1971,23.908,0.5081,5776.5,-0.077532,0.199175,0.994846,0.161854
504832,1972,23.908,0.5081,5776.5,-2.29744,0.172496,1.023733,1.099567
505088,1973,23.908,0.5081,5776.5,-0.155768,0.115512,1.002149,0.181421
505344,1974,23.908,0.5081,5776.5,0.817419,0.163243,0.976211,0.834023
505600,1975,23.908,0.5081,5776.5,-1.909126,0.294026,0.966804,1.618264
505856,1976,23.8864,0.5074,5747.4,-0.168718,0.804378,0.96085,0.480571
506112,1977,23.8864,0.5074,5747.4,-1.845923,0.137094,1.033946,0.901147
506368,1978,23.8864,0.5074,5747.4,-0.899731,0.18697,1.008101,0.88573
506624,1979,23.8864,0.5074,5747.4,1.475395,0.280516,0.994386,1.336439
506880,1980,23.8864,0.5074,5747.4,-0.786176,0.130504,0.98826,0.756404
507136,1981,23.8864,0.5074,5747.4,-0.089075,0.169546,0.990527,0.170376
507392,1982,23.8864,0.5074,5747.4,0.395365,0.153154,1.018762,0.388637
507648,1983,23.8864,0.5074,5747.4,-0.630186,0.126879,0.98833,0.669482
507904,1984,23.8864,0.5074,5747.4,0.811828,0.272473,0.99444,0.980939
508160,1985,23.8864,0.5074,5747.4,0.126386,0.179715,0.99341,0.173902
508416,1986,23.8864,0.5074,5747.4,-0.089589,0.188193,1.020823,0.133003
508672,1987,23.8864,0.5074,5747.4,-0.515601,0.09968,1.021027,0.396974
508928,1988,23.8864,0.5074,5747.4,0.321775,0.181346,1.008452,0.383965
509184,1989,23.8989,0.5073,5721.1,-4.513701,0.343735,1.010457,1.948126
509440,1990,23.8989,0.5073,5721.1,2.157595,0.521249,1.001273,1.883996
509696,1991,23.8989,0.5073,5721.1,1.517977,0.440981,0.992187,1.66378
509952,1992,23.8989,0.5073,5721.1,0.742933,0.132715,1.014603,0.58757
510208,1993,23.8989,0.5073,5721.1,-0.197369,0.209967,0.989239,0.260232
510464,1994,23.8989,0.5073,5721.1,1.097188,0.454334,1.003237,1.525894
510720,1995,23.8989,0.5073,5721.1,0.057721,0.146668,1.012689,0.110607
510976,1996,23.8989,0.5073,5721.1,-0.459307,0.051275,0.994179,0.278444
511232,1997,23.8989,0.5073,5721.1,0.423781,0.354474,1.009295,0.642945
511488,1998,23.8989,0.5073,5721.1,-1.209219,0.107601,1.013354,0.686526
511744,1999,23.8989,0.5073,5721.1,-1.031914,0.205301,0.975527,1.028041
512000,2000,23.8989,0.5073,5721.1,-0.051935,0.172941,0.987753,0.095646
512256,2001,23.8989,0.5073,5721.1,-0.646727,0.074118,1.006647,0.482031
512512,2002,23.9556,0.5081,5693.6,1.114422,0.404391,1.012026,1.46197
512768,2003,23.9556,0.5081,5693.6,-0.286391,0.22369,1.006964,0.409343
513024,2004,23.9556,0.5081,5693.6,-0.765524,0.062761,0.992594,0.475649
513280,2005,23.9556,0.5081,5693.6,-0.447653,0.105037,1.019222,0.387872
513536,2006,23.9556,0.5081,5693.6,-0.413213,0.123823,1.014319,0.437855
513792,2007,23.9556,0.5081,5693.6,0.14558,0.123316,1.019269,0.12787
514048,2008,23.9556,0.5081,5693.6,-2.310154,0.212617,1.036922,1.114255
514304,2009,23.9556,0.5081,5693.6,-0.390424,0.047272,1.024931,0.246311
514560,2010,23.9556,0.5081,5693.6,0.162555,0.12005,1.030873,0.197268
514816,2011,23.9556,0.5081,5693.6,-0.271582,0.096165,1.016222,0.276678
515072,2012,23.9556,0.5081,5693.6,-0.023188,0.091645,1.021606,0.059342
515328,2013,23.9556,0.5081,5693.6,0.46641,0.137658,1.000398,0.404739
515584,2014,23.9556,0.5081,5693.6,-0.587166,0.139315,1.018026,0.546906
515840,2015,23.9011,0.5067,5667.0,1.318914,0.260703,1.006889,1.148582
516096,2016,23.9011,0.5067,5667.0,0.766839,0.607044,0.989644,1.466553
516352,2017,23.9011,0.5067,5667.0,-3.014074,0.106598,1.011116,0.909403
516608,2018,23.9011,0.5067,5667.0,0.864208,0.245561,1.024836,0.804122
516864,2019,23.9011,0.5067,5667.0,0.238714,0.270398,1.016123,0.335473
517120,2020,23.9011,0.5067,5667.0,0.684576,0.102891,1.010668,0.543516
517376,2021,23.9011,0.5067,5667.0,0.735506,0.126837,1.023216,0.531036
517632,2022,23.9011,0.5067,5667.0,1.854304,0.972384,1.012795,2.297042
517888,2023,23.9011,0.5067,5667.0,0.446791,0.268734,1.028015,0.561336
518144,2024,23.9011,0.5067,5667.0,0.484815,0.634921,1.0018,0.997763
518400,2025,23.9011,0.5067,5667.0,1.909934,1.166674,1.017069,2.639567
518656,2026,23.9674,0.5077,5636.6,0.144436,0.139634,1.001298,0.153079
518912,2027,23.9674,0.5077,5636.6,0.856615,0.250548,1.009982,0.922742
519168,2028,23.9674,0.5077,5636.6,-1.650809,0.188096,1.012428,1.110099
519424,2029,23.9674,0.5077,5636.6,-0.976263,0.07744,1.02065,0.571705
519680,2030,23.9674,0.5077,5636.6,0.776541,0.347898,1.026567,0.92026
519936,2031,23.9674,0.5077,5636.6,0.32628,0.362111,1.003685,0.584815
520192,2032,23.9674,0.5077,5636.6,-0.995706,0.150079,1.012285,0.781376
520448,2033,23.9674,0.5077,5636.6,-2.354828,0.332,1.00174,1.646076
520704,2034,23.9674,0.5077,5636.6,-0.025941,0.048638,1.025172,0.052099
520960,2035,23.9674,0.5077,5636.6,-0.292417,0.075593,0.995383,0.251669
521216,2036,23.9674,0.5077,5636.6,2.62597,0.750467,1.009952,2.274569
521472,2037,23.9674,0.5077,5636.6,1.219243,0.353015,1.018842,1.328654
521728,2038,23.9674,0.5077,5636.6,-0.543347,0.07511,1.012077,0.394864
521984,2039,23.9674,0.5077,5636.6,-0.441549,0.049091,1.013498,0.300298
522240,2040,23.9674,0.5077,5636.6,0.860884,0.429017,1.025784,1.172414
522496,2041,24.0323,0.5087,5615.9,0.548263,0.31931,1.009624,0.756237
522752,2042,24.0323,0.5087,5615.9,-2.131954,0.179479,1.02392,1.162513
523008,2043,24.0323,0.5087,5615.9,-1.005383,0.09081,1.016576,0.634813
523264,2044,24.0323,0.5087,5615.9,-0.72288,0.132007,1.012291,0.680206
523520,2045,24.0323,0.5087,5615.9,0.368356,0.146547,1.019387,0.372956
523776,2046,24.0323,0.5087,5615.9,-0.874637,0.15789,1.032137,0.722201
524032,2047,24.0323,0.5087,5615.9,1.556731,0.471597,1.018094,1.644001
524288,2048,24.0323,0.5087,5615.9,0.866237,0.179835,1.022776,0.770255
524544,2049,24.0323,0.5087,5615.9,-0.965849,0.143816,1.009372,0.7634
524800,2050,24.0323,0.5087,5615.9,0.686126,0.239451,1.022879,0.779991
525056,2051,24.0323,0.5087,5615.9,-0.353994,0.134543,1.000377,0.421069
525312,2052,24.0323,0.5087,5615.9,0.578535,0.193698,1.030146,0.589743
525568,2053,24.0323,0.5087,5615.9,0.745455,0.321877,1.002558,1.021205
525824,2054,24.0532,0.5088,5591.3,0.360298,0.058045,1.017183,0.239047
526080,2055,24.0532,0.5088,5591.3,-2.285366,0.258944,1.012806,1.354054
526336,2056,24.0532,0.5088,5591.3,1.327146,0.397038,1.005396,1.459629
526592,2057,24.0532,0.5088,5591.3,0.49657,0.27098,1.002768,0.718464
526848,2058,24.0532,0.5088,5591.3,1.51366,0.218951,0.996951,1.162474
527104,2059,24.0532,0.5088,5591.3,0.393549,0.42988,1.003538,0.726725
527360,2060,24.0532,0.5088,5591.3,0.600363,0.14793,1.006018,0.567678
527616,2061,24.0532,0.5088,5591.3,-0.413374,0.140993,1.011645,0.399952
527872,2062,24.0532,0.5088,5591.3,-0.401312,0.154012,0.999078,0.464537
528128,2063,24.0532,0.5088,5591.3,0.744552,0.526414,1.009954,1.344619
528384,2064,24.1158,0.5098,5560.8,-0.192076,0.09808,1.000793,0.2087
528640,2065,24.1158,0.5098,5560.8,-0.651355,0.195501,1.003421,0.802283
528896,2066,24.1158,0.5098,5560.8,0.49475,0.160565,0.987292,0.578734
529152,2067,24.1158,0.5098,5560.8,-1.733649,0.43434,1.019009,1.717313
529408,2068,24.1158,0.5098,5560.8,-2.214816,0.3715,1.011284,1.685453
529664,2069,24.1158,0.5098,5560.8,-0.171984,0.098876,0.993028,0.251644
529920,2070,24.1158,0.5098,5560.8,-2.116364,0.507256,0.989823,2.15222
530176,2071,24.1158,0.5098,5560.8,1.338139,0.302706,0.991083,1.364292
530432,2072,24.1158,0.5098,5560.8,-1.344488,0.128748,1.003741,0.922913
530688,2073,24.1158,0.5098,5560.8,-0.464488,0.126039,1.000634,0.495085
530944,2074,24.1158,0.5098,5560.8,0.07705,0.31265,0.992911,0.28079
531200,2075,24.1158,0.5098,5560.8,0.353264,0.076489,1.017299,0.281931
531456,2076,24.1158,0.5098,5560.8,-0.201842,0.111011,1.00404,0.228311
531712,2077,24.1458,0.5101,5538.5,-0.786028,0.042756,1.014347,0.386188
531968,2078,24.1458,0.5101,5538.5,-1.396564,0.075638,1.023548,0.663784
532224,2079,24.1458,0.5101,5538.5,-0.423323,0.220211,1.017136,0.51395
532480,2080,24.1458,0.5101,5538.5,1.681859,0.859721,0.986348,2.526773
532736,2081,24.1458,0.5101,5538.5,-3.034239,0.279671,1.015216,1.578364
532992,2082,24.1458,0.5101,5538.5,-1.202809,0.113985,1.030627,0.732123
533248,2083,24.1458,0.5101,5538.5,-0.01901,0.185325,1.021276,0.050562
533504,2084,24.1458,0.5101,5538.5,0.4786,0.14489,1.008279,0.526863
533760,2085,24.1458,0.5101,5538.5,-0.661574,0.085025,1.024358,0.479738
534016,2086,24.1458,0.5101,5538.5,-2.380268,0.1993,1.0374,1.131572
534272,2087,24.1458,0.5101,5538.5,1.029019,0.157121,1.019261,0.802034
534528,2088,24.1458,0.5101,5538.5,0.639789,0.141194,0.99772,0.662769
534784,2089,24.1458,0.5101,5538.5,-2.178457,0.330062,1.020517,1.459919
535040,2090,24.1458,0.5101,5538.5,0.215986,0.177839,1.013512,0.251769
535296,2091,24.1458,0.5101,5538.5,0.865764,0.883845,1.002679,1.895718
535552,2092,24.1856,0.5106,5519.4,0.095988,0.492953,0.993662,0.21424
535808,2093,24.1856,0.5106,5519.4,-0.222502,0.1499,1.002263,0.300443
536064,2094,24.1856,0.5106,5519.4,-2.619462,0.357923,0.999239,1.639303
536320,2095,24.1856,0.5106,5519.4,0.70909,0.086341,1.029996,0.437864
536576,2096,24.1856,0.5106,5519.4,1.60873,0.500457,0.992485,1.819216
536832,2097,24.1856,0.5106,5519.4,0.586057,0.219631,1.003612,0.677794
537088,2098,24.1856,0.5106,5519.4,0.412643,0.392218,1.004783,0.671891
537344,2099,24.1856,0.5106,5519.4,0.963089,0.282448,0.991891,1.068527
537600,2100,24.1856,0.5106,5519.4,0.829041,0.509214,0.986716,1.429897
537856,2101,24.1856,0.5106,5519.4,-0.912438,0.093947,0.986693,0.651221
538112,2102,24.1856,0.5106,5519.4,1.325188,0.288516,1.006443,1.245199
538368,2103,24.1856,0.5106,5519.4,-1.963749,0.234158,1.017437,1.231371
538624,2104,24.2245,0.5111,5494.9,0.006869,0.134565,1.008053,0.065876
538880,2105,24.2245,0.5111,5494.9,0.504858,0.177597,1.001155,0.633502
539136,2106,24.2245,0.5111,5494.9,0.145123,0.197333,0.986797,0.202393
539392,2107,24.2245,0.5111,5494.9,0.289781,0.209162,1.014727,0.359573
539648,2108,24.2245,0.5111,5494.9,0.500256,0.188159,0.984685,0.589637
539904,2109,24.2245,0.5111,5494.9,1.875177,0.551602,1.00638,1.858267
540160,2110,24.2245,0.5111,5494.9,-0.582051,0.074558,0.997737,0.474117
540416,2111,24.2245,0.5111,5494.9,0.174037,0.07954,1.008417,0.151492
540672,2112,24.2245,0.5111,5494.9,-0.299413,0.082766,0.99401,0.278524
540928,2113,24.2245,0.5111,5494.9,1.15746,0.948027,0.987353,2.327486
541184,2114,24.2245,0.5111,5494.9,-1.240871,0.222075,0.973845,1.316755
541440,2115,24.2525,0.5114,5468.9,-1.69848,0.628353,0.981373,2.241782
541696,2116,24.2525,0.5114,5468.9,-0.824975,0.225016,0.986695,0.967468
541952,2117,24.2525,0.5114,5468.9,0.229135,0.045956,1.00036,0.146039
542208,2118,24.2525,0.5114,5468.9,0.425203,0.154781,0.973962,0.511686
542464,2119,24.2525,0.5114,5468.9,-0.012093,0.07238,0.973974,0.063408
542720,2120,24.2525,0.5114,5468.9,1.717884,0.296215,0.976301,1.476616
542976,2121,24.2525,0.5114,5468.9,0.600246,0.189007,1.005105,0.660086
543232,2122,24.2525,0.5114,5468.9,0.789721,0.28466,0.968597,1.131092
543488,2123,24.2525,0.5114,5468.9,0.75737,0.131438,0.991596,0.70071
543744,2124,24.2525,0.5114,5468.9,-1.342099,0.327829,0.967417,1.678207
544000,2125,24.2525,0.5114,5468.9,0.631122,0.245492,1.010093,0.874253
544256,2126,24.2525,0.5114,5468.9,-0.162798,0.240264,0.993538,0.333189
544512,2127,24.32,0.5125,5444.2,0.255802,0.115277,0.990752,0.240688
544768,2128,24.32,0.5125,5444.2,-2.382586,0.538575,0.987402,2.407054
545024,2129,24.32,0.5125,5444.2,-2.729976,0.547687,0.991352,2.31961
545280,2130,24.32,0.5125,5444.2,-0.191437,0.075249,1.012619,0.201053
545536,2131,24.32,0.5125,5444.2,0.618742,0.19413,1.000921,0.788183
545792,2132,24.32,0.5125,5444.2,-1.022907,0.217251,0.994236,1.117598
546048,2133,24.32,0.5125,5444.2,-0.8021,0.111376,0.955401,0.864423
546304,2134,24.32,0.5125,5444.2,0.520236,0.157097,0.968337,0.619212
546560,2135,24.32,0.5125,5444.2,-0.404481,0.110339,0.995607,0.439244
546816,2136,24.32,0.5125,5444.2,-1.875759,0.233563,1.00702,1.36106
547072,2137,24.32,0.5125,5444.2,0.078121,0.172273,0.984431,0.120638
547328,2138,24.32,0.5125,5444.2,1.050119,0.36749,0.998414,1.454039
547584,2139,24.32,0.5125,5444.2,-1.59483,0.36404,0.996482,1.66685
547840,2140,24.43,0.5111,5376.5,-0.360122,0.085922,0.980964,0.333395
548096,2141,24.43,0.5111,5376.5,-0.054331,0.075313,0.990178,0.077767
548352,2142,24.43,0.5111,5376.5,-1.464204,0.243597,0.965998,1.403792
548608,2143,24.43,0.5111,5376.5,-2.509001,0.435931,1.005951,2.001875
548864,2144,24.43,0.5111,5376.5,-0.666838,0.27688,0.97607,0.963813
549120,2145,24.43,0.5111,5376.5,1.237725,0.413759,0.975641,1.71863
549376,2146,24.43,0.5111,5376.5,-2.230052,0.335437,1.006493,1.62584
549632,2147,24.43,0.5111,5376.5,-1.699335,0.175512,1.016245,1.081347
549888,2148,24.43,0.5111,5376.5,0.608254,0.143404,0.984114,0.66845
550144,2149,24.43,0.5111,5376.5,0.363147,0.295382,0.970228,0.699804
550400,2150,24.43,0.5111,5376.5,-2.339548,0.281808,1.004282,1.49129
550656,2151,24.48,0.51,5306.0,-1.085183,0.641122,0.979337,1.861403
550912,2152,24.48,0.51,5306.0,0.479719,0.069635,0.98291,0.410597
551168,2153,24.48,0.51,5306.0,0.087876,0.109239,0.988737,0.126615
551424,2154,24.48,0.51,5306.0,-1.069165,0.117575,0.994872,0.766024
551680,2155,24.48,0.51,5306.0,2.03289,0.600054,0.967011,2.396724
551936,2156,24.48,0.51,5306.0,0.595011,0.126019,0.980255,0.586129
552192,2157,24.48,0.51,5306.0,2.4424,0.3664,0.981476,1.738498
552448,2158,24.48,0.51,5306.0,0.047729,0.07272,0.978889,0.083311
552704,2159,24.48,0.51,5306.0,0.308778,0.286677,0.962561,0.514621
552960,2160,24.48,0.51,5306.0,-0.949087,0.120729,0.970252,0.77935
553216,2161,24.48,0.51,5306.0,-1.136673,0.245817,1.005099,1.049658
553472,2162,24.48,0.51,5306.0,-2.056044,0.19781,1.018234,1.255114
553728,2163,24.48,0.51,5306.0,0.050006,0.09513,0.958124,0.165664
553984,2164,24.54,0.5099,5237.7,-0.447995,0.224012,0.960545,0.647714
554240,2165,24.54,0.5099,5237.7,0.753618,0.371514,0.984308,1.210758
554496,2166,24.54,0.5099,5237.7,-0.821251,0.061126,0.988519,0.449175
554752,2167,24.54,0.5099,5237.7,0.307209,0.332956,0.959658,0.615896
555008,2168,24.54,0.5099,5237.7,0.39852,0.084877,0.972816,0.326745
555264,2169,24.54,0.5099,5237.7,0.165398,0.366311,0.966671,0.368228
555520,2170,24.54,0.5099,5237.7,1.07887,0.796413,0.950891,2.19576
555776,2171,24.54,0.5099,5237.7,-2.00133,0.368656,0.986528,1.74634
556032,2172,24.54,0.5099,5237.7,0.421946,0.102332,0.944809,0.519166
556288,2173,24.54,0.5099,5237.7,-0.089152,0.128025,0.943946,0.211431
556544,2174,24.7,0.5113,5163.3,-0.368679,0.152918,0.96466,0.47499
556800,2175,24.7,0.5113,5163.3,0.238858,0.111721,0.945994,0.262009
557056,2176,24.7,0.5113,5163.3,0.355199,0.150954,0.96922,0.4234
557312,2177,24.7,0.5113,5163.3,0.122743,0.19042,0.954047,0.170113
557568,2178,24.7,0.5113,5163.3,-0.882274,0.191038,0.924748,1.212223
557824,2179,24.7,0.5113,5163.3,-1.763194,0.310166,1.000305,1.5269
558080,2180,24.7,0.5113,5163.3,-1.113966,0.241389,0.97787,1.216205
558336,2181,24.7,0.5113,5163.3,-0.391432,0.145854,0.969424,0.452096
558592,2182,24.7,0.5113,5163.3,-0.425738,0.131454,0.970081,0.470853
558848,2183,24.7,0.5113,5163.3,-2.135097,0.25766,0.979765,1.420155
559104,2184,24.7,0.5113,5163.3,-0.923237,0.08229,0.980928,0.658217
559360,2185,24.7,0.5113,5163.3,-0.666878,0.054011,0.967211,0.43127
559616,2186,24.76,0.5105,5095.6,0.158834,0.123503,0.983301,0.191655
559872,2187,24.76,0.5105,5095.6,0.254876,0.11176,0.98181,0.238346
560128,2188,24.76,0.5105,5095.6,0.899352,0.257994,0.965488,1.102296
560384,2189,24.76,0.5105,5095.6,-0.135238,0.131923,0.983844,0.144646
560640,2190,24.76,0.5105,5095.6,-0.730284,0.089921,0.967161,0.538424
560896,2191,24.76,0.5105,5095.6,0.271691,0.130497,0.992472,0.28241
561152,2192,24.76,0.5105,5095.6,1.013454,0.222198,0.965465,1.020564
561408,2193,24.76,0.5105,5095.6,-1.967958,0.233902,0.980706,1.224821
561664,2194,24.76,0.5105,5095.6,-0.425954,0.0572,0.985847,0.284828
561920,2195,24.76,0.5105,5095.6,1.215642,0.324086,1.001299,1.235162
562176,2196,24.76,0.5105,5095.6,0.314913,0.233802,0.967271,0.435477
562432,2197,24.76,0.5105,5095.6,0.28692,0.114619,0.990761,0.28464
562688,2198,24.83,0.5096,5026.5,0.850519,0.137073,1.004671,0.683236
562944,2199,24.83,0.5096,5026.5,-0.250075,0.097939,1.005671,0.20207
563200,2200,24.83,0.5096,5026.5,0.76907,0.093195,1.004932,0.527561
563456,2201,24.83,0.5096,5026.5,0.492769,0.145813,0.978402,0.501605
563712,2202,24.83,0.5096,5026.5,0.507799,0.07954,1.01156,0.345566
563968,2203,24.83,0.5096,5026.5,1.136045,0.328637,0.98985,1.361987
564224,2204,24.83,0.5096,5026.5,-0.812882,0.149126,0.979453,0.737735
564480,2205,24.83,0.5096,5026.5,-0.074474,0.186616,0.986531,0.173854
564736,2206,24.83,0.5096,5026.5,-0.436705,0.13819,0.990636,0.422404
564992,2207,24.83,0.5096,5026.5,-1.050384,0.134534,0.966779,0.81937
565248,2208,24.83,0.5096,5026.5,-0.062524,0.142062,0.992877,0.143741
565504,2209,24.83,0.5096,5026.5,0.351944,0.089989,0.986029,0.288446
565760,2210,24.98,0.5109,4955.7,0.047707,0.099188,0.989845,0.078725
566016,2211,24.98,0.5109,4955.7,0.346,0.292551,0.988349,0.572586
566272,2212,24.98,0.5109,4955.7,0.451351,0.087594,0.978405,0.394521
566528,2213,24.98,0.5109,4955.7,-0.870288,0.108484,0.977013,0.660312
566784,2214,24.98,0.5109,4955.7,0.94658,0.62583,0.983896,1.736036
567040,2215,24.98,0.5109,4955.7,0.631263,0.194819,0.987346,0.741324
567296,2216,24.98,0.5109,4955.7,1.321549,1.610974,0.968476,3.178292
567552,2217,24.98,0.5109,4955.7,0.143043,0.32051,0.993779,0.237246
567808,2218,24.98,0.5109,4955.7,1.340225,0.416543,0.986984,1.58651
568064,2219,24.98,0.5109,4955.7,1.228323,0.372319,0.99014,1.393466
568320,2220,25.1,0.5114,4882.7,-1.386434,0.227098,0.986461,1.175815
568576,2221,25.1,0.5114,4882.7,-0.709057,0.128921,0.977926,0.697307
568832,2222,25.1,0.5114,4882.7,-0.102139,0.100971,0.967763,0.111069
569088,2223,25.1,0.5114,4882.7,-0.090293,0.149041,0.97126,0.160976
569344,2224,25.1,0.5114,4882.7,0.751766,0.240147,1.006182,0.839779
569600,2225,25.1,0.5114,4882.7,-0.734179,0.293205,0.981883,1.048027
569856,2226,25.1,0.5114,4882.7,-1.265894,0.19624,0.978747,1.184589
570112,2227,25.1,0.5114,4882.7,-0.253479,0.135952,0.985083,0.299225
570368,2228,25.1,0.5114,4882.7,0.800934,0.213955,0.993854,0.839881
570624,2229,25.1,0.5114,4882.7,-0.169567,0.080763,0.973943,0.205092
570880,2230,25.1,0.5114,4882.7,-0.510699,0.171211,0.995373,0.534366
571136,2231,25.1,0.5114,4882.7,-0.527062,0.199181,0.997169,0.646237
571392,2232,25.14,0.5102,4812.1,-0.118964,0.323209,0.98607,0.207703
571648,2233,25.14,0.5102,4812.1,-1.290058,0.292578,0.982937,1.32876
571904,2234,25.14,0.5102,4812.1,0.182712,0.153546,0.98499,0.245099
572160,2235,25.14,0.5102,4812.1,-1.803016,0.275474,0.994207,1.356283
572416,2236,25.14,0.5102,4812.1,0.521346,0.320806,0.991253,0.814986
572672,2237,25.14,0.5102,4812.1,-0.03277,0.182484,0.982907,0.09268
572928,2238,25.14,0.5102,4812.1,0.085021,0.06924,0.988056,0.067971
573184,2239,25.14,0.5102,4812.1,2.424607,0.660472,0.980807,2.308836
573440,2240,25.14,0.5102,4812.1,1.116945,0.497706,0.988219,1.569757
573696,2241,25.14,0.5102,4812.1,0.112939,0.081394,0.997775,0.108138
573952,2242,25.24,0.5108,4737.4,-1.243061,0.268564,0.994652,1.203844
574208,2243,25.24,0.5108,4737.4,-2.400889,0.308427,0.993948,1.539089
574464,2244,25.24,0.5108,4737.4,0.646463,0.292726,0.984534,0.905084
574720,2245,25.24,0.5108,4737.4,2.779516,0.785497,0.990766,2.413749
574976,2246,25.24,0.5108,4737.4,-1.325738,0.081215,0.986697,0.719918
575232,2247,25.24,0.5108,4737.4,0.698505,0.14921,1.001998,0.641426
575488,2248,25.24,0.5108,4737.4,0.459461,0.190569,0.982138,0.565902
575744,2249,25.24,0.5108,4737.4,1.058314,0.427973,0.99954,1.51763
576000,2250,25.24,0.5108,4737.4,0.562155,0.191888,0.963539,0.812435
576256,2251,25.24,0.5108,4737.4,-0.706641,0.081379,0.999789,0.451651
576512,2252,25.24,0.5108,4737.4,0.189734,0.144339,0.96903,0.220823
576768,2253,25.31,0.5113,4667.4,-0.273661,0.147849,0.981721,0.335502
577024,2254,25.31,0.5113,4667.4,0.373131,0.192834,0.974416,0.441739
577280,2255,25.31,0.5113,4667.4,-1.29114,0.145666,0.992471,0.893076
577536,2256,25.31,0.5113,4667.4,0.487695,0.053843,0.999232,0.314099
577792,2257,25.31,0.5113,4667.4,0.908402,0.848813,0.960359,2.062879
578048,2258,25.31,0.5113,4667.4,-0.409797,0.174058,0.944671,0.601228
578304,2259,25.31,0.5113,4667.4,0.869404,0.280414,0.949173,1.238338
578560,2260,25.31,0.5113,4667.4,-0.453336,0.194141,0.961084,0.615918
578816,2261,25.31,0.5113,4667.4,1.428528,0.24611,0.980048,1.292026
579072,2262,25.31,0.5113,4667.4,1.110273,0.335193,0.959742,1.470085
579328,2263,25.44,0.5123,4593.0,-1.44161,0.443191,0.950188,1.884779
579584,2264,25.44,0.5123,4593.0,-0.494424,0.064233,0.965143,0.368096
579840,2265,25.44,0.5123,4593.0,-1.059177,0.230597,0.96256,1.135785
580096,2266,25.44,0.5123,4593.0,1.022007,0.7963,0.955502,2.203722
580352,2267,25.44,0.5123,4593.0,0.701588,0.243798,0.913829,1.047658
580608,2268,25.44,0.5123,4593.0,-0.175129,0.100483,0.933894,0.212565
580864,2269,25.44,0.5123,4593.0,-1.180828,0.179851,0.933958,1.185421
581120,2270,25.44,0.5123,4593.0,0.323115,0.088208,0.95324,0.348397
581376,2271,25.44,0.5123,4593.0,0.658373,0.13631,0.938062,0.692593
581632,2272,25.44,0.5123,4593.0,0.144494,0.126443,0.965377,0.19898
581888,2273,25.44,0.5123,4593.0,1.386564,0.385178,0.933696,1.758487
582144,2274,25.53,0.5133,4519.2,-1.348473,0.163717,0.962988,1.054115
582400,2275,25.53,0.5133,4519.2,0.688885,0.472449,0.944129,1.287819
582656,2276,25.53,0.5133,4519.2,0.47422,0.179299,0.926822,0.648409
582912,2277,25.53,0.5133,4519.2,0.073838,0.123632,0.90394,0.138753
583168,2278,25.53,0.5133,4519.2,-0.856029,0.255889,0.906625,1.348878
583424,2279,25.53,0.5133,4519.2,1.130154,0.580848,0.903262,2.198519
583680,2280,25.53,0.5133,4519.2,1.294945,0.327409,0.920014,1.630621
583936,2281,25.53,0.5133,4519.2,-0.139467,0.259688,0.938622,0.245713
584192,2282,25.53,0.5133,4519.2,-1.398332,0.281256,0.93192,1.608138
584448,2283,25.53,0.5133,4519.2,-0.375445,0.073122,0.900707,0.389589
584704,2284,25.58,0.5141,4445.5,0.189322,0.695473,0.905581,0.731447
584960,2285,25.58,0.5141,4445.5,-2.236501,0.272387,0.925425,1.752136
585216,2286,25.58,0.5141,4445.5,0.413747,0.148787,0.947341,0.496105
585472,2287,25.58,0.5141,4445.5,0.290111,0.193668,0.861913,0.47418
585728,2288,25.58,0.5141,4445.5,-1.443167,0.336852,0.896272,1.795249
585984,2289,25.58,0.5141,4445.5,-0.128819,0.325255,0.899799,0.359858
586240,2290,25.58,0.5141,4445.5,-0.261936,0.142155,0.885593,0.42873
586496,2291,25.58,0.5141,4445.5,0.347929,0.718329,0.878581,1.09844
586752,2292,25.58,0.5141,4445.5,-0.272994,0.1136,0.912231,0.397768
587008,2293,25.66,0.5156,4369.2,-0.687305,0.526186,0.877182,1.813543
587264,2294,25.66,0.5156,4369.2,-0.822493,0.157465,0.93089,0.896588
587520,2295,25.66,0.5156,4369.2,0.014899,0.175051,0.907285,0.148868
587776,2296,25.66,0.5156,4369.2,-1.931374,0.251199,0.910839,1.643565
588032,2297,25.66,0.5156,4369.2,0.745154,0.251942,0.890833,1.191061
588288,2298,25.66,0.5156,4369.2,0.414127,0.157358,0.875365,0.664456
588544,2299,25.66,0.5156,4369.2,0.287023,0.109107,0.910206,0.42904
588800,2300,25.66,0.5156,4369.2,-0.426045,0.258347,0.879553,0.847589
589056,2301,25.66,0.5156,4369.2,1.335327,0.418199,0.883141,1.984523
589312,2302,25.66,0.5156,4369.2,-1.792245,0.417274,0.899546,1.992172
589568,2303,25.7,0.515,4293.2,-1.271033,0.357917,0.901931,1.752317
589824,2304,25.7,0.515,4293.2,-0.809983,0.184792,0.88019,1.173798
590080,2305,25.7,0.515,4293.2,-1.681301,0.421122,0.865493,2.16016
590336,2306,25.7,0.515,4293.2,0.171856,0.250323,0.8943,0.421172
590592,2307,25.7,0.515,4293.2,0.061057,0.07474,0.939054,0.082822
590848,2308,25.7,0.515,4293.2,1.542728,1.028397,0.838742,3.621076
591104,2309,25.7,0.515,4293.2,0.539517,0.751193,0.815492,2.013925
591360,2310,25.7,0.515,4293.2,-0.007475,0.143055,0.905905,0.106709
591616,2311,25.67,0.5144,4221.0,-0.3829,0.350923,0.885693,0.879575
591872,2312,25.67,0.5144,4221.0,0.023432,0.106828,0.893381,0.036024
592128,2313,25.67,0.5144,4221.0,-0.580451,0.194612,0.861112,0.99874
592384,2314,25.67,0.5144,4221.0,1.341325,0.480187,0.896899,1.940382
592640,2315,25.67,0.5144,4221.0,0.444495,0.797006,0.873292,1.46457
592896,2316,25.67,0.5144,4221.0,0.605059,0.270138,0.862755,1.141447
593152,2317,25.67,0.5144,4221.0,-0.485177,0.122965,0.915744,0.518137
593408,2318,25.67,0.5144,4221.0,0.186002,0.23193,0.855178,0.429258
593664,2319,25.67,0.5144,4221.0,-0.812351,0.296114,0.868805,1.295074
593920,2320,25.67,0.5144,4221.0,-0.174143,0.164096,0.91313,0.318988
594176,2321,25.77,0.516,4146.1,-0.420116,0.289919,0.850936,0.869499
594432,2322,25.77,0.516,4146.1,-0.126332,0.126362,0.899751,0.225196
594688,2323,25.77,0.516,4146.1,-0.46158,0.128865,0.895013,0.526224
594944,2324,25.77,0.516,4146.1,-1.948469,0.303711,0.902022,1.790846
595200,2325,25.77,0.516,4146.1,0.269756,0.278706,0.86473,0.697227
595456,2326,25.77,0.516,4146.1,1.610548,0.995994,0.871425,3.294011
595712,2327,25.77,0.516,4146.1,0.29733,0.219343,0.890396,0.536256
595968,2328,25.77,0.516,4146.1,0.606257,0.266015,0.885808,1.005311
596224,2329,25.77,0.516,4146.1,-0.214443,0.142185,0.883535,0.329128
596480,2330,25.75,0.5156,4084.3,1.255782,0.28381,0.890931,1.560019
596736,2331,25.75,0.5156,4084.3,-1.394454,0.203296,0.889562,1.345057
596992,2332,25.75,0.5156,4084.3,0.433596,0.503473,0.887187,1.237707
597248,2333,25.75,0.5156,4084.3,1.319351,0.561034,0.877189,2.286166
597504,2334,25.75,0.5156,4084.3,0.401781,0.349314,0.912674,0.739926
597760,2335,25.75,0.5156,4084.3,-1.369088,0.247238,0.868223,1.607698
598016,2336,25.75,0.5156,4084.3,-0.010178,0.165229,0.869779,0.103705
598272,2337,25.75,0.5156,4084.3,-0.268522,0.081932,0.881637,0.328272
598528,2338,25.75,0.5156,4084.3,-0.135873,0.137234,0.877051,0.203438
598784,2339,25.76,0.5158,4018.3,-0.917885,0.275813,0.886819,1.338502
599040,2340,25.76,0.5158,4018.3,0.176321,0.745793,0.909338,0.631101
599296,2341,25.76,0.5158,4018.3,-1.292074,0.13854,0.912749,1.071535
599552,2342,25.76,0.5158,4018.3,0.770533,0.493872,0.872258,1.617495
599808,2343,25.76,0.5158,4018.3,-0.154326,0.4349,0.873405,0.590207
600064,2344,25.76,0.5158,4018.3,0.54814,0.405409,0.886963,1.343508
600320,2345,25.76,0.5158,4018.3,-0.472917,0.345479,0.934556,0.985617
600576,2346,25.76,0.5158,4018.3,0.443468,0.084275,0.920124,0.442536
600832,2347,25.76,0.5158,4018.3,0.082004,0.108373,0.913116,0.164827
601088,2348,25.76,0.5158,4018.3,0.71049,0.147341,0.9366,0.759207
601344,2349,25.77,0.516,3952.6,-0.189942,0.089303,0.876565,0.320615
601600,2350,25.77,0.516,3952.6,-0.323372,0.123783,0.891108,0.499171
601856,2351,25.77,0.516,3952.6,0.884044,0.149348,0.967713,0.765018
602112,2352,25.77,0.516,3952.6,-1.520733,0.456993,0.893452,2.264887
602368,2353,25.77,0.516,3952.6,-1.888667,0.346517,0.942253,1.77733
602624,2354,25.77,0.516,3952.6,0.920734,0.309748,0.93786,1.263642
602880,2355,25.77,0.516,3952.6,-2.036016,0.575607,0.948993,2.266218
603136,2356,25.77,0.516,3952.6,-0.29499,0.331797,0.904622,0.654796
603392,2357,25.77,0.516,3952.6,-0.643083,0.174788,0.930901,0.877016
603648,2358,25.7,0.5144,3875.9,0.296209,0.522588,0.921324,0.745082
603904,2359,25.7,0.5144,3875.9,0.277443,0.186832,0.942806,0.430733
604160,2360,25.7,0.5144,3875.9,0.63586,0.262399,0.918167,1.12818
604416,2361,25.7,0.5144,3875.9,0.588884,0.393185,0.92834,1.087588
604672,2362,25.7,0.5144,3875.9,0.574301,0.249958,0.917695,1.018255
604928,2363,25.7,0.5144,3875.9,1.497534,0.601175,0.898313,2.395198
605184,2364,25.7,0.5144,3875.9,-1.794148,0.274811,0.933338,1.665174
605440,2365,25.7,0.5144,3875.9,-0.741167,0.171349,0.956141,0.839671
605696,2366,25.7,0.5144,3875.9,-0.071101,0.150225,0.941541,0.099061
605952,2367,25.72,0.5148,3805.0,-0.368586,0.33679,0.91997,0.723925
606208,2368,25.72,0.5148,3805.0,-0.847193,0.230338,0.933899,1.119156
606464,2369,25.72,0.5148,3805.0,-1.897315,0.348272,0.962797,1.775539
606720,2370,25.72,0.5148,3805.0,-0.647187,0.107226,0.974163,0.589778
606976,2371,25.72,0.5148,3805.0,-0.144437,0.19575,0.914482,0.285633
607232,2372,25.72,0.5148,3805.0,-1.083615,0.212714,0.983582,1.037059
607488,2373,25.72,0.5148,3805.0,0.473608,0.320106,0.969635,0.786934
607744,2374,25.72,0.5148,3805.0,0.928847,0.12268,0.946167,0.764157
608000,2375,25.72,0.5148,3805.0,-1.04501,0.158772,1.003897,0.834327
608256,2376,25.72,0.5148,3805.0,-0.430449,0.143233,0.978828,0.412663
608512,2377,25.72,0.5148,3805.0,-0.010354,0.14347,0.945166,0.045651
608768,2378,25.74,0.5148,3733.4,-0.817212,0.275652,0.939239,1.078311
609024,2379,25.74,0.5148,3733.4,1.089623,0.388653,0.943541,1.548983
609280,2380,25.74,0.5148,3733.4,1.491486,0.458002,0.938412,2.002492
609536,2381,25.74,0.5148,3733.4,1.415405,0.71306,0.957774,2.181229
609792,2382,25.74,0.5148,3733.4,1.234048,0.798229,0.947768,2.13223
610048,2383,25.74,0.5148,3733.4,0.19248,0.173781,0.919426,0.297422
610304,2384,25.74,0.5148,3733.4,1.532206,0.486284,0.929628,1.963992
610560,2385,25.74,0.5148,3733.4,0.371176,0.193188,0.944258,0.572122
610816,2386,25.74,0.5148,3733.4,1.035148,0.188771,0.954356,1.002882
611072,2387,25.76,0.5152,3682.3,0.827126,0.764051,0.933109,1.835551
611328,2388,25.76,0.5152,3682.3,0.856333,0.294818,0.946288,1.149615
611584,2389,25.76,0.5152,3682.3,-1.753375,0.404499,0.945621,1.973832
611840,2390,25.76,0.5152,3682.3,-0.167252,0.368024,0.939852,0.393663
612096,2391,25.76,0.5152,3682.3,0.613142,0.225011,0.964821,0.742649
612352,2392,25.76,0.5152,3682.3,-0.927271,0.208215,0.931274,1.173468
612608,2393,25.76,0.5152,3682.3,1.137228,0.548896,0.918494,2.053359
612864,2394,25.76,0.5152,3682.3,-0.614205,0.275846,0.949244,1.131009
613120,2395,25.76,0.5152,3682.3,1.245108,0.249274,0.922702,1.413862
613376,2396,25.78,0.5156,3634.1,0.101516,0.119195,0.963905,0.166804
613632,2397,25.78,0.5156,3634.1,0.28188,0.406595,0.934887,0.59985
613888,2398,25.78,0.5156,3634.1,-0.053651,0.249725,0.954055,0.166448
614144,2399,25.78,0.5156,3634.1,-0.42094,0.162195,0.943369,0.595846
614400,2400,25.78,0.5156,3634.1,-1.005369,0.238146,0.930651,1.444457
614656,2401,25.78,0.5156,3634.1,0.793804,0.347322,0.942922,1.196684
614912,2402,25.78,0.5156,3634.1,1.36567,0.979627,0.937705,2.799674
615168,2403,25.78,0.5156,3634.1,0.542592,0.208335,0.944319,0.757473
615424,2404,25.78,0.5156,3634.1,0.879271,0.425692,0.927492,1.587135
615680,2405,25.8,0.516,3575.0,0.210932,0.599108,0.940477,0.581953
615936,2406,25.8,0.516,3575.0,-0.522997,0.415686,0.915378,1.350373
616192,2407,25.8,0.516,3575.0,-0.1023,0.276707,0.945151,0.233613
616448,2408,25.8,0.516,3575.0,-0.820334,0.227666,0.929343,1.148109
616704,2409,25.8,0.516,3575.0,-0.443782,0.130009,0.955997,0.50648
616960,2410,25.8,0.516,3575.0,0.607381,0.299687,0.975978,1.015831
617216,2411,25.8,0.516,3575.0,-0.004146,0.231605,0.948619,0.085195
617472,2412,25.8,0.516,3575.0,-0.821401,0.194064,0.943125,1.125709
617728,2413,25.8,0.516,3575.0,-0.360283,0.200938,0.944876,0.549489
617984,2414,25.81,0.5162,3535.8,-0.823853,0.223516,0.981389,1.058917
618240,2415,25.81,0.5162,3535.8,0.661169,0.202075,0.925752,0.977527
618496,2416,25.81,0.5162,3535.8,-0.089721,0.256591,0.921635,0.309758
618752,2417,25.81,0.5162,3535.8,-2.733537,0.7539,0.953338,2.993271
619008,2418,25.81,0.5162,3535.8,-0.577185,0.238579,0.928158,0.982482
619264,2419,25.81,0.5162,3535.8,-1.045105,0.118829,0.954126,0.839249
619520,2420,25.81,0.5162,3535.8,-1.083403,0.278141,0.968912,1.300418
619776,2421,25.81,0.5162,3535.8,0.681716,0.129762,0.963641,0.665784
620032,2422,25.81,0.5162,3535.8,-0.374405,0.272635,0.921884,0.762873
620288,2423,25.81,0.5162,3535.8,0.633947,0.122884,0.966953,0.688188
620544,2424,25.8,0.516,3502.6,-0.723294,0.069698,0.954898,0.547033
620800,2425,25.8,0.516,3502.6,0.226522,0.10653,0.970922,0.223501
621056,2426,25.8,0.516,3502.6,-0.103403,0.131537,0.961918,0.20786
621312,2427,25.8,0.516,3502.6,1.666263,0.321318,0.966263,1.651464
621568,2428,25.8,0.516,3502.6,-0.650786,0.160596,0.966419,0.722899
621824,2429,25.8,0.516,3502.6,-1.064206,0.328659,0.950877,1.463685
622080,2430,25.8,0.516,3502.6,2.175613,0.758078,0.956456,2.674727
622336,2431,25.8,0.516,3502.6,-2.1563,0.44116,0.967585,2.006066
622592,2432,25.8,0.516,3502.6,-1.99739,0.274256,0.960045,1.494532
622848,2433,25.8,0.516,3502.6,-0.157579,0.054173,0.964509,0.121138
623104,2434,25.8,0.516,3502.6,1.254141,0.288504,0.991007,1.315214
623360,2435,25.8,0.516,3466.6,0.68393,0.305618,0.955068,1.214172
623616,2436,25.8,0.516,3466.6,-0.717208,0.149256,0.993359,0.666234
623872,2437,25.8,0.516,3466.6,1.252094,1.012352,0.970061,2.538878
624128,2438,25.8,0.516,3466.6,0.214032,0.094049,0.988483,0.264648
624384,2439,25.8,0.516,3466.6,-1.543325,0.232732,0.994194,1.273583
624640,2440,25.8,0.516,3466.6,1.549779,0.811415,1.01512,2.263332
624896,2441,25.8,0.516,3466.6,1.193184,0.404665,0.970403,1.583074
625152,2442,25.8,0.516,3466.6,0.051513,0.235384,0.976382,0.119846
625408,2443,25.8,0.516,3466.6,-0.095383,0.093622,0.997683,0.106385
625664,2444,25.8,0.516,3466.6,-0.06537,0.164177,0.985331,0.128573
625920,2445,25.83,0.5166,3433.3,0.211947,0.071024,0.969655,0.222314
626176,2446,25.83,0.5166,3433.3,0.215502,0.283758,0.999521,0.371519
626432,2447,25.83,0.5166,3433.3,-0.240652,0.079562,0.974828,0.215748
626688,2448,25.83,0.5166,3433.3,1.451815,0.777201,0.978602,2.299282
626944,2449,25.83,0.5166,3433.3,0.179553,0.318096,0.970178,0.353642
627200,2450,25.83,0.5166,3433.3,0.239224,0.161279,0.998119,0.324328
627456,2451,25.83,0.5166,3433.3,-0.083019,0.203273,0.960437,0.129355
627712,2452,25.83,0.5166,3433.3,0.498737,0.321624,0.97238,0.841953
627968,2453,25.83,0.5166,3433.3,1.190199,0.408076,0.985125,1.512524
628224,2454,25.83,0.5166,3433.3,0.023688,0.199883,0.98847,0.102611
628480,2455,25.87,0.5174,3406.6,0.260057,0.326981,0.957597,0.542306
628736,2456,25.87,0.5174,3406.6,-0.528102,0.078488,0.978994,0.450411
628992,2457,25.87,0.5174,3406.6,0.698122,0.309718,0.966605,1.170441
629248,2458,25.87,0.5174,3406.6,0.493269,0.156592,0.980849,0.574999
629504,2459,25.87,0.5174,3406.6,0.427473,0.199149,0.965572,0.57532
629760,2460,25.87,0.5174,3406.6,-0.33734,0.087169,1.008608,0.335404
630016,2461,25.87,0.5174,3406.6,-0.14519,0.152917,0.984638,0.327546
630272,2462,25.87,0.5174,3406.6,-1.660961,0.265259,0.994142,1.643377
630528,2463,25.87,0.5174,3406.6,-1.050678,0.295936,0.977211,1.414175
630784,2464,25.87,0.5174,3406.6,-1.751992,0.156683,0.989609,1.163412
631040,2465,25.83,0.5166,3376.7,-0.532586,0.429863,0.958564,1.211989
631296,2466,25.83,0.5166,3376.7,-0.044968,0.108175,0.992477,0.05995
631552,2467,25.83,0.5166,3376.7,-1.946116,0.28959,0.98464,1.536343
631808,2468,25.83,0.5166,3376.7,0.1086,0.166502,0.985422,0.180789
632064,2469,25.83,0.5166,3376.7,2.013072,0.601479,0.968923,2.331718
632320,2470,25.83,0.5166,3376.7,-0.316037,0.200607,0.991745,0.43471
632576,2471,25.83,0.5166,3376.7,0.02044,0.308502,0.981148,0.130123
632832,2472,25.83,0.5166,3376.7,0.515057,0.105331,0.997542,0.449557
633088,2473,25.83,0.5166,3376.7,-0.639351,0.270164,0.996321,0.873023
633344,2474,25.83,0.5166,3376.7,0.128291,0.085172,0.980431,0.146386
633600,2475,25.83,0.5166,3376.7,-1.833145,0.193178,0.994929,1.263722
633856,2476,25.83,0.5166,3376.7,0.065739,0.140307,0.9971,0.098667
634112,2477,25.89,0.5178,3346.4,-1.614004,0.346105,0.984907,1.57344
634368,2478,25.89,0.5178,3346.4,-0.351786,0.108733,0.983011,0.399755
634624,2479,25.89,0.5178,3346.4,-0.205573,0.106326,0.983318,0.231581
634880,2480,25.89,0.5178,3346.4,0.945285,0.206363,0.982278,1.000094
635136,2481,25.89,0.5178,3346.4,-0.942968,0.139591,0.997199,0.750972
635392,2482,25.89,0.5178,3346.4,-0.255334,0.128016,0.977668,0.305971
635648,2483,25.89,0.5178,3346.4,0.060082,0.160053,0.98988,0.18249
635904,2484,25.89,0.5178,3346.4,0.175822,0.120203,0.9901,0.190359
636160,2485,25.89,0.5178,3346.4,0.289349,0.152092,0.987114,0.378461
636416,2486,25.89,0.5178,3346.4,0.65528,0.195262,0.997431,0.750869
636672,2487,25.89,0.5178,3346.4,0.841038,0.297873,0.980022,1.124806
636928,2488,25.89,0.5178,3346.4,-1.936687,0.335508,1.001043,1.628875
637184,2489,25.9,0.518,3323.1,-0.789723,0.467422,0.992645,1.314274
637440,2490,25.9,0.518,3323.1,-0.416373,0.091074,0.984177,0.381502
637696,2491,25.9,0.518,3323.1,-1.034662,0.139428,0.997252,0.824033
637952,2492,25.9,0.518,3323.1,0.776376,0.532208,0.99985,1.388934
638208,2493,25.9,0.518,3323.1,-0.090306,0.134202,0.981293,0.147735
638464,2494,25.9,0.518,3323.1,0.209103,0.212469,0.99701,0.28174
638720,2495,25.9,0.518,3323.1,1.193389,0.419219,1.001374,1.494921
638976,2496,25.9,0.518,3323.1,-0.393061,0.135469,0.972001,0.393239
639232,2497,25.9,0.518,3323.1,0.433467,0.147858,1.005356,0.429154
639488,2498,25.9,0.518,3323.1,-0.634211,0.095351,1.010477,0.476465
639744,2499,25.9,0.518,3323.1,0.255546,0.129182,0.961683,0.457452
640000,2500,25.92,0.5184,3302.4,-1.321527,0.330864,0.982794,1.452534
640256,2501,25.92,0.5184,3302.4,0.775103,0.133217,1.00825,0.676073
640512,2502,25.92,0.5184,3302.4,0.857899,0.305019,0.984227,1.069881
640768,2503,25.92,0.5184,3302.4,-0.404583,0.156694,0.989225,0.504217
641024,2504,25.92,0.5184,3302.4,-1.577145,0.331207,0.982033,1.588236
641280,2505,25.92,0.5184,3302.4,0.464711,0.345881,0.976254,0.819554
641536,2506,25.92,0.5184,3302.4,0.202603,0.178007,0.984824,0.261339
641792,2507,25.92,0.5184,3302.4,1.097489,0.480105,0.961079,1.747428
642048,2508,25.92,0.5184,3302.4,-0.631982,0.215045,0.999218,0.734538
642304,2509,25.92,0.5184,3302.4,-1.078593,0.148235,0.988987,0.845548
642560,2510,25.92,0.5184,3302.4,1.084419,0.754772,0.98377,1.971159
642816,2511,25.87,0.5174,3276.1,0.800187,0.470043,0.990036,1.412124
643072,2512,25.87,0.5174,3276.1,-0.822103,0.16824,0.970108,0.838485
643328,2513,25.87,0.5174,3276.1,0.273023,0.07079,0.9986,0.205982
643584,2514,25.87,0.5174,3276.1,-0.890606,0.195313,0.97017,0.992397
643840,2515,25.87,0.5174,3276.1,0.362623,0.194599,0.98514,0.506956
644096,2516,25.87,0.5174,3276.1,-0.179586,0.069134,0.997051,0.144618
644352,2517,25.87,0.5174,3276.1,1.09834,0.21067,1.000477,0.995596
644608,2518,25.87,0.5174,3276.1,0.546397,0.380091,1.00492,0.910444
644864,2519,25.87,0.5174,3276.1,0.502697,0.157431,0.993364,0.524975
645120,2520,25.87,0.5174,3276.1,-1.135158,0.14887,0.982004,1.035967
645376,2521,25.87,0.5174,3276.1,0.178329,0.322187,0.964268,0.473969
645632,2522,25.93,0.5186,3257.6,-1.058123,0.818624,0.990707,2.058922
645888,2523,25.93,0.5186,3257.6,0.416883,0.089108,0.994842,0.325803
646144,2524,25.93,0.5186,3257.6,0.778494,0.150301,0.989073,0.729065
646400,2525,25.93,0.5186,3257.6,1.670832,0.550012,1.003764,1.942904
646656,2526,25.93,0.5186,3257.6,0.018143,0.078992,0.978616,0.076147
646912,2527,25.93,0.5186,3257.6,-1.300839,0.264179,0.962698,1.454366
647168,2528,25.93,0.5186,3257.6,-2.322044,0.574641,1.002968,2.200272
647424,2529,25.93,0.5186,3257.6,-2.219033,0.600885,0.978167,2.356264
647680,2530,25.93,0.5186,3257.6,-1.035736,0.220148,0.984555,1.174071
647936,2531,25.93,0.5186,3257.6,-0.209773,0.089369,0.979303,0.240053
648192,2532,25.93,0.5186,3257.6,-0.202535,0.102934,0.996139,0.210558
648448,2533,25.93,0.5186,3257.6,-0.823754,0.220503,0.990122,0.927884
648704,2534,25.92,0.5184,3243.3,0.199266,0.144909,0.987617,0.292278
648960,2535,25.92,0.5184,3243.3,-0.368886,0.105679,0.99446,0.361022
649216,2536,25.92,0.5184,3243.3,-1.175172,0.318589,0.974484,1.458878
649472,2537,25.92,0.5184,3243.3,-1.130181,0.19592,1.000452,1.025859
649728,2538,25.92,0.5184,3243.3,0.702067,0.458442,1.015256,1.096045
649984,2539,25.92,0.5184,3243.3,-0.817034,0.232234,1.008096,0.842854
650240,2540,25.92,0.5184,3243.3,0.339442,0.204306,0.999947,0.409039
650496,2541,25.92,0.5184,3243.3,-0.91814,0.172606,1.00961,0.809059
650752,2542,25.92,0.5184,3243.3,1.884795,0.479348,1.010506,1.789264
651008,2543,25.92,0.5184,3243.3,0.630871,0.508587,0.995566,1.209798
651264,2544,25.92,0.5184,3243.3,-1.590005,0.241486,1.019593,1.185963
651520,2545,25.95,0.519,3228.2,-0.395589,0.3288,0.987684,0.663969
651776,2546,25.95,0.519,3228.2,-0.575104,0.194266,0.997537,0.652697
652032,2547,25.95,0.519,3228.2,-1.354635,0.145976,0.98944,0.937725
652288,2548,25.95,0.519,3228.2,-0.154331,0.258009,1.00096,0.266458
652544,2549,25.95,0.519,3228.2,2.054123,0.545489,0.983709,2.022931
652800,2550,25.95,0.519,3228.2,0.134307,0.070285,0.991986,0.173469
653056,2551,25.95,0.519,3228.2,-1.358323,0.279196,0.983835,1.339431
653312,2552,25.95,0.519,3228.2,-1.999658,0.269151,1.010736,1.350766
653568,2553,25.95,0.519,3228.2,0.019686,0.077684,1.004862,0.032725
653824,2554,25.95,0.519,3228.2,-1.067757,0.117521,1.009858,0.655251
654080,2555,25.95,0.519,3228.2,1.320974,0.294134,1.001231,1.265529
654336,2556,25.92,0.5184,3211.4,-0.869202,0.206787,1.012223,0.837937
654592,2557,25.92,0.5184,3211.4,0.553367,0.087217,1.011268,0.381979
654848,2558,25.92,0.5184,3211.4,1.305863,0.22373,1.020234,0.97904
655104,2559,25.92,0.5184,3211.4,0.884889,0.670787,1.00828,1.401822
655360,2560,25.92,0.5184,3211.4,0.874923,0.457318,1.020821,1.157183
655616,2561,25.92,0.5184,3211.4,1.676076,0.394068,1.010007,1.474797
655872,2562,25.92,0.5184,3211.4,1.363681,0.501455,1.019512,1.532291
656128,2563,25.92,0.5184,3211.4,-2.363777,0.222794,1.022932,1.157786
656384,2564,25.92,0.5184,3211.4,1.112693,0.189536,1.007079,0.962064
656640,2565,25.92,0.5184,3211.4,0.111973,0.173759,1.016088,0.159878
656896,2566,25.92,0.5184,3211.4,-2.346773,0.293999,1.00096,1.400785
657152,2567,25.92,0.5184,3211.4,-0.676969,0.103399,1.003818,0.517958
657408,2568,26.03,0.5206,3203.3,-1.358449,0.330182,1.00471,1.271783
657664,2569,26.03,0.5206,3203.3,-2.310437,0.313621,1.01384,1.40939
657920,2570,26.03,0.5206,3203.3,0.134777,0.090352,1.023354,0.142588
658176,2571,26.03,0.5206,3203.3,1.943772,0.543149,1.008965,1.774183
658432,2572,26.03,0.5206,3203.3,-0.414292,0.11975,1.009806,0.398758
658688,2573,26.03,0.5206,3203.3,-0.930134,0.103802,0.985291,0.69064
658944,2574,26.03,0.5206,3203.3,0.486688,0.134668,0.987846,0.501112
659200,2575,26.03,0.5206,3203.3,-1.968756,0.275587,1.006373,1.275834
659456,2576,26.03,0.5206,3203.3,-0.072836,0.1186,1.006239,0.135041
659712,2577,26.03,0.5206,3203.3,-1.800756,0.310585,1.010661,1.308492
659968,2578,26.03,0.5206,3203.3,0.329749,0.345674,1.017369,0.485312
660224,2579,26.03,0.5206,3203.3,1.225916,0.140092,1.000648,0.811781
660480,2580,26.03,0.5206,3203.3,-0.712869,0.135693,1.007297,0.601154
660736,2581,25.99,0.5198,3195.9,-1.128547,0.132056,1.008765,0.737199
660992,2582,25.99,0.5198,3195.9,0.774606,0.333739,1.009541,1.028308
661248,2583,25.99,0.5198,3195.9,-1.675472,0.244838,1.033561,1.088087
661504,2584,25.99,0.5198,3195.9,-0.769537,0.156984,1.002045,0.69053
661760,2585,25.99,0.5198,3195.9,1.251628,0.216103,1.020319,0.963333
662016,2586,25.99,0.5198,3195.9,-0.530318,0.12659,1.016521,0.416712
662272,2587,25.99,0.5198,3195.9,-0.177083,0.166563,0.998822,0.187944
662528,2588,25.99,0.5198,3195.9,0.550297,0.391774,1.001468,0.90794
662784,2589,25.99,0.5198,3195.9,0.745721,0.425989,1.003057,1.085844
663040,2590,25.99,0.5198,3195.9,0.345048,0.092602,0.998467,0.289942
663296,2591,25.99,0.5198,3195.9,2.228239,1.020905,1.00128,2.469341
663552,2592,25.99,0.5198,3195.9,0.207899,0.161095,1.003851,0.214142
663808,2593,25.99,0.5198,3195.9,1.245896,0.179524,1.016092,0.851993
664064,2594,26.03,0.5206,3186.9,0.376285,0.494501,1.010309,0.671945
664320,2595,26.03,0.5206,3186.9,0.797828,0.239566,0.996397,0.905275
664576,2596,26.03,0.5206,3186.9,-1.324528,0.183912,1.002698,0.939519
664832,2597,26.03,0.5206,3186.9,-2.484252,0.268707,1.014848,1.287908
665088,2598,26.03,0.5206,3186.9,0.172304,0.075682,1.011951,0.117272
665344,2599,26.03,0.5206,3186.9,0.639208,0.699223,0.999393,1.30694
665600,2600,26.03,0.5206,3186.9,-2.654739,0.255588,1.001702,1.30255
665856,2601,26.03,0.5206,3186.9,-0.556684,0.204295,1.005313,0.612737
666112,2602,26.03,0.5206,3186.9,0.43972,0.393514,0.997191,0.75036
666368,2603,26.03,0.5206,3186.9,-0.382609,0.063683,1.006066,0.24987
666624,2604,26.03,0.5206,3186.9,0.536367,0.156844,1.010718,0.517321
666880,2605,26.1,0.522,3174.9,-0.87921,0.32308,0.993348,1.088924
667136,2606,26.1,0.522,3174.9,0.408193,0.146946,1.010261,0.396398
667392,2607,26.1,0.522,3174.9,0.340696,0.16605,1.009913,0.3427
667648,2608,26.1,0.522,3174.9,-0.578471,0.09491,1.012761,0.440896
667904,2609,26.1,0.522,3174.9,-1.39468,0.293132,0.985404,1.352982
668160,2610,26.1,0.522,3174.9,-1.148189,0.116756,1.002565,0.798005
668416,2611,26.1,0.522,3174.9,1.199682,0.259295,0.993036,1.12547
668672,2612,26.1,0.522,3174.9,0.458265,0.429333,0.994959,0.820928
668928,2613,26.1,0.522,3174.9,1.240306,0.462632,0.990114,1.536331
669184,2614,26.1,0.522,3174.9,0.221837,0.165954,0.999122,0.307282
669440,2615,26.1,0.522,3174.9,0.757947,0.500809,0.99456,1.389119
669696,2616,26.1,0.522,3174.9,-0.713063,0.168304,0.987221,0.76796
669952,2617,26.09,0.5218,3171.0,0.285882,0.320238,0.997392,0.436777
670208,2618,26.09,0.5218,3171.0,-1.100862,0.182182,0.994956,0.955809
670464,2619,26.09,0.5218,3171.0,-0.812395,0.117072,0.991402,0.614888
670720,2620,26.09,0.5218,3171.0,0.333747,0.09988,0.985351,0.272715
670976,2621,26.09,0.5218,3171.0,0.54591,0.214838,0.986534,0.681013
671232,2622,26.09,0.5218,3171.0,-0.826928,0.130756,1.010866,0.684059
671488,2623,26.09,0.5218,3171.0,0.126818,0.172471,1.01066,0.152063
671744,2624,26.09,0.5218,3171.0,-0.524106,0.250552,1.014558,0.732994
672000,2625,26.09,0.5218,3171.0,0.995328,0.407138,1.011368,1.241441
672256,2626,26.09,0.5218,3171.0,-0.155892,0.065153,0.99442,0.12336
672512,2627,26.09,0.5218,3171.0,-2.381405,0.31878,1.025769,1.49073
672768,2628,26.08,0.5216,3163.6,-1.016101,0.099283,0.991822,0.646136
673024,2629,26.08,0.5216,3163.6,-0.041965,0.125384,0.988472,0.099882
673280,2630,26.08,0.5216,3163.6,0.803996,0.292307,1.00913,0.922849
673536,2631,26.08,0.5216,3163.6,1.355973,0.39258,1.012648,1.397137
673792,2632,26.08,0.5216,3163.6,0.248877,0.318332,1.005683,0.492209
674048,2633,26.08,0.5216,3163.6,-0.32808,0.154225,0.997523,0.455409
674304,2634,26.08,0.5216,3163.6,0.45839,0.161461,1.006183,0.460132
674560,2635,26.08,0.5216,3163.6,-1.133069,0.141227,1.017358,0.765268
674816,2636,26.08,0.5216,3163.6,0.500968,0.147656,1.022691,0.443963
675072,2637,26.08,0.5216,3163.6,0.802788,0.508159,1.00688,1.331329
675328,2638,26.08,0.5216,3163.6,-1.579545,0.268009,1.013711,1.209486
675584,2639,26.04,0.5208,3150.5,-0.774742,0.10704,1.022087,0.548742
675840,2640,26.04,0.5208,3150.5,-0.466685,0.213658,1.004259,0.620613
676096,2641,26.04,0.5208,3150.5,-0.895834,0.202581,1.008221,0.828386
676352,2642,26.04,0.5208,3150.5,-2.387,0.374329,1.017448,1.633127
676608,2643,26.04,0.5208,3150.5,1.184237,0.282162,1.008235,1.096165
676864,2644,26.04,0.5208,3150.5,0.120849,0.259794,1.023592,0.19322
677120,2645,26.04,0.5208,3150.5,1.363627,0.995935,1.014997,2.226876
677376,2646,26.04,0.5208,3150.5,-0.435204,0.18866,1.01084,0.468115
677632,2647,26.04,0.5208,3150.5,1.164099,0.158927,1.027716,0.814005
677888,2648,26.04,0.5208,3150.5,0.398701,0.093115,1.003935,0.343431
678144,2649,26.04,0.5208,3150.5,-1.324973,0.08503,1.020082,0.632766
678400,2650,26.04,0.5208,3150.5,-0.257906,0.167163,1.013901,0.309896
678656,2651,26.04,0.5208,3150.5,-0.90848,0.166638,1.024566,0.740689
678912,2652,26.05,0.521,3144.7,0.731811,0.179893,1.017781,0.700478
679168,2653,26.05,0.521,3144.7,1.384519,0.526326,1.016069,1.632856
679424,2654,26.05,0.521,3144.7,-1.083204,0.159951,1.018643,0.764818
679680,2655,26.05,0.521,3144.7,0.296615,0.205838,1.02031,0.333657
679936,2656,26.05,0.521,3144.7,-0.027836,0.240615,0.993138,0.126409
680192,2657,26.05,0.521,3144.7,-0.966599,0.130166,1.009557,0.766795
680448,2658,26.05,0.521,3144.7,-2.451506,0.27186,1.012016,1.319301
680704,2659,26.05,0.521,3144.7,-0.701033,0.11558,1.014007,0.555468
680960,2660,26.05,0.521,3144.7,0.243186,0.231339,1.019544,0.284511
681216,2661,26.05,0.521,3144.7,0.49271,0.217412,1.021735,0.634605
681472,2662,26.05,0.521,3144.7,-1.17399,0.095826,1.023091,0.645393
681728,2663,26.05,0.521,3144.7,0.758052,0.190148,1.004336,0.765418
681984,2664,26.05,0.521,3144.7,1.072245,0.265923,1.001996,1.060435
682240,2665,26.12,0.5224,3133.9,0.851366,0.362357,0.973392,1.340231
682496,2666,26.12,0.5224,3133.9,-0.266563,0.113,0.989146,0.307689
682752,2667,26.12,0.5224,3133.9,-2.020572,0.218656,0.999118,1.213088
683008,2668,26.12,0.5224,3133.9,0.932337,0.350726,0.99669,1.112902
683264,2669,26.12,0.5224,3133.9,-1.509449,0.232373,1.012372,1.096118
683520,2670,26.12,0.5224,3133.9,0.090767,0.083116,1.008306,0.075414
683776,2671,26.12,0.5224,3133.9,1.18829,0.496097,0.998659,1.587167
684032,2672,26.12,0.5224,3133.9,0.422564,0.073081,0.996916,0.312334
684288,2673,26.12,0.5224,3133.9,1.304835,0.518223,1.01399,1.562391
684544,2674,26.12,0.5224,3133.9,-0.327977,0.370782,1.00225,0.548188
684800,2675,26.12,0.5224,3133.9,-0.831075,0.112461,1.014857,0.601077
685056,2676,26.12,0.5224,3133.9,0.628934,0.22531,0.982593,0.738279
685312,2677,26.19,0.5238,3125.3,-0.453022,0.186166,0.995053,0.516965
685568,2678,26.19,0.5238,3125.3,-0.043844,0.090367,0.984365,0.090774
685824,2679,26.19,0.5238,3125.3,-0.929083,0.087198,0.995659,0.559395
686080,2680,26.19,0.5238,3125.3,-0.621318,0.115659,1.000764,0.494485
686336,2681,26.19,0.5238,3125.3,0.011521,0.085078,0.99247,0.064535
686592,2682,26.19,0.5238,3125.3,0.13429,0.114322,0.99884,0.14057
686848,2683,26.19,0.5238,3125.3,0.739882,0.128242,1.015049,0.598606
687104,2684,26.19,0.5238,3125.3,0.909626,0.242758,0.991024,0.922533
687360,2685,26.19,0.5238,3125.3,0.76276,0.267439,0.995333,0.885638
687616,2686,26.19,0.5238,3125.3,0.0267,0.100246,0.997182,0.043214
687872,2687,26.19,0.5238,3125.3,-1.083036,0.09544,1.012097,0.66626
688128,2688,26.15,0.523,3113.8,0.071675,0.141316,1.007659,0.096721
688384,2689,26.15,0.523,3113.8,-0.92922,0.175373,1.000792,0.824049
688640,2690,26.15,0.523,3113.8,0.353863,0.17363,0.98393,0.425314
688896,2691,26.15,0.523,3113.8,0.591896,0.143892,0.998991,0.605818
689152,2692,26.15,0.523,3113.8,-0.050502,0.106518,0.98715,0.049761
689408,2693,26.15,0.523,3113.8,0.516847,0.213776,0.987917,0.674183
689664,2694,26.15,0.523,3113.8,0.93839,0.488123,1.001269,1.339176
689920,2695,26.15,0.523,3113.8,0.069176,0.076492,0.994125,0.096482
690176,2696,26.15,0.523,3113.8,-0.497468,0.0851,1.009345,0.387595
690432,2697,26.15,0.523,3113.8,0.110023,0.080522,1.008279,0.088716
690688,2698,26.15,0.523,3113.8,-1.870034,0.211535,1.017436,1.126056
690944,2699,26.15,0.523,3113.8,0.051948,0.196767,0.993132,0.065864
691200,2700,26.2,0.524,3105.0,1.088099,0.309444,0.995245,1.215234
691456,2701,26.2,0.524,3105.0,-0.520912,0.284698,0.995699,0.746337
691712,2702,26.2,0.524,3105.0,-0.631029,0.211579,0.981858,0.694438
691968,2703,26.2,0.524,3105.0,-1.07556,0.178052,1.004943,0.907247
692224,2704,26.2,0.524,3105.0,-1.732265,0.231665,0.976112,1.236827
692480,2705,26.2,0.524,3105.0,-0.888261,0.162299,0.999295,0.771413
692736,2706,26.2,0.524,3105.0,1.365087,0.566307,0.994466,1.815257
692992,2707,26.2,0.524,3105.0,0.749441,0.262084,0.976747,0.915561
693248,2708,26.2,0.524,3105.0,0.824255,0.321945,0.981845,1.039142
693504,2709,26.2,0.524,3105.0,-1.266406,0.223902,0.975419,1.21371
693760,2710,26.2,0.524,3105.0,-0.073351,0.10251,0.99578,0.0963
694016,2711,26.2,0.524,3091.9,-2.068234,0.169374,1.009016,1.012387
694272,2712,26.2,0.524,3091.9,0.371719,0.222322,0.978098,0.543115
694528,2713,26.2,0.524,3091.9,1.216259,0.266351,0.988576,1.154817
694784,2714,26.2,0.524,3091.9,1.73012,0.390553,0.991598,1.536487
695040,2715,26.2,0.524,3091.9,-0.042131,0.076638,1.001373,0.056144
695296,2716,26.2,0.524,3091.9,0.693581,0.131728,0.98197,0.639548
695552,2717,26.2,0.524,3091.9,0.730436,0.17361,0.99317,0.721964
695808,2718,26.2,0.524,3091.9,0.175301,0.206031,0.99677,0.322698
696064,2719,26.2,0.524,3091.9,-0.781293,0.168892,0.975453,0.806282
696320,2720,26.2,0.524,3091.9,0.364256,0.300369,0.999498,0.498164
696576,2721,26.2,0.524,3091.9,1.052637,0.181401,0.999415,0.83395
696832,2722,26.2,0.524,3091.9,-0.108964,0.244499,0.989693,0.239634
697088,2723,26.27,0.5254,3078.4,-1.542103,0.52937,0.982789,1.875069
697344,2724,26.27,0.5254,3078.4,-0.364056,0.162565,0.977679,0.510841
697600,2725,26.27,0.5254,3078.4,-0.549404,0.297687,0.984504,0.791301
697856,2726,26.27,0.5254,3078.4,-1.056448,0.19961,0.981246,1.015215
698112,2727,26.27,0.5254,3078.4,-1.050892,0.15792,1.01314,0.802711
698368,2728,26.27,0.5254,3078.4,-1.763558,0.288541,1.001269,1.305748
698624,2729,26.27,0.5254,3078.4,-1.500869,0.264732,0.961216,1.381791
698880,2730,26.27,0.5254,3078.4,-0.970118,0.119156,0.999799,0.673395
699136,2731,26.27,0.5254,3078.4,-2.585107,0.214487,1.009658,1.314027
699392,2732,26.27,0.5254,3078.4,0.241485,0.076507,0.978416,0.182229
699648,2733,26.27,0.5254,3078.4,-0.160554,0.112589,0.989582,0.141684
699904,2734,26.27,0.5254,3078.4,-0.063544,0.066354,0.987344,0.076436
700160,2735,26.27,0.5254,3078.4,0.096934,0.123646,0.966046,0.106571
700416,2736,26.23,0.5246,3068.3,-0.993829,0.159451,0.995862,0.769335
700672,2737,26.23,0.5246,3068.3,-0.322906,0.094323,0.982565,0.275143
700928,2738,26.23,0.5246,3068.3,-0.398256,0.07864,0.991447,0.307783
701184,2739,26.23,0.5246,3068.3,-0.80437,0.074746,1.0006,0.464814
701440,2740,26.23,0.5246,3068.3,-0.568797,0.050193,0.990572,0.319825
701696,2741,26.23,0.5246,3068.3,0.44942,0.448831,0.998717,0.807349
701952,2742,26.23,0.5246,3068.3,0.912814,0.328873,0.987289,1.102418
702208,2743,26.23,0.5246,3068.3,0.060425,0.126861,0.971028,0.093804
702464,2744,26.23,0.5246,3068.3,0.784639,0.232026,0.977306,0.828877
702720,2745,26.23,0.5246,3068.3,0.245619,0.067358,0.980097,0.182102
702976,2746,26.23,0.5246,3068.3,-0.179383,0.091824,0.975312,0.151954
703232,2747,26.21,0.5242,3052.9,-0.152321,0.177584,1.007389,0.167844
703488,2748,26.21,0.5242,3052.9,0.921417,0.771559,0.963279,1.805871
703744,2749,26.21,0.5242,3052.9,1.072318,0.241571,0.972248,0.997785
704000,2750,26.21,0.5242,3052.9,-1.292778,0.137892,1.001511,0.762104
704256,2751,26.21,0.5242,3052.9,0.931804,0.38521,0.994016,1.153047
704512,2752,26.21,0.5242,3052.9,1.399827,0.289633,0.973477,1.356554
704768,2753,26.21,0.5242,3052.9,-0.436701,0.099889,0.979934,0.352944
705024,2754,26.21,0.5242,3052.9,-1.081789,0.102962,1.00104,0.649685
705280,2755,26.21,0.5242,3052.9,-0.937041,0.057362,0.985855,0.443864
705536,2756,26.21,0.5242,3052.9,0.708891,0.12618,0.967252,0.620421
705792,2757,26.21,0.5242,3052.9,-0.583144,0.106695,0.953155,0.5406
706048,2758,26.22,0.5244,3039.6,0.212617,0.601254,0.958646,0.532542
706304,2759,26.22,0.5244,3039.6,-0.599855,0.104659,0.986994,0.480943
706560,2760,26.22,0.5244,3039.6,0.959097,0.2419,0.974721,0.941508
706816,2761,26.22,0.5244,3039.6,-0.265541,0.177707,0.950093,0.351166
707072,2762,26.22,0.5244,3039.6,1.125576,0.704352,0.986432,1.68926
707328,2763,26.22,0.5244,3039.6,-1.181478,0.211048,0.940408,1.228429
707584,2764,26.22,0.5244,3039.6,-0.042069,0.055249,0.971121,0.086066
707840,2765,26.22,0.5244,3039.6,-0.898643,0.168433,0.988566,0.806521
708096,2766,26.22,0.5244,3039.6,1.440811,0.657267,0.990957,1.796991
708352,2767,26.19,0.5238,3028.3,1.198588,0.175071,1.014005,0.792557
708608,2768,26.19,0.5238,3028.3,1.033813,0.27552,0.985282,1.071337
708864,2769,26.19,0.5238,3028.3,-0.593856,0.055903,1.013844,0.306067
709120,2770,26.19,0.5238,3028.3,0.618928,0.373572,0.987274,0.83966
709376,2771,26.19,0.5238,3028.3,-0.714223,0.099238,0.979884,0.535105
709632,2772,26.19,0.5238,3028.3,-0.30225,0.183533,0.974435,0.340546
709888,2773,26.19,0.5238,3028.3,1.815368,0.532539,0.975679,1.894618
710144,2774,26.19,0.5238,3028.3,-0.228871,0.145074,1.013957,0.217191
710400,2775,26.19,0.5238,3028.3,0.51408,0.165739,1.014699,0.49266
710656,2776,26.19,0.5238,3028.3,-0.796831,0.091711,0.986281,0.536035
710912,2777,26.19,0.5238,3028.3,0.893467,0.341196,0.992773,1.03449
711168,2778,26.17,0.5234,3020.6,-0.489506,0.305673,0.989677,0.68807
711424,2779,26.17,0.5234,3020.6,-1.071946,0.184447,0.993042,0.907424
711680,2780,26.17,0.5234,3020.6,1.117477,0.53679,0.997524,1.547658
711936,2781,26.17,0.5234,3020.6,0.970857,0.206502,1.008327,0.859125
712192,2782,26.17,0.5234,3020.6,0.071603,0.109134,0.989825,0.095401
712448,2783,26.17,0.5234,3020.6,-0.126734,0.100792,1.000837,0.143017
712704,2784,26.17,0.5234,3020.6,-1.476498,0.271399,1.003337,1.200564
712960,2785,26.17,0.5234,3020.6,0.371036,0.115638,1.002778,0.312384
713216,2786,26.17,0.5234,3020.6,0.243318,0.152302,0.976862,0.276398
713472,2787,26.17,0.5234,3020.6,-0.944729,0.091386,0.996092,0.582443
713728,2788,26.17,0.5234,3020.6,-1.426812,0.281456,0.98771,1.264927
713984,2789,26.17,0.5234,3020.6,1.940105,0.791206,1.004956,2.183253
714240,2790,26.1,0.522,3017.0,0.954125,0.146467,1.015405,0.70242
714496,2791,26.1,0.522,3017.0,0.014047,0.0731,0.995862,0.022415
714752,2792,26.1,0.522,3017.0,-0.850723,0.109108,1.004258,0.586161
715008,2793,26.1,0.522,3017.0,1.551969,0.936611,1.008241,2.164196
715264,2794,26.1,0.522,3017.0,1.192199,0.326047,0.996958,1.208219
715520,2795,26.1,0.522,3017.0,1.252713,0.436089,0.998205,1.41623
715776,2796,26.1,0.522,3017.0,0.855678,0.116002,1.017561,0.654271
716032,2797,26.1,0.522,3017.0,-2.283785,0.363268,1.006955,1.511342
716288,2798,26.1,0.522,3017.0,0.392872,0.239942,1.007392,0.480559
716544,2799,26.1,0.522,3017.0,-0.381145,0.074249,1.011843,0.257595
716800,2800,26.1,0.522,3017.0,1.217036,0.284515,0.990214,1.182655
717056,2801,26.2,0.524,3013.1,0.093583,0.271963,1.002001,0.13465
717312,2802,26.2,0.524,3013.1,0.726031,0.429706,0.983209,1.167862
717568,2803,26.2,0.524,3013.1,-2.44009,0.391214,1.001622,1.596922
717824,2804,26.2,0.524,3013.1,-0.316228,0.1867,0.989952,0.445724
718080,2805,26.2,0.524,3013.1,0.097767,0.302438,0.976132,0.187092
718336,2806,26.2,0.524,3013.1,-1.89692,0.329305,0.99364,1.547117
718592,2807,26.2,0.524,3013.1,0.153068,0.106733,0.997729,0.132281
718848,2808,26.2,0.524,3013.1,0.951826,0.550379,1.005682,1.405403
719104,2809,26.2,0.524,3013.1,-0.983211,0.145311,1.007936,0.770786
719360,2810,26.2,0.524,3013.1,-0.435976,0.257613,1.006783,0.559149
719616,2811,26.2,0.524,3013.1,0.139478,0.095101,1.009897,0.123787
719872,2812,26.16,0.5232,2999.2,1.03999,0.153711,0.996239,0.772991
720128,2813,26.16,0.5232,2999.2,0.758481,0.777241,0.988127,1.630358
720384,2814,26.16,0.5232,2999.2,0.211026,0.143065,1.004844,0.216358
720640,2815,26.16,0.5232,2999.2,-0.037045,0.055571,1.018697,0.062707
720896,2816,26.16,0.5232,2999.2,0.428346,0.15031,0.998865,0.45724
721152,2817,26.16,0.5232,2999.2,0.4803,0.140669,1.020244,0.448204
721408,2818,26.16,0.5232,2999.2,-0.782967,0.152753,1.006504,0.699344
721664,2819,26.16,0.5232,2999.2,1.046978,0.511747,0.971636,1.685398
721920,2820,26.16,0.5232,2999.2,-0.828696,0.188454,1.0147,0.78555
722176,2821,26.16,0.5232,2999.2,0.715181,0.178979,1.000079,0.712735
722432,2822,26.16,0.5232,2999.2,-0.835712,0.129437,0.991664,0.729471
722688,2823,26.16,0.5232,2999.2,0.040525,0.100805,1.023775,0.114144
722944,2824,26.2,0.524,2992.6,0.025964,0.177732,1.00679,0.07422
723200,2825,26.2,0.524,2992.6,-0.485525,0.075311,1.009009,0.354124
723456,2826,26.2,0.524,2992.6,2.028467,0.959206,0.994121,2.687137
723712,2827,26.2,0.524,2992.6,-3.480051,0.392792,1.002927,1.785104
723968,2828,26.2,0.524,2992.6,-1.775795,0.313722,0.985247,1.526081
724224,2829,26.2,0.524,2992.6,-0.47471,0.202211,1.024211,0.551028
724480,2830,26.2,0.524,2992.6,0.121452,0.222439,0.990987,0.182489
724736,2831,26.2,0.524,2992.6,-0.337939,0.126455,0.98348,0.406071
724992,2832,26.2,0.524,2992.6,0.690334,0.128511,0.989367,0.587747
725248,2833,26.2,0.524,2992.6,-0.510841,0.201047,1.007188,0.609934
725504,2834,26.2,0.524,2992.6,-0.502743,0.082319,1.010381,0.35727
725760,2835,26.2,0.524,2992.6,-0.832143,0.233361,1.00125,0.896374
726016,2836,26.13,0.5226,2990.0,-0.355161,0.585405,1.000829,0.7276
726272,2837,26.13,0.5226,2990.0,0.821398,0.119771,1.010868,0.58796
726528,2838,26.13,0.5226,2990.0,-2.01325,0.313826,1.021488,1.361096
726784,2839,26.13,0.5226,2990.0,-1.132553,0.09526,1.015789,0.625253
727040,2840,26.13,0.5226,2990.0,0.22393,0.053862,1.000104,0.146259
727296,2841,26.13,0.5226,2990.0,-1.076106,0.183131,0.988926,0.915467
727552,2842,26.13,0.5226,2990.0,-0.104786,0.09214,1.007076,0.097193
727808,2843,26.13,0.5226,2990.0,-2.044433,0.257576,1.025139,1.195796
728064,2844,26.13,0.5226,2990.0,-1.084033,0.125483,1.012853,0.714395
728320,2845,26.13,0.5226,2990.0,-1.042389,0.230484,1.0051,0.939702
728576,2846,26.13,0.5226,2990.0,-0.338939,0.126633,1.028469,0.29478
728832,2847,26.13,0.5226,2990.0,-2.595201,0.221719,1.028627,1.207079
729088,2848,26.13,0.5226,2990.0,-2.462337,0.261136,1.015198,1.236017
729344,2849,26.13,0.5226,2990.0,0.975075,0.267394,1.022977,0.904019
729600,2850,25.99,0.5198,2989.9,0.305871,0.676149,1.029595,0.65315
729856,2851,25.99,0.5198,2989.9,-1.260873,0.16408,1.007923,0.828234
730112,2852,25.99,0.5198,2989.9,0.816547,0.260241,1.013005,0.847342
730368,2853,25.99,0.5198,2989.9,-0.215876,0.076031,1.015556,0.15755
730624,2854,25.99,0.5198,2989.9,1.061351,0.772602,0.995646,1.729372
730880,2855,25.99,0.5198,2989.9,1.56672,0.44451,1.003509,1.528803
731136,2856,25.99,0.5198,2989.9,1.471091,0.355372,1.011398,1.319927
731392,2857,25.99,0.5198,2989.9,0.677519,0.174345,0.999095,0.644593
731648,2858,25.99,0.5198,2989.9,0.748754,0.536656,0.972663,1.345159
731904,2859,25.99,0.5198,2989.9,-2.954418,0.231247,1.021313,1.246771
732160,2860,25.99,0.5198,2989.9,-3.004076,0.200417,1.013083,1.086711
732416,2861,26.05,0.521,2977.3,-0.21511,0.104166,0.997063,0.187612
732672,2862,26.05,0.521,2977.3,0.771685,0.223556,0.993995,0.78149
732928,2863,26.05,0.521,2977.3,-1.154134,0.082745,0.993783,0.549947
733184,2864,26.05,0.521,2977.3,-0.092856,0.106274,0.995374,0.101645
733440,2865,26.05,0.521,2977.3,-0.107472,0.080219,0.988358,0.089499
733696,2866,26.05,0.521,2977.3,0.725082,0.103636,0.963423,0.527936
733952,2867,26.05,0.521,2977.3,0.158752,0.073711,0.978026,0.123516
734208,2868,26.05,0.521,2977.3,-0.191195,0.199093,0.972072,0.227074
734464,2869,26.05,0.521,2977.3,0.716276,0.137109,0.983667,0.563277
734720,2870,26.05,0.521,2977.3,0.441327,0.160411,0.970925,0.444808
734976,2871,26.05,0.521,2977.3,0.425979,0.178685,0.984011,0.428812
735232,2872,26.05,0.521,2965.6,-0.120222,0.387654,0.963696,0.209447
735488,2873,26.05,0.521,2965.6,1.357187,0.404276,0.997699,1.27803
735744,2874,26.05,0.521,2965.6,0.546145,0.136072,0.944892,0.559902
736000,2875,26.05,0.521,2965.6,0.963995,0.371507,0.971066,1.143022
736256,2876,26.05,0.521,2965.6,-0.345758,0.118608,0.974281,0.392161
736512,2877,26.05,0.521,2965.6,-1.302266,0.165492,0.939721,0.976281
736768,2878,26.05,0.521,2965.6,0.16648,0.152258,0.984675,0.261592
737024,2879,26.05,0.521,2965.6,-0.066078,0.240825,0.952832,0.147965
737280,2880,26.05,0.521,2965.6,-0.697981,0.128756,0.969514,0.66905
737536,2881,26.05,0.521,2965.6,0.475944,0.133718,0.960369,0.442938
737792,2882,25.99,0.5198,2953.8,0.814809,0.126174,0.957366,0.662917
738048,2883,25.99,0.5198,2953.8,0.979993,0.435649,0.978015,1.310266
738304,2884,25.99,0.5198,2953.8,-0.60558,0.140539,0.974165,0.634109
738560,2885,25.99,0.5198,2953.8,0.561223,0.092501,0.994085,0.359817
738816,2886,25.99,0.5198,2953.8,0.151932,0.2635,0.952593,0.254061
739072,2887,25.99,0.5198,2953.8,0.642481,0.503804,0.981039,1.04717
739328,2888,25.99,0.5198,2953.8,0.871211,0.302507,0.962763,1.048931
739584,2889,25.99,0.5198,2953.8,-0.408426,0.096048,0.979809,0.327707
739840,2890,25.99,0.5198,2953.8,0.207423,0.160758,0.954648,0.21545
740096,2891,25.99,0.5198,2953.8,0.652412,0.252158,0.9558,0.845154
740352,2892,25.99,0.5198,2953.8,-0.921639,0.130107,0.979267,0.741542
740608,2893,26.01,0.5202,2948.6,-0.037873,0.309266,0.915993,0.172203
740864,2894,26.01,0.5202,2948.6,-0.940636,0.137314,0.934299,0.870923
741120,2895,26.01,0.5202,2948.6,0.155434,0.262879,0.952295,0.243127
741376,2896,26.01,0.5202,2948.6,-0.183256,0.116591,0.920584,0.240524
741632,2897,26.01,0.5202,2948.6,-1.389654,0.237705,0.975422,1.147367
741888,2898,26.01,0.5202,2948.6,0.999771,0.215091,0.955578,1.004505
742144,2899,26.01,0.5202,2948.6,-1.944734,0.387591,0.958139,1.766991
742400,2900,26.01,0.5202,2948.6,1.029507,0.116195,0.976356,0.723665
742656,2901,26.01,0.5202,2948.6,-0.703125,0.133208,0.949375,0.737699
742912,2902,26.01,0.5202,2948.6,1.119118,0.510833,0.975358,1.564756
743168,2903,25.96,0.5192,2933.0,-0.474259,0.218489,0.944322,0.617891
743424,2904,25.96,0.5192,2933.0,-1.145925,0.133672,0.964336,0.898289
743680,2905,25.96,0.5192,2933.0,-0.003284,0.076085,0.934184,0.04689
743936,2906,25.96,0.5192,2933.0,-0.883902,0.160096,0.96945,0.819652
744192,2907,25.96,0.5192,2933.0,-1.249769,0.193165,0.981785,0.99516
744448,2908,25.96,0.5192,2933.0,-1.056908,0.121327,0.955472,0.751918
744704,2909,25.96,0.5192,2933.0,0.238923,0.159716,0.948844,0.290156
744960,2910,25.96,0.5192,2933.0,-0.25615,0.114516,0.937489,0.309765
745216,2911,25.96,0.5192,2933.0,1.182087,0.247956,0.997323,1.0782
745472,2912,25.96,0.5192,2933.0,0.062774,0.122817,0.977669,0.157207
745728,2913,25.91,0.5182,2927.8,0.245781,0.197397,0.968084,0.360481
745984,2914,25.91,0.5182,2927.8,0.049112,0.448583,0.969443,0.201139
746240,2915,25.91,0.5182,2927.8,0.448979,0.151575,0.964649,0.444802
746496,2916,25.91,0.5182,2927.8,0.847594,0.30881,0.991487,1.061786
746752,2917,25.91,0.5182,2927.8,0.518635,0.287261,0.967971,0.737438
747008,2918,25.91,0.5182,2927.8,0.801846,0.314328,0.977939,1.016312
747264,2919,25.91,0.5182,2927.8,0.623611,0.288635,0.97969,0.922234
747520,2920,25.91,0.5182,2927.8,0.794847,0.612659,0.978871,1.468165
747776,2921,25.91,0.5182,2927.8,0.619046,0.12487,1.001169,0.557738
748032,2922,25.91,0.5182,2927.8,0.505539,0.137416,0.976303,0.487484
748288,2923,25.91,0.5182,2914.7,-0.6374,0.372041,0.973579,0.987589
748544,2924,25.91,0.5182,2914.7,2.531637,1.458185,0.951887,3.467156
748800,2925,25.91,0.5182,2914.7,-2.290976,0.280094,0.96769,1.426584
749056,2926,25.91,0.5182,2914.7,0.826957,0.135598,0.958277,0.699254
749312,2927,25.91,0.5182,2914.7,1.36805,0.411199,0.949646,1.618885
749568,2928,25.91,0.5182,2914.7,0.324854,0.127261,0.94162,0.400268
749824,2929,25.91,0.5182,2914.7,0.718318,0.10258,0.986266,0.541528
750080,2930,25.91,0.5182,2914.7,0.014506,0.228115,0.947464,0.099514
750336,2931,25.91,0.5182,2914.7,-2.107732,0.447916,0.983756,1.883364
750592,2932,25.91,0.5182,2914.7,0.298297,0.148865,0.950822,0.341606
750848,2933,25.9,0.518,2899.9,-0.563416,0.416903,0.947054,1.193193
751104,2934,25.9,0.518,2899.9,0.797946,0.246829,0.969421,1.001893
751360,2935,25.9,0.518,2899.9,-0.365588,0.200527,0.965426,0.552615
751616,2936,25.9,0.518,2899.9,-1.483995,0.250803,0.988613,1.266703
751872,2937,25.9,0.518,2899.9,-0.762861,0.174213,0.94393,0.925343
752128,2938,25.9,0.518,2899.9,0.143537,0.313134,0.936693,0.259498
752384,2939,25.9,0.518,2899.9,0.834334,0.168566,0.967346,0.922662
752640,2940,25.9,0.518,2899.9,-0.319754,0.188016,0.911358,0.550898
752896,2941,25.9,0.518,2899.9,0.320296,0.129972,0.961186,0.358158
753152,2942,25.9,0.518,2899.9,-0.831828,0.163506,0.943055,0.934412
753408,2943,25.9,0.518,2899.9,-1.349552,0.274828,0.936837,1.49046
753664,2944,25.88,0.5176,2894.2,0.531163,0.502874,0.955048,1.070495
753920,2945,25.88,0.5176,2894.2,-0.268533,0.172329,0.964131,0.449013
754176,2946,25.88,0.5176,2894.2,-0.637096,0.196235,0.965719,0.801319
754432,2947,25.88,0.5176,2894.2,-0.604961,0.274842,0.939853,0.951316
754688,2948,25.88,0.5176,2894.2,-1.162081,0.144432,0.989562,0.882081
754944,2949,25.88,0.5176,2894.2,0.430098,0.267851,0.96313,0.716013
755200,2950,25.88,0.5176,2894.2,0.823742,0.225504,0.961856,0.970617
755456,2951,25.88,0.5176,2894.2,-0.716786,0.116398,0.944489,0.669267
755712,2952,25.88,0.5176,2894.2,-0.072671,0.117714,0.962792,0.095984
755968,2953,25.88,0.5176,2894.2,1.033375,0.216633,0.968474,1.038414
756224,2954,25.93,0.5186,2886.1,0.185818,0.354002,0.95084,0.518936
756480,2955,25.93,0.5186,2886.1,0.538468,0.19389,0.953778,0.698794
756736,2956,25.93,0.5186,2886.1,-0.806716,0.095476,0.951467,0.659005
756992,2957,25.93,0.5186,2886.1,-0.31942,0.186324,0.961767,0.426332
757248,2958,25.93,0.5186,2886.1,-1.967343,0.379345,0.96493,1.685719
757504,2959,25.93,0.5186,2886.1,-0.41695,0.341068,0.965029,0.722277
757760,2960,25.93,0.5186,2886.1,2.353716,1.099793,0.967342,2.968914
758016,2961,25.93,0.5186,2886.1,1.020744,0.281102,0.997537,1.134318
758272,2962,25.93,0.5186,2886.1,0.1933,0.198401,0.961953,0.420478
758528,2963,25.93,0.5186,2876.2,-0.489896,0.375813,0.969137,0.864171
758784,2964,25.93,0.5186,2876.2,-1.431329,0.182307,0.958693,1.070641
759040,2965,25.93,0.5186,2876.2,0.24666,0.116153,0.991906,0.259829
759296,2966,25.93,0.5186,2876.2,-0.959642,0.161555,0.949041,0.907493
759552,2967,25.93,0.5186,2876.2,-0.879208,0.149462,0.988752,0.770868
759808,2968,25.93,0.5186,2876.2,0.998423,0.176389,0.983079,0.861172
760064,2969,25.93,0.5186,2876.2,0.627157,0.257356,0.949087,0.928108
760320,2970,25.93,0.5186,2876.2,0.125809,0.114849,0.992619,0.115009
760576,2971,25.93,0.5186,2876.2,1.153308,0.226539,0.974721,1.148524
760832,2972,25.93,0.5186,2876.2,0.133381,0.190143,0.978337,0.183868
761088,2973,25.93,0.5186,2876.2,0.055196,0.178736,0.98765,0.13301
761344,2974,25.93,0.5186,2872.7,-0.89509,0.079469,0.982809,0.601436
761600,2975,25.93,0.5186,2872.7,0.453423,0.094191,0.969128,0.398471
761856,2976,25.93,0.5186,2872.7,-0.905132,0.169145,0.953008,0.900993
762112,2977,25.93,0.5186,2872.7,0.905339,0.245627,0.980197,0.982925
762368,2978,25.93,0.5186,2872.7,1.168076,0.282275,0.982605,1.230626
762624,2979,25.93,0.5186,2872.7,0.254956,0.339251,0.93991,0.596312
762880,2980,25.93,0.5186,2872.7,0.661782,0.450323,0.981695,1.102202
763136,2981,25.93,0.5186,2872.7,-0.378372,0.1398,0.981462,0.396718
763392,2982,25.93,0.5186,2872.7,-0.902924,0.197033,0.984481,0.909882
763648,2983,25.93,0.5186,2872.7,-1.061718,0.196447,0.944403,1.168759
763904,2984,25.99,0.5198,2870.0,0.795879,0.150676,0.970285,0.729301
764160,2985,25.99,0.5198,2870.0,0.032856,0.172348,1.001395,0.11604
764416,2986,25.99,0.5198,2870.0,-0.609741,0.123885,0.990084,0.581724
764672,2987,25.99,0.5198,2870.0,-0.859173,0.138519,1.006569,0.727516
764928,2988,25.99,0.5198,2870.0,-1.221903,0.278987,1.01386,1.188382
765184,2989,25.99,0.5198,2870.0,0.579609,0.118642,0.948967,0.641349
765440,2990,25.99,0.5198,2870.0,-0.72244,0.284385,0.957876,0.998915
765696,2991,25.99,0.5198,2870.0,0.685849,0.125228,0.986228,0.601398
765952,2992,25.99,0.5198,2870.0,-0.100319,0.123811,0.975828,0.131863
766208,2993,25.99,0.5198,2870.0,-2.318515,0.48681,0.975332,1.938414
766464,2994,25.99,0.5198,2870.0,-1.313351,0.236262,0.974207,1.172018
766720,2995,25.99,0.5198,2870.0,-1.531576,0.335572,0.986164,1.492393
766976,2996,25.95,0.519,2865.1,0.307201,0.091031,0.987498,0.262253
767232,2997,25.95,0.519,2865.1,-2.380513,0.342415,1.005109,1.627719
767488,2998,25.95,0.519,2865.1,0.050925,0.213164,0.967189,0.076788
767744,2999,25.95,0.519,2865.1,0.100636,0.232842,0.976797,0.150774
768000,3000,25.95,0.519,2865.1,-2.243167,0.299613,1.007899,1.370887
768256,3001,25.95,0.519,2865.1,-0.772091,0.287017,0.989694,0.947783
768512,3002,25.95,0.519,2865.1,-0.206012,0.293514,0.971611,0.334538
768768,3003,25.95,0.519,2865.1,1.451359,0.470859,0.985142,1.726163
769024,3004,25.95,0.519,2865.1,-1.287091,0.225231,0.968498,1.147804
769280,3005,25.95,0.519,2865.1,0.936481,1.42796,0.974643,2.475836
769536,3006,25.97,0.5194,2859.2,0.770243,0.633616,0.988636,1.408959
769792,3007,25.97,0.5194,2859.2,-2.617298,0.310489,1.003843,1.483778
770048,3008,25.97,0.5194,2859.2,0.641848,0.17372,1.005908,0.615613
770304,3009,25.97,0.5194,2859.2,-1.786292,0.267857,0.990916,1.324567
770560,3010,25.97,0.5194,2859.2,-0.457088,0.157668,1.001832,0.415731
770816,3011,25.97,0.5194,2859.2,-1.071549,0.084421,0.996686,0.583521
771072,3012,25.97,0.5194,2859.2,0.474625,0.266093,1.00538,0.637102
771328,3013,25.97,0.5194,2859.2,-1.267275,0.128801,0.987486,0.811729
771584,3014,25.97,0.5194,2859.2,1.097573,0.437088,0.963572,1.468143
771840,3015,25.97,0.5194,2859.2,-0.462748,0.061261,1.018179,0.271362
772096,3016,25.97,0.5194,2859.2,-0.189362,0.102045,0.998234,0.154183
772352,3017,25.97,0.5194,2859.2,0.900111,0.480128,0.985229,1.366671
772608,3018,25.96,0.5192,2859.0,-0.692266,0.260806,0.986582,0.872363
772864,3019,25.96,0.5192,2859.0,-1.687199,0.274945,1.000298,1.200356
773120,3020,25.96,0.5192,2859.0,0.541588,0.150226,0.996321,0.569069
773376,3021,25.96,0.5192,2859.0,1.595593,0.76643,0.986175,2.074083
773632,3022,25.96,0.5192,2859.0,-2.246253,0.322207,0.97784,1.441536
773888,3023,25.96,0.5192,2859.0,0.431471,0.094703,0.976841,0.389595
774144,3024,25.96,0.5192,2859.0,0.546665,0.22451,0.958585,0.70214
774400,3025,25.96,0.5192,2859.0,0.472967,0.194514,0.980935,0.599983
774656,3026,25.96,0.5192,2859.0,-0.004243,0.087498,0.970362,0.04408
774912,3027,25.96,0.5192,2859.0,-0.92845,0.135965,0.982341,0.825615
775168,3028,25.96,0.5192,2859.0,-0.511814,0.169484,0.985064,0.576948
775424,3029,25.88,0.5176,2852.4,-0.588454,0.238472,1.003193,0.678573
775680,3030,25.88,0.5176,2852.4,-0.28581,0.113519,0.994019,0.239936
775936,3031,25.88,0.5176,2852.4,-0.131922,0.238376,0.958928,0.206353
776192,3032,25.88,0.5176,2852.4,-0.014122,0.201775,0.954923,0.085952
776448,3033,25.88,0.5176,2852.4,-0.206703,0.07286,0.977732,0.155854
776704,3034,25.88,0.5176,2852.4,0.459263,0.398252,0.987099,0.658797
776960,3035,25.88,0.5176,2852.4,0.952123,0.379629,0.99308,1.10377
777216,3036,25.88,0.5176,2852.4,-0.465368,0.126371,0.997992,0.459109
777472,3037,25.88,0.5176,2852.4,0.546294,0.221277,0.996807,0.619507
777728,3038,25.88,0.5176,2852.4,0.153497,0.069342,0.984159,0.108611
777984,3039,25.88,0.5176,2852.4,-1.697342,0.214678,0.985816,1.114097
778240,3040,25.88,0.5176,2852.4,-1.026003,0.127972,0.967888,0.793036
778496,3041,25.85,0.517,2850.3,0.713219,0.174776,0.989615,0.672212
778752,3042,25.85,0.517,2850.3,-0.500088,0.078582,0.990216,0.319207
779008,3043,25.85,0.517,2850.3,0.107897,0.104443,1.016974,0.141084
779264,3044,25.85,0.517,2850.3,0.289606,0.635656,0.970261,0.76554
779520,3045,25.85,0.517,2850.3,-0.460361,0.148107,1.001788,0.440529
779776,3046,25.85,0.517,2850.3,0.572336,0.429046,0.992711,0.85718
780032,3047,25.85,0.517,2850.3,1.008681,0.169216,0.994175,0.779109
780288,3048,25.85,0.517,2850.3,1.001514,0.896246,0.997011,1.848289
780544,3049,25.85,0.517,2850.3,-2.068008,0.295058,0.975309,1.44354
780800,3050,25.85,0.517,2850.3,1.009128,0.218673,0.985532,0.92169
781056,3051,25.85,0.517,2850.3,-1.980784,0.284924,1.006743,1.284869
781312,3052,25.85,0.517,2850.3,-1.819204,0.292207,0.980436,1.303635
781568,3053,25.85,0.517,2849.0,0.060768,0.442636,0.975403,0.12286
781824,3054,25.85,0.517,2849.0,-0.326826,0.233781,0.983187,0.490858
782080,3055,25.85,0.517,2849.0,0.601443,0.187337,1.000774,0.570368
782336,3056,25.85,0.517,2849.0,0.239295,0.326935,1.003874,0.346101
782592,3057,25.85,0.517,2849.0,0.016929,0.257515,0.990272,0.073903
782848,3058,25.85,0.517,2849.0,1.148784,0.190724,0.984223,0.889478
783104,3059,25.85,0.517,2849.0,-0.988105,0.06722,1.000029,0.542866
783360,3060,25.85,0.517,2849.0,-1.181553,0.175411,0.991716,0.923649
783616,3061,25.85,0.517,2849.0,-1.472883,0.13234,1.013058,0.787101
783872,3062,25.85,0.517,2849.0,1.270682,0.826337,0.981345,1.974719
784128,3063,25.85,0.517,2849.0,1.43563,0.222888,0.974576,1.089199
784384,3064,25.85,0.517,2849.0,-0.028856,0.134291,1.004386,0.080588
784640,3065,25.89,0.5178,2850.1,0.68101,0.601463,0.976918,1.301891
784896,3066,25.89,0.5178,2850.1,0.544214,0.278697,0.995159,0.642355
785152,3067,25.89,0.5178,2850.1,0.095938,0.101354,1.00136,0.087089
785408,3068,25.89,0.5178,2850.1,-2.024619,0.313508,1.007192,1.359942
785664,3069,25.89,0.5178,2850.1,0.380487,0.454714,0.99231,0.608763
785920,3070,25.89,0.5178,2850.1,-0.773928,0.298146,1.003644,0.85901
786176,3071,25.89,0.5178,2850.1,-0.073814,0.067132,1.01281,0.077585
786432,3072,25.89,0.5178,2850.1,0.294192,0.139519,0.987124,0.275705
786688,3073,25.89,0.5178,2850.1,-0.664491,0.113688,0.988253,0.608427
786944,3074,25.89,0.5178,2850.1,-0.567565,0.258824,0.978905,0.767374
787200,3075,25.89,0.5178,2850.1,-1.100068,0.133709,1.012852,0.730546
787456,3076,25.89,0.5178,2850.1,-2.031487,0.326488,1.006595,1.366874
787712,3077,25.9,0.518,2850.9,0.636279,0.129181,1.012842,0.496558
787968,3078,25.9,0.518,2850.9,0.109671,0.113771,1.003577,0.098015
788224,3079,25.9,0.518,2850.9,-1.160457,0.18545,0.985226,0.917734
788480,3080,25.9,0.518,2850.9,0.822369,0.185871,1.015527,0.751797
788736,3081,25.9,0.518,2850.9,0.44785,0.231228,1.020571,0.526116
788992,3082,25.9,0.518,2850.9,-2.228972,0.335467,0.994623,1.422211
789248,3083,25.9,0.518,2850.9,0.968881,0.186204,1.009807,0.775732
789504,3084,25.9,0.518,2850.9,0.385962,0.336598,0.999117,0.586416
789760,3085,25.9,0.518,2850.9,1.106906,0.310298,0.975376,1.233003
790016,3086,25.9,0.518,2850.9,0.639175,0.147604,1.016484,0.536956
790272,3087,25.9,0.518,2850.9,-2.225243,0.324402,0.982476,1.466298
790528,3088,25.9,0.518,2850.9,-0.448451,0.190072,0.999089,0.503408
790784,3089,25.9,0.518,2850.9,-0.112232,0.09571,0.959262,0.095496
791040,3090,25.94,0.5188,2850.2,0.977405,0.839252,0.990444,1.848084
791296,3091,25.94,0.5188,2850.2,0.966822,0.461513,0.984415,1.370818
791552,3092,25.94,0.5188,2850.2,-0.367269,0.179636,0.987513,0.399044
791808,3093,25.94,0.5188,2850.2,0.190373,0.130467,0.984694,0.208034
792064,3094,25.94,0.5188,2850.2,0.397141,0.220154,0.989133,0.523213
792320,3095,25.94,0.5188,2850.2,-0.271174,0.238503,0.980379,0.365101
792576,3096,25.94,0.5188,2850.2,0.36258,0.088758,0.988246,0.322086
792832,3097,25.94,0.5188,2850.2,-1.840989,0.368255,0.94247,1.82351
793088,3098,25.94,0.5188,2850.2,0.820511,0.338585,1.002634,1.022427
793344,3099,25.93,0.5186,2840.5,-0.908241,0.282279,0.998242,1.05012
793600,3100,25.93,0.5186,2840.5,1.166139,0.281775,0.985242,1.202117
793856,3101,25.93,0.5186,2840.5,-1.807528,0.245548,0.990249,1.185717
794112,3102,25.93,0.5186,2840.5,0.20923,0.153276,0.974747,0.243378
794368,3103,25.93,0.5186,2840.5,-0.754561,0.167239,1.007527,0.622181
794624,3104,25.93,0.5186,2840.5,0.808956,0.302088,0.968335,1.09824
794880,3105,25.93,0.5186,2840.5,0.648996,0.280681,1.003814,0.829136
795136,3106,25.93,0.5186,2840.5,1.616463,0.470743,0.980271,1.711873
795392,3107,25.93,0.5186,2840.5,0.21584,0.082935,0.966783,0.16622
795648,3108,25.93,0.5186,2840.5,1.637735,1.191256,0.976384,2.852708
795904,3109,25.95,0.519,2833.6,-0.3981,0.205998,0.966217,0.555489
796160,3110,25.95,0.519,2833.6,-1.42665,0.288783,0.980809,1.314362
796416,3111,25.95,0.519,2833.6,0.32472,0.274384,0.98717,0.447054
796672,3112,25.95,0.519,2833.6,-1.511132,0.355053,0.948219,1.651207
796928,3113,25.95,0.519,2833.6,0.266849,0.124967,0.992325,0.249151
797184,3114,25.95,0.519,2833.6,0.068578,0.153288,0.961462,0.132373
797440,3115,25.95,0.519,2833.6,-0.278569,0.216479,0.98103,0.369389
797696,3116,25.95,0.519,2833.6,0.129645,0.0928,1.005077,0.117506
797952,3117,25.95,0.519,2833.6,0.701738,0.230427,1.004027,0.743772
798208,3118,25.95,0.519,2833.6,0.260861,0.074079,0.997064,0.226701
798464,3119,25.95,0.519,2833.6,0.342946,0.379986,0.993019,0.60737
798720,3120,25.95,0.519,2833.6,-0.832741,0.101424,0.974978,0.637481
798976,3121,25.95,0.519,2833.6,0.317688,0.19158,1.003016,0.340864
799232,3122,26.01,0.5202,2834.1,-0.468713,0.624229,0.987374,0.974682
799488,3123,26.01,0.5202,2834.1,0.00841,0.192281,0.98296,0.047499
799744,3124,26.01,0.5202,2834.1,-0.634567,0.272241,0.962854,0.937984
800000,3125,26.01,0.5202,2834.1,-0.368622,0.082464,0.952776,0.338683
800256,3126,26.01,0.5202,2834.1,0.224155,0.307041,0.98506,0.353772
800512,3127,26.01,0.5202,2834.1,-0.409895,0.07163,0.987822,0.285623
800768,3128,26.01,0.5202,2834.1,-0.086233,0.186326,0.957586,0.150907
801024,3129,26.01,0.5202,2834.1,0.24978,0.051854,0.989138,0.163092
801280,3130,26.01,0.5202,2834.1,-0.784908,0.102317,0.977078,0.656718
801536,3131,26.01,0.5202,2834.1,-1.430277,0.190957,0.990319,1.028957
801792,3132,26.01,0.5202,2834.1,0.425461,0.284937,0.979743,0.605277
802048,3133,25.95,0.519,2833.4,0.191993,0.423062,0.964226,0.434656
802304,3134,25.95,0.519,2833.4,1.139372,0.688587,0.983836,1.860705
802560,3135,25.95,0.519,2833.4,0.742171,0.134077,1.000627,0.631719
802816,3136,25.95,0.519,2833.4,-0.775517,0.152444,0.994448,0.666906
803072,3137,25.95,0.519,2833.4,0.028272,0.105468,0.967167,0.11251
803328,3138,25.95,0.519,2833.4,0.358835,0.232452,0.980017,0.490176
803584,3139,25.95,0.519,2833.4,0.12688,0.112207,0.991667,0.115706
803840,3140,25.95,0.519,2833.4,0.81348,0.66672,0.976865,1.605241
804096,3141,25.95,0.519,2833.4,-0.262883,0.135173,0.981525,0.294256
804352,3142,25.95,0.519,2833.4,0.185684,0.075545,0.987381,0.155811
804608,3143,25.99,0.5198,2822.6,1.006303,0.377578,0.974198,1.323733
804864,3144,25.99,0.5198,2822.6,0.108194,0.10547,0.989625,0.133932
805120,3145,25.99,0.5198,2822.6,-0.035541,0.166111,0.975918,0.115906
805376,3146,25.99,0.5198,2822.6,0.774591,0.279106,1.009328,0.97619
805632,3147,25.99,0.5198,2822.6,0.898747,0.23074,0.967625,1.079677
805888,3148,25.99,0.5198,2822.6,0.525911,0.130954,0.983762,0.515801
806144,3149,25.99,0.5198,2822.6,1.171217,0.283483,0.991528,1.221661
806400,3150,25.99,0.5198,2822.6,0.131788,0.135818,0.995674,0.144092
806656,3151,25.99,0.5198,2822.6,-1.141508,0.201613,0.984724,1.079002
806912,3152,25.99,0.5198,2822.6,0.750672,0.285277,0.95547,1.147399
807168,3153,25.99,0.5198,2822.6,-1.074301,0.224674,0.977346,1.082492
807424,3154,26.03,0.5206,2816.3,-1.444428,0.09783,0.980981,0.911299
807680,3155,26.03,0.5206,2816.3,-0.475667,0.152538,0.936585,0.59006
807936,3156,26.03,0.5206,2816.3,-0.384504,0.145064,0.957287,0.45461
808192,3157,26.03,0.5206,2816.3,-1.991712,0.370601,0.981625,1.868762
808448,3158,26.03,0.5206,2816.3,-1.504839,0.168341,0.951161,1.209134
808704,3159,26.03,0.5206,2816.3,-0.591502,0.136137,0.960377,0.679507
808960,3160,26.03,0.5206,2816.3,-2.353331,0.435893,0.987823,1.85997
809216,3161,26.03,0.5206,2816.3,1.470017,0.786114,0.980405,2.323609
809472,3162,26.03,0.5206,2816.3,-0.04069,0.281624,0.979623,0.126767
809728,3163,26.03,0.5206,2816.3,0.041515,0.129988,0.976433,0.077379
809984,3164,25.95,0.519,2817.0,-4.642516,0.965585,0.996976,2.934025
810240,3165,25.95,0.519,2817.0,0.058735,0.184783,0.998679,0.081167
810496,3166,25.95,0.519,2817.0,0.581842,0.133511,0.979473,0.574742
810752,3167,25.95,0.519,2817.0,0.226912,0.280033,1.014569,0.34906
811008,3168,25.95,0.519,2817.0,-1.374412,0.179508,1.019135,1.006932
811264,3169,25.95,0.519,2817.0,0.523546,0.134204,1.003592,0.487075
811520,3170,25.95,0.519,2817.0,0.156246,0.195943,0.99334,0.212077
811776,3171,25.95,0.519,2817.0,-0.869986,0.151272,0.999955,0.79238
812032,3172,25.95,0.519,2817.0,0.364346,0.176089,0.972745,0.482901
812288,3173,25.95,0.519,2817.0,0.328498,0.2211,1.010581,0.473249
812544,3174,25.95,0.519,2817.0,-2.14478,0.480072,0.989605,1.949935
812800,3175,25.94,0.5188,2810.5,-0.175646,0.109398,0.983841,0.182712
813056,3176,25.94,0.5188,2810.5,-0.811566,0.226527,0.992207,0.910249
813312,3177,25.94,0.5188,2810.5,0.719899,0.455399,0.981856,1.383966
813568,3178,25.94,0.5188,2810.5,0.188052,0.133509,1.004075,0.197707
813824,3179,25.94,0.5188,2810.5,-1.48215,0.196707,1.011286,1.058453
814080,3180,25.94,0.5188,2810.5,-0.184934,0.209314,1.0059,0.249952
814336,3181,25.94,0.5188,2810.5,0.213482,0.159366,1.008069,0.266732
814592,3182,25.94,0.5188,2810.5,0.684518,0.218071,1.022156,0.781663
814848,3183,25.94,0.5188,2810.5,-2.299441,0.354604,1.016829,1.634198
815104,3184,25.94,0.5188,2810.5,0.496745,0.174372,1.000557,0.602785
815360,3185,25.94,0.5188,2810.5,-1.740137,0.291043,1.003116,1.447236
815616,3186,25.86,0.5172,2800.9,-1.164244,0.451283,1.010661,1.530739
815872,3187,25.86,0.5172,2800.9,0.630203,0.300896,0.992018,1.081194
816128,3188,25.86,0.5172,2800.9,0.932433,0.162169,1.002594,0.804351
816384,3189,25.86,0.5172,2800.9,0.531828,0.227632,1.008964,0.671229
816640,3190,25.86,0.5172,2800.9,-1.324687,0.163013,1.012221,0.948348
816896,3191,25.86,0.5172,2800.9,0.882635,0.222436,1.004523,0.917706
817152,3192,25.86,0.5172,2800.9,-0.265527,0.11383,1.012525,0.237012
817408,3193,25.86,0.5172,2800.9,-0.198469,0.247296,0.997464,0.314199
817664,3194,25.86,0.5172,2800.9,-1.825351,0.263317,1.016852,1.344142
817920,3195,25.86,0.5172,2800.9,0.597151,0.135993,1.00702,0.548722
818176,3196,25.86,0.5172,2800.9,2.156901,0.593752,0.994127,2.119062
818432,3197,25.88,0.5176,2797.6,-0.520536,0.108384,0.995724,0.444013
818688,3198,25.88,0.5176,2797.6,-1.995862,0.178692,1.018903,1.101205
818944,3199,25.88,0.5176,2797.6,0.071519,0.093832,0.987098,0.077856
819200,3200,25.88,0.5176,2797.6,-2.14678,0.397824,1.010294,1.667896
819456,3201,25.88,0.5176,2797.6,-2.316321,0.380764,1.017054,1.596929
819712,3202,25.88,0.5176,2797.6,-3.280227,0.471168,1.002013,2.09652
819968,3203,25.88,0.5176,2797.6,0.988852,0.200951,0.994226,1.019701
820224,3204,25.88,0.5176,2797.6,1.019083,0.232084,0.998966,0.979229
820480,3205,25.88,0.5176,2797.6,0.058841,0.072083,0.992581,0.061501
820736,3206,25.88,0.5176,2797.6,0.552169,0.153789,0.976478,0.602744
820992,3207,25.88,0.5176,2797.6,-0.981521,0.267745,0.998928,1.056869
821248,3208,25.88,0.5176,2797.6,-1.337869,0.245296,0.993537,1.172179
821504,3209,25.82,0.5164,2800.6,-1.068338,0.453422,1.001626,1.474908
821760,3210,25.82,0.5164,2800.6,0.574389,0.178997,0.991029,0.636529
822016,3211,25.82,0.5164,2800.6,0.767618,0.423682,0.973893,1.241055
822272,3212,25.82,0.5164,2800.6,0.083555,0.09524,0.975007,0.096291
822528,3213,25.82,0.5164,2800.6,1.093822,0.406553,0.978435,1.443241
822784,3214,25.82,0.5164,2800.6,0.149523,0.169523,1.007288,0.167598
823040,3215,25.82,0.5164,2800.6,-0.64993,0.199693,0.965812,0.859114
823296,3216,25.82,0.5164,2800.6,-0.242242,0.083435,0.966561,0.220004
823552,3217,25.82,0.5164,2800.6,0.921846,0.457376,0.979213,1.365449
823808,3218,25.82,0.5164,2800.6,-0.294536,0.061617,0.967211,0.221132
824064,3219,25.82,0.5164,2800.6,0.219986,0.064383,0.988241,0.16683
824320,3220,25.82,0.5164,2800.6,0.629539,0.240022,0.974767,0.824472
824576,3221,25.84,0.5168,2799.1,0.833537,0.439961,0.9523,1.359112
824832,3222,25.84,0.5168,2799.1,-0.333956,0.142418,0.988198,0.356792
825088,3223,25.84,0.5168,2799.1,-0.946959,0.151448,0.983669,0.879323
825344,3224,25.84,0.5168,2799.1,0.573974,0.463073,0.960223,1.115853
825600,3225,25.84,0.5168,2799.1,-0.229518,0.132613,0.976677,0.227795
825856,3226,25.84,0.5168,2799.1,-0.207414,0.270348,0.947968,0.471505
826112,3227,25.84,0.5168,2799.1,-1.296904,0.276924,0.972467,1.341195
826368,3228,25.84,0.5168,2799.1,-0.77809,0.10558,0.973807,0.670504
826624,3229,25.84,0.5168,2799.1,0.908019,0.129203,0.969768,0.753714
826880,3230,25.84,0.5168,2799.1,0.071144,0.146408,0.960361,0.104049
827136,3231,25.84,0.5168,2799.1,-0.474641,0.095205,0.978759,0.405082
827392,3232,25.89,0.5178,2795.0,1.471119,0.662156,0.984273,1.977013
827648,3233,25.89,0.5178,2795.0,1.347707,0.317842,0.972671,1.38077
827904,3234,25.89,0.5178,2795.0,-0.119704,0.099709,0.963674,0.107271
828160,3235,25.89,0.5178,2795.0,-0.752991,0.237174,0.944865,1.038646
828416,3236,25.89,0.5178,2795.0,0.859688,0.516429,0.939982,1.659227
828672,3237,25.89,0.5178,2795.0,0.42133,0.256129,0.944053,0.650443
828928,3238,25.89,0.5178,2795.0,0.654035,0.551717,0.943573,1.364458
829184,3239,25.89,0.5178,2795.0,0.129613,0.087868,0.931361,0.140899
829440,3240,25.89,0.5178,2795.0,0.136073,0.159742,0.961187,0.278395
829696,3241,26.01,0.5202,2789.2,0.066229,0.317956,0.930042,0.134151
829952,3242,26.01,0.5202,2789.2,-0.061274,0.066534,0.988633,0.068891
830208,3243,26.01,0.5202,2789.2,0.528762,0.397479,0.965508,0.969888
830464,3244,26.01,0.5202,2789.2,0.935172,0.151508,0.921437,0.936267
830720,3245,26.01,0.5202,2789.2,0.023384,0.083955,0.934646,0.047629
830976,3246,26.01,0.5202,2789.2,-2.120336,0.312303,0.950132,1.636178
831232,3247,26.01,0.5202,2789.2,0.427506,0.134659,0.937493,0.499168
831488,3248,26.01,0.5202,2789.2,-1.138881,0.225086,0.943839,1.189697
831744,3249,26.01,0.5202,2789.2,-0.08659,0.142005,0.944589,0.147455
832000,3250,25.99,0.5198,2781.2,-0.134305,0.062534,0.966377,0.142824
832256,3251,25.99,0.5198,2781.2,0.279119,0.091114,0.96015,0.246566
832512,3252,25.99,0.5198,2781.2,-0.14691,0.144697,0.934924,0.256889
832768,3253,25.99,0.5198,2781.2,-1.427342,0.459987,0.919274,2.080115
833024,3254,25.99,0.5198,2781.2,-1.51742,0.521282,0.928733,2.148687
833280,3255,25.99,0.5198,2781.2,-0.062603,0.253197,0.956463,0.180722
833536,3256,25.99,0.5198,2781.2,-0.65531,0.096681,0.943866,0.542466
833792,3257,25.99,0.5198,2781.2,0.371139,0.224294,0.941447,0.603141
834048,3258,25.99,0.5198,2781.2,-0.809511,0.130506,0.944213,0.744363
834304,3259,25.99,0.5198,2781.2,-0.873994,0.21398,0.909014,1.221236
834560,3260,25.95,0.519,2780.1,-1.175443,0.314175,0.95951,1.358623
834816,3261,25.95,0.519,2780.1,0.41031,0.173823,0.944487,0.502965
835072,3262,25.95,0.519,2780.1,-0.564202,0.164443,0.915371,0.765532
835328,3263,25.95,0.519,2780.1,0.761371,0.296745,0.946994,1.022767
835584,3264,25.95,0.519,2780.1,-1.829467,0.474954,0.972607,1.874982
835840,3265,25.95,0.519,2780.1,-2.112602,0.461397,0.957443,2.069038
836096,3266,25.95,0.519,2780.1,0.792364,0.341186,0.946506,1.28533
836352,3267,25.95,0.519,2780.1,0.410952,0.169444,0.929816,0.576055
836608,3268,25.95,0.519,2780.1,-1.411165,0.356355,0.967152,1.491805
836864,3269,25.95,0.519,2780.1,-0.144308,0.21629,0.957194,0.251572
837120,3270,25.98,0.5196,2774.2,0.350016,0.484765,0.932425,0.840996
837376,3271,25.98,0.5196,2774.2,0.93557,0.172086,0.963937,0.912248
837632,3272,25.98,0.5196,2774.2,0.855379,0.332795,0.940267,1.26173
837888,3273,25.98,0.5196,2774.2,0.025125,0.108767,0.959981,0.071019
838144,3274,25.98,0.5196,2774.2,1.393986,0.211891,0.982273,1.171911
838400,3275,25.98,0.5196,2774.2,-2.035865,0.48744,0.930631,2.085026
838656,3276,25.98,0.5196,2774.2,-0.577005,0.091467,0.945162,0.499168
838912,3277,25.98,0.5196,2774.2,-0.906866,0.185132,0.953024,0.965709
839168,3278,25.98,0.5196,2774.2,1.315708,0.221021,0.942391,1.196099
839424,3279,25.98,0.5196,2774.2,-0.719758,0.214264,0.942488,0.940435
839680,3280,25.96,0.5192,2769.8,-0.664129,0.317548,0.969996,1.131341
839936,3281,25.96,0.5192,2769.8,0.091143,0.095658,0.986796,0.096415
840192,3282,25.96,0.5192,2769.8,-0.058066,0.159421,0.963511,0.103967
840448,3283,25.96,0.5192,2769.8,2.225037,0.739113,0.97027,2.432649
840704,3284,25.96,0.5192,2769.8,0.046451,0.150575,0.948581,0.107901
840960,3285,25.96,0.5192,2769.8,-0.377134,0.121314,0.950355,0.355013
841216,3286,25.96,0.5192,2769.8,-1.020055,0.137873,0.969179,0.799378
841472,3287,25.96,0.5192,2769.8,-0.249164,0.219824,0.958172,0.381559
841728,3288,25.96,0.5192,2769.8,-0.253523,0.081329,0.958662,0.225673
841984,3289,25.96,0.5192,2769.8,-0.790435,0.16039,0.963209,0.786416
842240,3290,25.96,0.5192,2769.8,-0.923643,0.092749,0.974332,0.621525
842496,3291,25.97,0.5194,2767.6,-0.0902,0.188998,0.980419,0.189541
842752,3292,25.97,0.5194,2767.6,0.511038,0.16291,0.953872,0.570318
843008,3293,25.97,0.5194,2767.6,1.121379,0.375882,0.979283,1.341405
843264,3294,25.97,0.5194,2767.6,1.216815,0.249148,0.984595,1.157702
843520,3295,25.97,0.5194,2767.6,0.455099,0.138622,0.995351,0.416303
843776,3296,25.97,0.5194,2767.6,1.004218,0.224406,0.982235,0.933238
844032,3297,25.97,0.5194,2767.6,-0.610077,0.233035,0.959887,0.812918
844288,3298,25.97,0.5194,2767.6,0.060338,0.06823,0.97854,0.046228
844544,3299,25.97,0.5194,2767.6,0.426265,0.211699,0.96043,0.590106
844800,3300,25.97,0.5194,2767.6,-0.41633,0.243665,0.996061,0.532451
845056,3301,25.94,0.5188,2766.4,1.302549,0.993329,0.955054,2.612132
845312,3302,25.94,0.5188,2766.4,-0.071337,0.064251,0.976608,0.073929
845568,3303,25.94,0.5188,2766.4,-0.72611,0.186938,0.974058,0.842646
845824,3304,25.94,0.5188,2766.4,0.021045,0.079135,1.001266,0.048061
846080,3305,25.94,0.5188,2766.4,-0.364319,0.17641,0.982792,0.38336
846336,3306,25.94,0.5188,2766.4,-0.487855,0.092358,0.979024,0.427912
846592,3307,25.94,0.5188,2766.4,0.603067,0.103791,0.998121,0.47867
846848,3308,25.94,0.5188,2766.4,-1.716886,0.155184,0.984112,0.956542
847104,3309,25.94,0.5188,2766.4,0.672696,0.385052,0.989837,0.958691
847360,3310,25.94,0.5188,2766.4,1.219572,0.392076,0.999616,1.355557
847616,3311,25.94,0.5188,2766.4,1.332011,1.0205,0.955873,2.59321
847872,3312,26.03,0.5206,2765.4,-1.046993,0.489435,1.003469,1.392595
848128,3313,26.03,0.5206,2765.4,-3.010498,0.308972,1.00896,1.517068
848384,3314,26.03,0.5206,2765.4,1.425197,0.284039,1.000473,1.213128
848640,3315,26.03,0.5206,2765.4,-1.250569,0.155258,1.002392,0.906429
848896,3316,26.03,0.5206,2765.4,0.217519,0.114701,0.994137,0.199858
849152,3317,26.03,0.5206,2765.4,-0.18186,0.191384,1.00874,0.273941
849408,3318,26.03,0.5206,2765.4,0.17559,0.088558,1.013263,0.212765
849664,3319,26.03,0.5206,2765.4,0.780785,0.243249,0.978896,0.927619
849920,3320,26.03,0.5206,2765.4,0.240789,0.22843,1.000665,0.363766
850176,3321,26.03,0.5206,2765.4,-2.235713,0.346101,1.006235,1.509721
850432,3322,26.03,0.5206,2765.4,-0.139595,0.068464,1.000541,0.126858
850688,3323,26.03,0.5206,2765.4,-0.160871,0.159694,1.000914,0.206791
850944,3324,25.99,0.5198,2770.1,-0.18025,0.124821,1.019982,0.215308
851200,3325,25.99,0.5198,2770.1,-0.45834,0.143275,1.009128,0.42016
851456,3326,25.99,0.5198,2770.1,-0.480844,0.295227,1.0187,0.605594
851712,3327,25.99,0.5198,2770.1,-0.102425,0.057072,0.99885,0.120344
851968,3328,25.99,0.5198,2770.1,0.062873,0.130204,0.982884,0.093185
852224,3329,25.99,0.5198,2770.1,0.968061,0.317598,1.008073,1.082317
852480,3330,25.99,0.5198,2770.1,0.028399,0.064847,1.019462,0.06953
852736,3331,25.99,0.5198,2770.1,-0.599889,0.142485,0.995552,0.568581
852992,3332,25.99,0.5198,2770.1,-0.127158,0.200757,1.012937,0.16646
853248,3333,25.99,0.5198,2770.1,-0.80423,0.106073,1.014233,0.622628
853504,3334,25.99,0.5198,2770.1,0.95957,0.264003,1.014688,0.946325
853760,3335,25.94,0.5188,2769.6,-1.045044,0.610826,1.002881,1.514331
854016,3336,25.94,0.5188,2769.6,0.191358,0.082536,1.011546,0.158564
854272,3337,25.94,0.5188,2769.6,0.524765,0.213083,0.994626,0.609466
854528,3338,25.94,0.5188,2769.6,1.195547,0.375454,1.002464,1.319829
854784,3339,25.94,0.5188,2769.6,0.324827,0.090208,0.99656,0.282727
855040,3340,25.94,0.5188,2769.6,-0.405253,0.193718,1.009233,0.471835
855296,3341,25.94,0.5188,2769.6,0.412749,0.133326,1.019127,0.381572
855552,3342,25.94,0.5188,2769.6,0.984464,0.397834,0.989738,1.306683
855808,3343,25.94,0.5188,2769.6,-0.20669,0.081904,1.012821,0.175676
856064,3344,25.94,0.5188,2769.6,-1.362322,0.161663,1.005255,0.895701
856320,3345,25.88,0.5176,2767.8,0.106232,0.065085,1.012467,0.089961
856576,3346,25.88,0.5176,2767.8,-0.090481,0.092558,1.000088,0.159209
856832,3347,25.88,0.5176,2767.8,-0.120331,0.059755,0.999988,0.091552
857088,3348,25.88,0.5176,2767.8,0.777917,0.337577,1.016948,1.001489
857344,3349,25.88,0.5176,2767.8,0.665087,0.309699,1.026273,0.788418
857600,3350,25.88,0.5176,2767.8,0.228159,0.127244,1.014853,0.238622
857856,3351,25.88,0.5176,2767.8,-1.182314,0.085795,1.023907,0.663702
858112,3352,25.88,0.5176,2767.8,0.142113,0.268075,0.989398,0.255648
858368,3353,25.88,0.5176,2767.8,-1.517958,0.281162,1.010532,1.331421
858624,3354,25.88,0.5176,2767.8,0.067377,0.078665,1.027512,0.075619
858880,3355,25.84,0.5168,2769.0,0.669432,0.262532,1.022454,0.865933
859136,3356,25.84,0.5168,2769.0,0.450912,0.097137,1.012824,0.357108
859392,3357,25.84,0.5168,2769.0,-0.567745,0.210269,1.0259,0.625108
859648,3358,25.84,0.5168,2769.0,0.663024,0.156673,1.00793,0.700608
859904,3359,25.84,0.5168,2769.0,0.236561,0.151233,1.016096,0.265282
860160,3360,25.84,0.5168,2769.0,-0.596244,0.078413,1.005599,0.4286
860416,3361,25.84,0.5168,2769.0,0.373459,0.095334,1.023327,0.281262
860672,3362,25.84,0.5168,2769.0,-0.327085,0.113869,1.032056,0.294696
860928,3363,25.84,0.5168,2769.0,-2.19066,0.384715,1.016272,1.580521
861184,3364,25.84,0.5168,2769.0,-1.294946,0.294494,1.016151,1.25034
861440,3365,25.84,0.5168,2769.0,0.439771,0.540553,1.004664,0.862712
861696,3366,25.84,0.5168,2769.0,-0.68013,0.133176,1.014309,0.590581
861952,3367,25.8,0.516,2773.8,-0.112043,0.150227,1.013594,0.146786
862208,3368,25.8,0.516,2773.8,-0.658563,0.185168,0.996601,0.738933
862464,3369,25.8,0.516,2773.8,0.455655,0.182589,1.010009,0.492891
862720,3370,25.8,0.516,2773.8,1.698705,0.493173,1.010667,1.851143
862976,3371,25.8,0.516,2773.8,-1.603251,0.174342,1.036722,1.006683
863232,3372,25.8,0.516,2773.8,0.645067,0.112252,1.025094,0.5084
863488,3373,25.8,0.516,2773.8,-0.659181,0.123818,1.022036,0.528719
863744,3374,25.8,0.516,2773.8,-1.671719,0.237174,1.023566,1.201464
864000,3375,25.8,0.516,2773.8,0.822306,0.593683,1.013973,1.407179
864256,3376,25.8,0.516,2773.8,-1.896325,0.275934,1.032164,1.249109
864512,3377,25.8,0.516,2773.8,3.166985,0.962788,1.025917,2.535988
864768,3378,25.8,0.516,2778.2,-1.555439,0.313323,1.010447,1.338916
865024,3379,25.8,0.516,2778.2,-1.014804,0.140636,1.030531,0.713388
865280,3380,25.8,0.516,2778.2,-0.693815,0.113526,1.007683,0.577873
865536,3381,25.8,0.516,2778.2,-0.626423,0.109636,1.026623,0.508755
865792,3382,25.8,0.516,2778.2,-0.168947,0.173028,1.008703,0.179934
866048,3383,25.8,0.516,2778.2,0.46102,0.061296,1.032381,0.279042
866304,3384,25.8,0.516,2778.2,0.230349,0.064812,1.010121,0.160171
866560,3385,25.8,0.516,2778.2,0.464187,0.090168,1.025525,0.337097
866816,3386,25.8,0.516,2778.2,-0.912916,0.123503,1.028086,0.640742
867072,3387,25.8,0.516,2778.2,-1.103958,0.175924,1.025655,0.823576
867328,3388,25.8,0.516,2778.2,-0.177218,0.264945,1.027928,0.238998
867584,3389,25.8,0.516,2778.2,-0.623008,0.123322,1.019305,0.485421
867840,3390,25.8,0.516,2778.2,-0.44909,0.160798,1.024031,0.433429
868096,3391,25.8,0.516,2778.2,-0.819563,0.096089,1.03363,0.499791
868352,3392,25.81,0.5162,2788.6,-0.514894,0.123272,1.03068,0.396676
868608,3393,25.81,0.5162,2788.6,-0.472435,0.117789,1.03387,0.345587
868864,3394,25.81,0.5162,2788.6,1.085737,0.273187,1.023908,0.993647
869120,3395,25.81,0.5162,2788.6,0.338773,0.12977,1.03419,0.291132
869376,3396,25.81,0.5162,2788.6,0.842966,0.143705,1.032621,0.608941
869632,3397,25.81,0.5162,2788.6,-1.178981,0.164372,1.031824,0.78384
869888,3398,25.81,0.5162,2788.6,0.002828,0.119358,1.018762,0.082582
870144,3399,25.81,0.5162,2788.6,1.298209,0.592824,1.032146,1.541091
870400,3400,25.81,0.5162,2788.6,0.550085,0.073384,1.037888,0.332376
870656,3401,25.81,0.5162,2788.6,0.016569,0.184287,1.030459,0.079121
870912,3402,25.81,0.5162,2788.6,0.533548,0.184911,1.031149,0.491986
871168,3403,25.81,0.5162,2788.6,0.901522,0.126169,1.052899,0.552177
871424,3404,25.81,0.5162,2788.6,0.59285,0.138924,1.033769,0.47787
871680,3405,25.85,0.517,2800.3,-1.06071,0.185155,1.03986,0.768181
871936,3406,25.85,0.517,2800.3,1.192407,0.982123,1.021804,1.960321
872192,3407,25.85,0.517,2800.3,-0.454349,0.105133,1.036951,0.311174
872448,3408,25.85,0.517,2800.3,1.23577,0.355488,1.030065,1.14402
872704,3409,25.85,0.517,2800.3,-0.033842,0.184911,1.034534,0.110862
872960,3410,25.85,0.517,2800.3,0.889182,0.226576,1.033155,0.808684
873216,3411,25.85,0.517,2800.3,2.037524,0.508501,1.029772,1.641663
873472,3412,25.85,0.517,2800.3,-0.425045,0.208961,1.028672,0.44382
873728,3413,25.85,0.517,2800.3,-0.463098,0.066652,1.041393,0.295729
873984,3414,25.85,0.517,2800.3,-0.484876,0.074818,1.041143,0.292991
874240,3415,25.85,0.517,2800.3,-0.776012,0.066521,1.035928,0.377593
874496,3416,25.85,0.517,2800.3,0.803354,0.329347,1.024598,1.002051
874752,3417,25.85,0.517,2806.7,-1.923369,0.43592,1.014746,1.612835
875008,3418,25.85,0.517,2806.7,-0.238024,0.091862,1.042055,0.179691
875264,3419,25.85,0.517,2806.7,0.836109,0.191589,1.033764,0.705653
875520,3420,25.85,0.517,2806.7,-0.982339,0.070924,1.022232,0.522612
875776,3421,25.85,0.517,2806.7,0.64765,0.21074,1.036558,0.572749
876032,3422,25.85,0.517,2806.7,2.885879,0.909893,1.019849,2.36557
876288,3423,25.85,0.517,2806.7,0.5356,0.085336,1.027913,0.337959
876544,3424,25.85,0.517,2806.7,0.873606,0.495061,1.015828,1.242316
876800,3425,25.85,0.517,2806.7,-1.40977,0.225289,1.032712,0.957978
877056,3426,25.85,0.517,2806.7,-2.932604,0.178565,1.05596,1.16597
877312,3427,25.85,0.517,2806.7,1.443683,0.211362,1.042329,0.938445
877568,3428,25.85,0.517,2806.7,-0.656079,0.146169,1.037868,0.508093
877824,3429,25.85,0.517,2806.7,0.010733,0.051984,1.036273,0.063208
878080,3430,25.85,0.517,2806.7,2.63504,0.850978,1.036573,2.187673
878336,3431,25.85,0.517,2806.7,0.712217,0.183397,1.029353,0.632253
878592,3432,25.92,0.5184,2821.1,-0.422872,0.397114,1.038378,0.612859
878848,3433,25.92,0.5184,2821.1,0.258373,0.085103,1.025449,0.178609
879104,3434,25.92,0.5184,2821.1,-0.24981,0.193635,1.02346,0.320407
879360,3435,25.92,0.5184,2821.1,0.568774,0.250805,1.029415,0.672104
879616,3436,25.92,0.5184,2821.1,0.118241,0.188719,1.02035,0.156777
879872,3437,25.92,0.5184,2821.1,1.68109,0.265131,1.028065,1.129038
880128,3438,25.92,0.5184,2821.1,-0.733986,0.084859,1.016696,0.460216
880384,3439,25.92,0.5184,2821.1,-0.51278,0.080881,1.02711,0.338962
880640,3440,25.92,0.5184,2821.1,-1.434444,0.299397,1.019947,1.228851
880896,3441,25.92,0.5184,2821.1,-0.47731,0.113464,0.998434,0.466917
881152,3442,25.92,0.5184,2821.1,0.512873,0.09605,1.031162,0.370005
881408,3443,25.92,0.5184,2821.1,0.732417,0.271611,1.005611,0.849619
881664,3444,25.95,0.519,2828.4,0.337254,0.521851,1.020485,0.593151
881920,3445,25.95,0.519,2828.4,-1.629611,0.26452,1.019624,1.125141
882176,3446,25.95,0.519,2828.4,1.501983,1.199545,1.014984,2.478018
882432,3447,25.95,0.519,2828.4,0.420537,0.051287,1.013291,0.256764
882688,3448,25.95,0.519,2828.4,0.303915,0.367302,1.012941,0.481334
882944,3449,25.95,0.519,2828.4,0.301602,0.189141,1.016109,0.329129
883200,3450,25.95,0.519,2828.4,0.224598,0.050603,1.008989,0.146094
883456,3451,25.95,0.519,2828.4,1.23565,0.584145,0.993235,1.730414
883712,3452,25.95,0.519,2828.4,-1.687005,0.301499,1.020549,1.269932
883968,3453,25.95,0.519,2828.4,-2.008739,0.315474,1.010494,1.414146
884224,3454,25.95,0.519,2828.4,-1.202048,0.165957,1.005528,0.915545
884480,3455,25.91,0.5182,2831.7,0.238392,0.125669,0.998093,0.231254
884736,3456,25.91,0.5182,2831.7,-0.486572,0.062707,0.997914,0.290535
884992,3457,25.91,0.5182,2831.7,0.641384,0.100406,1.034524,0.41837
885248,3458,25.91,0.5182,2831.7,0.629098,0.118156,1.006281,0.508866
885504,3459,25.91,0.5182,2831.7,-0.310522,0.147774,1.021523,0.342169
885760,3460,25.91,0.5182,2831.7,0.961464,0.268816,1.007601,0.991013
886016,3461,25.91,0.5182,2831.7,-1.243996,0.219859,1.021744,1.126836
886272,3462,25.91,0.5182,2831.7,-1.610185,0.32881,1.003275,1.439743
886528,3463,25.91,0.5182,2831.7,0.370557,0.087406,1.013819,0.271608
886784,3464,25.91,0.5182,2831.7,1.460107,0.179155,1.016213,0.910297
887040,3465,25.91,0.5182,2831.7,-1.344082,0.092338,1.016226,0.678716
887296,3466,25.91,0.5182,2831.7,-0.879005,0.098594,1.009991,0.580683
887552,3467,25.91,0.5182,2831.7,1.506292,0.517803,1.018623,1.592627
887808,3468,25.97,0.5194,2841.4,-0.848194,0.186191,1.013014,0.783802
888064,3469,25.97,0.5194,2841.4,0.527173,0.276589,1.026074,0.638177
888320,3470,25.97,0.5194,2841.4,-0.636729,0.068491,1.022215,0.370807
888576,3471,25.97,0.5194,2841.4,-1.589539,0.357381,1.009741,1.47924
888832,3472,25.97,0.5194,2841.4,-0.682812,0.07451,1.028441,0.399404
889088,3473,25.97,0.5194,2841.4,0.944629,0.416033,1.009714,1.183323
889344,3474,25.97,0.5194,2841.4,0.552078,0.268309,1.022971,0.714125
889600,3475,25.97,0.5194,2841.4,0.24691,0.266445,1.005202,0.347397
889856,3476,25.97,0.5194,2841.4,0.110228,0.075422,1.017855,0.112072
890112,3477,25.97,0.5194,2841.4,0.133354,0.177575,1.029288,0.177078
890368,3478,25.97,0.5194,2841.4,0.164908,0.219299,1.018326,0.213412
890624,3479,25.97,0.5194,2841.4,0.843191,0.391652,1.012987,1.125271
890880,3480,25.92,0.5184,2849.2,0.135197,0.087273,1.021599,0.107216
891136,3481,25.92,0.5184,2849.2,1.636462,0.549299,1.018679,1.698311
891392,3482,25.92,0.5184,2849.2,0.324802,0.179137,1.019085,0.356317
891648,3483,25.92,0.5184,2849.2,-1.628207,0.23206,1.018817,1.133788
891904,3484,25.92,0.5184,2849.2,-1.618019,0.253335,1.021137,1.244821
892160,3485,25.92,0.5184,2849.2,-0.066529,0.087523,1.01661,0.077755
892416,3486,25.92,0.5184,2849.2,0.902056,0.986488,1.004615,1.918272
892672,3487,25.92,0.5184,2849.2,0.704952,0.156021,1.00118,0.68764
892928,3488,25.92,0.5184,2849.2,0.379818,0.075858,1.030606,0.270794
893184,3489,25.92,0.5184,2849.2,-0.218533,0.179374,1.013311,0.307602
893440,3490,25.92,0.5184,2849.2,-0.52299,0.157764,1.045029,0.473026
893696,3491,25.92,0.5184,2849.2,-0.08885,0.050615,1.029538,0.08278
893952,3492,25.92,0.5184,2849.2,-1.891695,0.401616,1.013084,1.577786
894208,3493,25.99,0.5198,2853.8,0.478859,0.147658,0.999199,0.512704
894464,3494,25.99,0.5198,2853.8,0.412631,0.06752,1.025207,0.279563
894720,3495,25.99,0.5198,2853.8,0.09741,0.14941,1.033748,0.155745
894976,3496,25.99,0.5198,2853.8,0.26991,0.162657,1.012623,0.31011
895232,3497,25.99,0.5198,2853.8,0.026947,0.049152,1.017634,0.061245
895488,3498,25.99,0.5198,2853.8,-0.20015,0.080803,1.017866,0.172952
895744,3499,25.99,0.5198,2853.8,0.758204,0.285942,0.998132,1.012466
896000,3500,25.99,0.5198,2853.8,-1.162775,0.257325,1.000489,1.148149
896256,3501,25.99,0.5198,2853.8,0.426072,0.07905,1.017571,0.307988
896512,3502,25.99,0.5198,2853.8,-0.069151,0.174367,1.024779,0.106786
896768,3503,25.99,0.5198,2853.8,0.402671,0.223314,1.028739,0.464451
897024,3504,25.99,0.5198,2853.8,-1.374886,0.239143,1.029905,1.085003
897280,3505,25.99,0.5198,2853.8,-1.442919,0.17496,1.017545,0.969973
897536,3506,25.93,0.5186,2865.7,-0.835959,0.626397,0.990821,1.676912
897792,3507,25.93,0.5186,2865.7,0.00641,0.287016,1.003691,0.068147
898048,3508,25.93,0.5186,2865.7,0.005224,0.116214,1.017554,0.049231
898304,3509,25.93,0.5186,2865.7,-1.418736,0.113681,1.011698,0.791857
898560,3510,25.93,0.5186,2865.7,-2.359914,0.422172,1.023323,1.727616
898816,3511,25.93,0.5186,2865.7,-0.40151,0.070464,1.017628,0.273451
899072,3512,25.93,0.5186,2865.7,-0.089659,0.139225,1.01397,0.093347
899328,3513,25.93,0.5186,2865.7,0.243489,0.219863,1.02756,0.320784
899584,3514,25.93,0.5186,2865.7,0.248882,0.369963,1.01143,0.445585
899840,3515,25.93,0.5186,2865.7,-0.132771,0.065725,1.028911,0.095688
900096,3516,25.93,0.5186,2865.7,0.235442,0.207605,1.010329,0.307709
900352,3517,25.93,0.5186,2865.7,0.788591,0.270552,1.010334,0.928826
900608,3518,25.93,0.5186,2873.3,-0.258531,0.088698,1.01652,0.236742
900864,3519,25.93,0.5186,2873.3,0.910112,0.44846,1.000945,1.41656
901120,3520,25.93,0.5186,2873.3,-1.336664,0.107672,1.0073,0.751478
901376,3521,25.93,0.5186,2873.3,0.204368,0.092184,1.021757,0.174292
901632,3522,25.93,0.5186,2873.3,-0.973686,0.129688,1.022407,0.68799
901888,3523,25.93,0.5186,2873.3,1.288972,0.268451,1.021318,1.14542
902144,3524,25.93,0.5186,2873.3,-2.264129,0.443755,1.019597,1.731298
902400,3525,25.93,0.5186,2873.3,-1.003864,0.115268,1.038728,0.660494
902656,3526,25.93,0.5186,2873.3,0.382216,0.221391,1.031371,0.473004
902912,3527,25.93,0.5186,2873.3,-1.881486,0.37664,1.015637,1.512339
903168,3528,25.93,0.5186,2873.3,0.415692,0.070505,1.00962,0.277342
903424,3529,25.93,0.5186,2873.3,0.567644,0.110889,1.021836,0.462154
903680,3530,25.84,0.5168,2881.8,0.623529,0.134597,1.01675,0.559567
903936,3531,25.84,0.5168,2881.8,0.597175,0.141855,1.002646,0.519034
904192,3532,25.84,0.5168,2881.8,-0.265684,0.084073,1.016992,0.223049
904448,3533,25.84,0.5168,2881.8,-0.107738,0.135055,1.031132,0.144
904704,3534,25.84,0.5168,2881.8,-1.269592,0.116326,1.003942,0.747445
904960,3535,25.84,0.5168,2881.8,-2.330935,0.24033,1.038695,1.241575
905216,3536,25.84,0.5168,2881.8,-1.313567,0.128464,1.008834,0.81495
905472,3537,25.84,0.5168,2881.8,0.215213,0.100339,1.002388,0.197182
905728,3538,25.84,0.5168,2881.8,0.125756,0.122789,0.999349,0.134828
905984,3539,25.84,0.5168,2881.8,-2.02718,0.442816,1.005798,1.680801
906240,3540,25.84,0.5168,2881.8,0.547415,0.08827,1.017826,0.395991
906496,3541,25.84,0.5168,2881.8,-0.357401,0.120122,1.007663,0.317472
906752,3542,25.84,0.5168,2881.8,0.115076,0.081674,1.007754,0.122942
907008,3543,25.84,0.5168,2881.8,-1.944613,0.277193,1.024705,1.235875
907264,3544,25.83,0.5166,2893.1,-0.51099,0.165729,1.00954,0.530617
907520,3545,25.83,0.5166,2893.1,-2.853244,0.394688,1.020695,1.713271
907776,3546,25.83,0.5166,2893.1,0.407048,0.179771,1.004221,0.467185
908032,3547,25.83,0.5166,2893.1,0.260713,0.058444,1.01,0.204774
908288,3548,25.83,0.5166,2893.1,-0.033072,0.07528,1.025324,0.044186
908544,3549,25.83,0.5166,2893.1,-1.776841,0.323578,1.017973,1.319684
908800,3550,25.83,0.5166,2893.1,-0.875051,0.094519,1.026057,0.520564
909056,3551,25.83,0.5166,2893.1,-0.646182,0.207832,1.021603,0.653897
909312,3552,25.83,0.5166,2893.1,-1.71941,0.362315,1.016106,1.399023
909568,3553,25.83,0.5166,2893.1,0.20264,0.17582,0.998576,0.240036
909824,3554,25.83,0.5166,2893.1,-0.665927,0.071342,1.022543,0.391845
910080,3555,25.83,0.5166,2893.1,0.815624,0.667266,0.999932,1.50224
910336,3556,25.83,0.5166,2893.1,0.985979,0.250531,1.023533,0.908665
910592,3557,25.79,0.5158,2899.6,0.663215,0.130004,1.024508,0.496733
910848,3558,25.79,0.5158,2899.6,-0.635382,0.084025,1.003753,0.418039
911104,3559,25.79,0.5158,2899.6,0.349657,0.119413,1.00678,0.356024
911360,3560,25.79,0.5158,2899.6,0.20534,0.150642,1.013462,0.208348
911616,3561,25.79,0.5158,2899.6,-0.16908,0.170574,1.020732,0.208029
911872,3562,25.79,0.5158,2899.6,-0.425386,0.110618,1.000474,0.349222
912128,3563,25.79,0.5158,2899.6,-1.099437,0.260106,1.020117,0.969858
912384,3564,25.79,0.5158,2899.6,0.886492,0.303373,1.008314,0.932129
912640,3565,25.79,0.5158,2899.6,0.984167,0.301103,1.003707,0.972509
912896,3566,25.79,0.5158,2899.6,1.590397,0.221905,1.007157,1.070847
913152,3567,25.79,0.5158,2899.6,0.513496,0.082805,1.014501,0.385502
913408,3568,25.79,0.5158,2902.8,0.828358,0.151253,1.00501,0.664581
913664,3569,25.79,0.5158,2902.8,0.624931,0.196669,1.00564,0.675164
913920,3570,25.79,0.5158,2902.8,0.535596,0.161581,1.016246,0.511652
914176,3571,25.79,0.5158,2902.8,1.410324,0.408053,1.024052,1.296267
914432,3572,25.79,0.5158,2902.8,1.20313,0.422557,1.0203,1.33421
914688,3573,25.79,0.5158,2902.8,0.859728,0.229847,0.994931,0.840678
914944,3574,25.79,0.5158,2902.8,0.088504,0.204745,1.019309,0.147401
915200,3575,25.79,0.5158,2902.8,0.006155,0.092668,1.025383,0.033951
915456,3576,25.79,0.5158,2902.8,-0.725628,0.06333,1.00194,0.443079
915712,3577,25.79,0.5158,2902.8,-1.678174,0.406364,0.981596,1.61323
915968,3578,25.79,0.5158,2902.8,-0.041933,0.151385,0.975328,0.197708
916224,3579,25.79,0.5158,2902.8,0.063709,0.075644,1.01317,0.057773
916480,3580,25.78,0.5156,2906.5,0.481787,0.182486,1.007705,0.485051
916736,3581,25.78,0.5156,2906.5,-1.324569,0.19312,1.015929,0.954579
916992,3582,25.78,0.5156,2906.5,-0.502848,0.175066,0.997378,0.567642
917248,3583,25.78,0.5156,2906.5,0.894263,0.209959,1.015764,0.789046
917504,3584,25.78,0.5156,2906.5,-1.522438,0.130804,1.010921,0.836995
917760,3585,25.78,0.5156,2906.5,0.120793,0.148452,0.989688,0.134982
918016,3586,25.78,0.5156,2906.5,-0.598219,0.161432,1.018835,0.555431
918272,3587,25.78,0.5156,2906.5,-1.377149,0.158848,1.021002,0.992099
918528,3588,25.78,0.5156,2906.5,-0.28266,0.317866,1.015346,0.425485
918784,3589,25.78,0.5156,2906.5,0.802266,0.396506,1.007153,1.094207
919040,3590,25.78,0.5156,2906.5,0.799458,0.20766,1.007495,0.768693
919296,3591,25.78,0.5156,2906.5,2.522913,0.417705,0.99715,1.735636
919552,3592,25.77,0.5154,2910.1,-1.376856,0.329217,1.011544,1.280197
919808,3593,25.77,0.5154,2910.1,0.1321,0.430838,1.004355,0.279217
920064,3594,25.77,0.5154,2910.1,0.58938,0.11642,1.022394,0.454369
920320,3595,25.77,0.5154,2910.1,-2.097203,0.330217,1.02478,1.473504
920576,3596,25.77,0.5154,2910.1,0.25981,0.211017,1.013841,0.345243
920832,3597,25.77,0.5154,2910.1,0.342976,0.149683,1.01825,0.363944
921088,3598,25.77,0.5154,2910.1,0.357009,0.208165,1.037052,0.412364
921344,3599,25.77,0.5154,2910.1,-0.151859,0.117894,1.023565,0.157958
921600,3600,25.77,0.5154,2910.1,1.098763,0.130152,1.019267,0.733668
921856,3601,25.77,0.5154,2910.1,-2.801666,0.231033,1.034074,1.326789
922112,3602,25.77,0.5154,2910.1,-3.044719,0.414438,1.00833,1.801009
922368,3603,25.77,0.5154,2910.1,-0.11066,0.092103,1.023378,0.117271
922624,3604,25.73,0.5146,2914.4,1.227742,0.361165,1.023552,1.419021
922880,3605,25.73,0.5146,2914.4,0.382221,0.137869,1.02941,0.363424
923136,3606,25.73,0.5146,2914.4,-1.860172,0.358549,1.031735,1.417014
923392,3607,25.73,0.5146,2914.4,-2.200229,0.323365,1.031801,1.487313
923648,3608,25.73,0.5146,2914.4,-0.594533,0.110865,1.012437,0.502768
923904,3609,25.73,0.5146,2914.4,0.303432,0.141464,1.012039,0.300008
924160,3610,25.73,0.5146,2914.4,-1.036522,0.162661,1.029612,0.83228
924416,3611,25.73,0.5146,2914.4,0.8727,0.173841,1.011751,0.793914
924672,3612,25.73,0.5146,2914.4,-0.895982,0.136899,1.021333,0.673455
924928,3613,25.73,0.5146,2914.4,1.164972,0.432635,1.029374,1.387158
925184,3614,25.73,0.5146,2914.4,-0.651287,0.106102,1.027779,0.455164
925440,3615,25.73,0.5146,2914.4,0.839317,0.335257,1.026201,0.993848
925696,3616,25.71,0.5142,2916.4,-1.107095,0.358316,1.030182,1.167899
925952,3617,25.71,0.5142,2916.4,0.08043,0.062443,1.024368,0.052183
926208,3618,25.71,0.5142,2916.4,-1.627344,0.190906,1.011807,1.050159
926464,3619,25.71,0.5142,2916.4,-0.515293,0.152664,1.024144,0.535326
926720,3620,25.71,0.5142,2916.4,0.458085,0.111133,1.039042,0.372811
926976,3621,25.71,0.5142,2916.4,1.861785,0.63914,1.010896,2.077253
927232,3622,25.71,0.5142,2916.4,0.34725,0.200595,0.999659,0.533584
927488,3623,25.71,0.5142,2916.4,-0.469097,0.318867,1.012808,0.698493
927744,3624,25.71,0.5142,2916.4,2.564331,0.623555,1.01584,2.099373
928000,3625,25.71,0.5142,2916.4,-1.234488,0.144241,1.014016,0.880545
928256,3626,25.65,0.513,2911.4,-0.64078,0.303748,1.000941,0.884973
928512,3627,25.65,0.513,2911.4,-2.196555,0.359074,1.013622,1.498722
928768,3628,25.65,0.513,2911.4,0.86094,0.218964,1.005263,0.853525
929024,3629,25.65,0.513,2911.4,-0.796016,0.139781,1.020843,0.639921
929280,3630,25.65,0.513,2911.4,-1.455744,0.174841,1.00542,0.933969
929536,3631,25.65,0.513,2911.4,0.326962,0.057407,1.019157,0.190699
929792,3632,25.65,0.513,2911.4,-0.175604,0.214029,1.004489,0.235905
930048,3633,25.65,0.513,2911.4,-1.003931,0.117652,1.02006,0.666561
930304,3634,25.65,0.513,2911.4,0.479744,0.100816,1.015035,0.367281
930560,3635,25.65,0.513,2911.4,1.167866,0.388061,1.010054,1.316417
930816,3636,25.65,0.513,2911.4,0.25263,0.051234,1.02119,0.140035
931072,3637,25.65,0.513,2911.4,0.358854,0.073493,1.002637,0.24303
931328,3638,25.6,0.512,2911.6,-0.884298,0.146841,1.013762,0.6896
931584,3639,25.6,0.512,2911.6,-1.256846,0.242043,1.025462,1.004386
931840,3640,25.6,0.512,2911.6,-2.702124,0.330142,1.02457,1.464137
932096,3641,25.6,0.512,2911.6,-2.24128,0.235193,1.026196,1.236013
932352,3642,25.6,0.512,2911.6,0.02572,0.124772,1.018982,0.071247
932608,3643,25.6,0.512,2911.6,0.087027,0.183059,1.031992,0.138674
932864,3644,25.6,0.512,2911.6,0.833633,0.283012,1.003171,0.941392
933120,3645,25.6,0.512,2911.6,2.339681,1.030508,1.005379,2.454336
933376,3646,25.6,0.512,2911.6,-0.352721,0.163293,1.006027,0.375229
933632,3647,25.6,0.512,2911.6,-2.375432,0.221837,1.013456,1.155217
933888,3648,25.6,0.512,2911.6,0.618056,0.317383,1.002635,0.869662
934144,3649,25.6,0.512,2911.6,1.764833,0.443146,1.009501,1.547896
934400,3650,25.6,0.512,2915.4,0.557204,0.096283,0.990571,0.489185
934656,3651,25.6,0.512,2915.4,-0.145818,0.097056,1.017312,0.131545
934912,3652,25.6,0.512,2915.4,1.581175,0.450111,1.014114,1.495241
935168,3653,25.6,0.512,2915.4,0.87559,0.232502,1.011941,0.857853
935424,3654,25.6,0.512,2915.4,2.270197,0.389449,1.009467,1.488996
935680,3655,25.6,0.512,2915.4,-2.941397,0.386711,0.993318,1.652828
935936,3656,25.6,0.512,2915.4,-0.134818,0.089752,0.986064,0.148811
936192,3657,25.6,0.512,2915.4,-1.749695,0.326526,0.995693,1.381283
936448,3658,25.6,0.512,2915.4,-0.545346,0.137547,0.996524,0.524113
936704,3659,25.6,0.512,2915.4,0.708989,0.27081,0.996666,0.817316
936960,3660,25.6,0.512,2915.4,1.70952,0.351083,1.012235,1.353579
937216,3661,25.6,0.512,2915.4,1.757831,0.314967,0.978002,1.530471
937472,3662,25.58,0.5116,2917.7,-1.339165,0.559716,0.998938,1.652202
937728,3663,25.58,0.5116,2917.7,-0.515541,0.116452,1.018192,0.441889
937984,3664,25.58,0.5116,2917.7,-1.388929,0.165168,1.008558,0.955944
938240,3665,25.58,0.5116,2917.7,1.031816,0.489079,1.003672,1.404662
938496,3666,25.58,0.5116,2917.7,-0.290406,0.193471,1.028906,0.323279
938752,3667,25.58,0.5116,2917.7,-0.046279,0.065223,1.015674,0.039054
939008,3668,25.58,0.5116,2917.7,-0.194172,0.094016,0.995944,0.189959
939264,3669,25.58,0.5116,2917.7,-1.761533,0.241911,0.996352,1.158268
939520,3670,25.58,0.5116,2917.7,-1.3606,0.208503,0.996374,1.048232
939776,3671,25.58,0.5116,2917.7,0.551835,0.080826,1.012228,0.357582
940032,3672,25.58,0.5116,2917.7,1.899924,0.760999,1.008624,2.026675
940288,3673,25.58,0.5116,2917.7,-2.75001,0.223053,1.021589,1.156024
940544,3674,25.61,0.5122,2918.6,0.391574,0.38483,1.005429,0.56828
940800,3675,25.61,0.5122,2918.6,-0.799569,0.152625,1.006321,0.660245
941056,3676,25.61,0.5122,2918.6,-0.184923,0.170144,1.021838,0.251672
941312,3677,25.61,0.5122,2918.6,0.272032,0.148287,0.988703,0.311959
941568,3678,25.61,0.5122,2918.6,1.661025,0.436625,0.996518,1.537806
941824,3679,25.61,0.5122,2918.6,0.466262,0.141022,0.999996,0.424814
942080,3680,25.61,0.5122,2918.6,0.517582,0.134465,0.999422,0.444907
942336,3681,25.61,0.5122,2918.6,1.512938,0.320984,1.01468,1.209943
942592,3682,25.61,0.5122,2918.6,-0.609979,0.185162,1.008899,0.607455
942848,3683,25.61,0.5122,2918.6,-1.174006,0.117627,1.025172,0.657007
943104,3684,25.61,0.5122,2918.6,-0.538514,0.165613,1.000565,0.513792
943360,3685,25.62,0.5124,2918.3,0.779555,0.241176,1.001009,0.82657
943616,3686,25.62,0.5124,2918.3,2.344864,1.603726,1.002522,3.354178
943872,3687,25.62,0.5124,2918.3,1.322255,0.222542,1.004544,0.980222
944128,3688,25.62,0.5124,2918.3,0.589704,0.167503,1.000178,0.554863
944384,3689,25.62,0.5124,2918.3,0.575771,0.088469,1.018043,0.388262
944640,3690,25.62,0.5124,2918.3,0.766414,0.139098,0.986487,0.624639
944896,3691,25.62,0.5124,2918.3,-3.240606,0.414932,0.994334,1.712422
945152,3692,25.62,0.5124,2918.3,0.515029,0.245816,0.993368,0.713018
945408,3693,25.62,0.5124,2918.3,-0.168832,0.083831,0.999433,0.146084
945664,3694,25.62,0.5124,2918.3,1.050682,0.362657,1.007106,1.264056
945920,3695,25.62,0.5124,2918.3,0.480893,0.078287,0.997698,0.333645
946176,3696,25.71,0.5142,2918.7,-1.286626,0.205778,1.003294,1.051999
946432,3697,25.71,0.5142,2918.7,-0.094868,0.104456,0.990455,0.113904
946688,3698,25.71,0.5142,2918.7,0.216576,0.363976,0.992986,0.383951
946944,3699,25.71,0.5142,2918.7,0.086206,0.344603,0.974738,0.151227
947200,3700,25.71,0.5142,2918.7,0.112474,0.134693,0.981172,0.133319
947456,3701,25.71,0.5142,2918.7,0.850133,0.516692,0.970883,1.501504
947712,3702,25.71,0.5142,2918.7,-0.750545,0.171945,0.971723,0.777432
947968,3703,25.71,0.5142,2918.7,-0.384079,0.205533,0.995334,0.45151
948224,3704,25.71,0.5142,2918.7,0.544415,0.189611,0.969122,0.64305
948480,3705,25.71,0.5142,2918.7,0.401816,0.137672,0.958556,0.486718
948736,3706,25.65,0.513,2911.5,-0.04093,0.377609,0.974997,0.131424
948992,3707,25.65,0.513,2911.5,-0.630502,0.152692,0.981378,0.642224
949248,3708,25.65,0.513,2911.5,-1.600479,0.178203,0.953211,1.22723
949504,3709,25.65,0.513,2911.5,0.630247,0.248811,0.973648,0.854094
949760,3710,25.65,0.513,2911.5,0.47852,0.14976,0.974991,0.507464
950016,3711,25.65,0.513,2911.5,-1.267796,0.252347,0.964005,1.278288
950272,3712,25.65,0.513,2911.5,-0.237598,0.077262,0.968634,0.221463
950528,3713,25.65,0.513,2911.5,-0.934483,0.381323,0.983895,1.367941
950784,3714,25.65,0.513,2911.5,-0.236223,0.063452,0.973445,0.212053
951040,3715,25.65,0.513,2911.5,0.875112,0.151057,0.974469,0.762768
951296,3716,25.66,0.5132,2904.8,0.050965,0.217017,0.971917,0.082435
951552,3717,25.66,0.5132,2904.8,-0.345098,0.056696,0.973865,0.283336
951808,3718,25.66,0.5132,2904.8,0.232658,0.454275,0.960705,0.544036
952064,3719,25.66,0.5132,2904.8,-1.259776,0.183726,0.972381,1.109085
952320,3720,25.66,0.5132,2904.8,-0.282895,0.157685,0.986863,0.374055
952576,3721,25.66,0.5132,2904.8,0.257068,0.142619,0.997546,0.339384
952832,3722,25.66,0.5132,2904.8,-1.36444,0.164939,0.988261,1.038072
953088,3723,25.66,0.5132,2904.8,0.518534,0.274205,0.986773,0.765444
953344,3724,25.66,0.5132,2904.8,1.873009,0.815428,0.963404,2.529653
953600,3725,25.66,0.5132,2904.8,-1.324314,0.12826,0.9948,0.874441
953856,3726,25.62,0.5124,2899.5,-1.822316,0.187979,1.019925,1.210615
954112,3727,25.62,0.5124,2899.5,-1.449927,0.334903,0.990715,1.408851
954368,3728,25.62,0.5124,2899.5,0.440476,0.149368,1.00518,0.446367
954624,3729,25.62,0.5124,2899.5,-2.553089,0.370379,1.001372,1.604625
954880,3730,25.62,0.5124,2899.5,0.575535,0.175957,1.008557,0.643055
955136,3731,25.62,0.5124,2899.5,-0.686956,0.247535,0.992076,0.799441
955392,3732,25.62,0.5124,2899.5,0.349902,0.23209,0.996987,0.489574
955648,3733,25.62,0.5124,2899.5,0.570695,0.252328,0.977938,0.842467
955904,3734,25.62,0.5124,2899.5,-2.562586,0.491069,1.011114,2.019753
956160,3735,25.62,0.5124,2899.5,-1.396974,0.411348,0.998106,1.530211
956416,3736,25.62,0.5124,2899.5,-0.448649,0.052291,0.980472,0.309385
956672,3737,25.62,0.5124,2899.5,-0.693411,0.247299,1.0059,0.762551
956928,3738,25.62,0.5124,2899.5,-0.725555,0.120226,0.985877,0.620033
957184,3739,25.59,0.5118,2902.8,0.074158,0.402081,0.986158,0.234948
957440,3740,25.59,0.5118,2902.8,-1.314778,0.255103,0.97437,1.276258
957696,3741,25.59,0.5118,2902.8,-1.221173,0.196089,1.000657,0.952844
957952,3742,25.59,0.5118,2902.8,-1.4258,0.161257,0.992326,0.953702
958208,3743,25.59,0.5118,2902.8,-1.870143,0.236174,1.01152,1.155388
958464,3744,25.59,0.5118,2902.8,0.07966,0.100166,1.023297,0.128865
958720,3745,25.59,0.5118,2902.8,1.139179,0.248891,0.99645,1.088558
958976,3746,25.59,0.5118,2902.8,1.838734,1.128265,0.995067,2.698248
959232,3747,25.59,0.5118,2902.8,0.48077,0.139139,1.003411,0.507274
959488,3748,25.59,0.5118,2902.8,-0.19088,0.085168,1.007237,0.166023
959744,3749,25.59,0.5118,2898.6,1.023369,0.134973,0.996334,0.721584
960000,3750,25.59,0.5118,2898.6,-0.393107,0.182474,1.017859,0.432431
960256,3751,25.59,0.5118,2898.6,1.176662,0.127136,1.014703,0.689548
960512,3752,25.59,0.5118,2898.6,-1.051563,0.069625,1.014365,0.571341
960768,3753,25.59,0.5118,2898.6,0.833602,0.114262,1.000741,0.60822
961024,3754,25.59,0.5118,2898.6,0.242307,0.291688,0.997593,0.408968
961280,3755,25.59,0.5118,2898.6,0.993877,0.230024,1.013606,0.913264
961536,3756,25.59,0.5118,2898.6,1.321494,0.461612,1.024282,1.430565
961792,3757,25.59,0.5118,2898.6,2.644608,0.596967,1.014302,1.856889
962048,3758,25.59,0.5118,2898.6,0.309772,0.072101,0.997046,0.214609
962304,3759,25.59,0.5118,2898.6,1.134852,0.260363,1.007751,1.030407
962560,3760,25.66,0.5132,2896.8,-0.702229,0.113857,1.009937,0.50364
962816,3761,25.66,0.5132,2896.8,1.403526,0.143402,1.010516,0.866542
963072,3762,25.66,0.5132,2896.8,0.283885,0.151865,1.001729,0.324843
963328,3763,25.66,0.5132,2896.8,-1.686324,0.277329,0.986614,1.301088
963584,3764,25.66,0.5132,2896.8,-0.203636,0.061985,1.014318,0.144513
963840,3765,25.66,0.5132,2896.8,0.691103,0.165232,1.004016,0.665249
964096,3766,25.66,0.5132,2896.8,0.173931,0.203162,0.987414,0.240429
964352,3767,25.66,0.5132,2896.8,-0.317775,0.123178,1.019036,0.30058
964608,3768,25.66,0.5132,2896.8,0.917727,0.28466,1.016241,0.942024
964864,3769,25.66,0.5132,2896.8,0.705513,0.236747,0.995334,0.889742
965120,3770,25.66,0.5132,2896.8,0.173329,0.111071,0.995732,0.184992
965376,3771,25.68,0.5136,2898.6,-0.761915,0.230064,1.009288,0.86737
965632,3772,25.68,0.5136,2898.6,1.000003,0.133141,0.987624,0.756959
965888,3773,25.68,0.5136,2898.6,0.999179,0.495534,0.998847,1.488933
966144,3774,25.68,0.5136,2898.6,-1.005859,0.302715,0.976335,1.242409
966400,3775,25.68,0.5136,2898.6,0.425614,0.409918,0.995685,0.76061
966656,3776,25.68,0.5136,2898.6,-0.68042,0.298956,0.986245,0.896891
966912,3777,25.68,0.5136,2898.6,-1.311527,0.134362,1.022401,0.942861
967168,3778,25.68,0.5136,2898.6,1.203576,0.231176,0.996546,1.163167
967424,3779,25.68,0.5136,2898.6,0.317079,0.248474,0.990863,0.544627
967680,3780,25.68,0.5136,2898.6,-2.702432,0.381295,0.994318,1.751029
967936,3781,25.68,0.5136,2898.6,0.706359,0.470435,0.996506,1.191509
968192,3782,25.68,0.5136,2893.6,-0.487291,0.128089,0.981752,0.511326
968448,3783,25.68,0.5136,2893.6,-1.482885,0.399331,0.973811,1.759796
968704,3784,25.68,0.5136,2893.6,0.622146,0.241114,0.987827,0.770542
968960,3785,25.68,0.5136,2893.6,-0.540822,0.21361,0.995101,0.72746
969216,3786,25.68,0.5136,2893.6,0.239393,0.296235,0.977789,0.399101
969472,3787,25.68,0.5136,2893.6,0.559876,0.082325,0.974062,0.474199
969728,3788,25.68,0.5136,2893.6,-0.284353,0.140893,0.965709,0.345834
969984,3789,25.68,0.5136,2893.6,0.344248,0.172758,1.005227,0.402016
970240,3790,25.68,0.5136,2893.6,-0.62724,0.338297,0.981268,0.981775
970496,3791,25.68,0.5136,2893.6,0.852977,0.157452,0.984842,0.792589
970752,3792,25.68,0.5136,2893.6,-0.556084,0.266283,0.994889,0.8177
971008,3793,25.64,0.5128,2887.4,0.060727,0.349624,0.999564,0.144926
971264,3794,25.64,0.5128,2887.4,-1.303257,0.47857,0.96555,1.896039
971520,3795,25.64,0.5128,2887.4,-0.337565,0.153186,0.945087,0.482109
971776,3796,25.64,0.5128,2887.4,-0.093396,0.142157,0.997707,0.123984
972032,3797,25.64,0.5128,2887.4,-0.699842,0.134379,1.006932,0.613686
972288,3798,25.64,0.5128,2887.4,-0.921816,0.22232,0.999032,0.995114
972544,3799,25.64,0.5128,2887.4,0.104256,0.146103,0.99768,0.144952
972800,3800,25.64,0.5128,2887.4,-0.696129,0.258242,0.994459,0.928198
973056,3801,25.64,0.5128,2887.4,-0.313487,0.073294,0.987725,0.285717
973312,3802,25.64,0.5128,2887.4,-1.511093,0.144674,1.017226,0.986641
973568,3803,25.64,0.5128,2887.4,-0.549392,0.108572,1.020892,0.442427
973824,3804,25.54,0.5108,2885.8,-0.032071,0.504166,1.001226,0.150658
974080,3805,25.54,0.5108,2885.8,0.299821,0.107296,0.990488,0.33503
974336,3806,25.54,0.5108,2885.8,-1.571392,0.184332,0.984539,1.109721
974592,3807,25.54,0.5108,2885.8,-0.773764,0.204271,0.999291,0.802656
974848,3808,25.54,0.5108,2885.8,0.141944,0.058935,1.003242,0.122755
975104,3809,25.54,0.5108,2885.8,-1.365552,0.160089,1.017657,0.924444
975360,3810,25.54,0.5108,2885.8,0.045575,0.096842,1.008119,0.076363
975616,3811,25.54,0.5108,2885.8,0.260278,0.148337,1.004346,0.28912
975872,3812,25.54,0.5108,2885.8,0.242175,0.192787,1.030195,0.296237
976128,3813,25.54,0.5108,2885.8,1.111817,0.239509,1.00557,1.011582
976384,3814,25.54,0.5108,2885.8,-0.302218,0.148105,1.023442,0.286275
976640,3815,25.55,0.511,2887.2,-0.513744,0.05845,1.020005,0.276841
976896,3816,25.55,0.511,2887.2,0.614827,0.10525,1.027414,0.482369
977152,3817,25.55,0.511,2887.2,0.547265,0.074389,1.024501,0.372593
977408,3818,25.55,0.511,2887.2,-0.74734,0.187628,1.024371,0.667327
977664,3819,25.55,0.511,2887.2,1.404741,0.3885,1.023115,1.389778
977920,3820,25.55,0.511,2887.2,0.242394,0.059079,1.016863,0.205363
978176,3821,25.55,0.511,2887.2,0.243412,0.235191,1.017817,0.338338
978432,3822,25.55,0.511,2887.2,2.114662,1.22135,1.006831,2.755204
978688,3823,25.55,0.511,2887.2,0.842777,0.244345,1.001315,0.946356
978944,3824,25.55,0.511,2887.2,0.625869,0.115329,1.020939,0.469098
979200,3825,25.55,0.511,2887.2,-0.524596,0.215663,1.016905,0.609367
979456,3826,25.55,0.511,2887.2,0.295519,0.143582,1.007509,0.304182
979712,3827,25.56,0.5112,2883.4,-0.163525,0.053578,1.001012,0.111474
979968,3828,25.56,0.5112,2883.4,0.359372,0.072797,1.013717,0.252908
980224,3829,25.56,0.5112,2883.4,-1.082307,0.291805,1.014935,1.070926
980480,3830,25.56,0.5112,2883.4,-1.101252,0.165723,1.011645,0.848582
980736,3831,25.56,0.5112,2883.4,0.391476,0.290541,1.021621,0.543348
980992,3832,25.56,0.5112,2883.4,1.405252,1.243983,0.991095,2.658569
981248,3833,25.56,0.5112,2883.4,0.893984,0.138041,0.999066,0.746933
981504,3834,25.56,0.5112,2883.4,1.439524,0.253838,1.017666,1.10479
981760,3835,25.56,0.5112,2883.4,0.003271,0.07393,0.994846,0.064143
982016,3836,25.56,0.5112,2883.4,-1.503957,0.29272,0.996699,1.409981
982272,3837,25.56,0.5112,2880.8,-1.297351,0.214483,0.996976,1.153748
982528,3838,25.56,0.5112,2880.8,-0.714523,0.176275,1.012082,0.710603
982784,3839,25.56,0.5112,2880.8,-1.392444,0.210005,1.027298,0.99754
983040,3840,25.56,0.5112,2880.8,1.041116,0.284985,1.008443,1.063959
983296,3841,25.56,0.5112,2880.8,0.333312,0.215458,0.999553,0.436184
983552,3842,25.56,0.5112,2880.8,0.36541,0.278049,0.99191,0.608502
983808,3843,25.56,0.5112,2880.8,0.482909,0.073596,1.008379,0.371126
984064,3844,25.56,0.5112,2880.8,0.144652,0.268091,1.002885,0.212771
984320,3845,25.56,0.5112,2880.8,0.380398,0.232001,1.019767,0.491927
984576,3846,25.56,0.5112,2880.8,-1.266121,0.183652,1.001214,1.008096
984832,3847,25.56,0.5112,2880.8,-1.033823,0.158385,1.021331,0.815664
985088,3848,25.48,0.5096,2878.8,-0.781353,0.133825,1.016219,0.640542
985344,3849,25.48,0.5096,2878.8,0.176605,0.21477,1.018898,0.255316
985600,3850,25.48,0.5096,2878.8,-1.600764,0.426896,0.97576,1.734107
985856,3851,25.48,0.5096,2878.8,0.146268,0.148984,1.009885,0.175729
986112,3852,25.48,0.5096,2878.8,-1.935289,0.169922,1.009033,1.095416
986368,3853,25.48,0.5096,2878.8,1.1116,0.294099,1.009938,1.124561
986624,3854,25.48,0.5096,2878.8,-0.013264,0.09214,1.021757,0.120459
986880,3855,25.48,0.5096,2878.8,0.158536,0.21313,1.008005,0.241559
987136,3856,25.48,0.5096,2878.8,-0.285787,0.206943,1.008921,0.361452
987392,3857,25.48,0.5096,2878.8,0.848966,0.153393,1.013408,0.766654
987648,3858,25.48,0.5096,2878.8,0.056589,0.114101,1.015482,0.12187
987904,3859,25.58,0.5116,2874.8,-0.084775,0.160378,0.99404,0.153978
988160,3860,25.58,0.5116,2874.8,0.138981,0.096712,1.014137,0.112483
988416,3861,25.58,0.5116,2874.8,0.250535,0.101282,1.006248,0.213618
988672,3862,25.58,0.5116,2874.8,0.094056,0.171871,1.012892,0.125013
988928,3863,25.58,0.5116,2874.8,0.966848,0.139995,1.025871,0.739767
989184,3864,25.58,0.5116,2874.8,-0.068916,0.101398,0.991093,0.089512
989440,3865,25.58,0.5116,2874.8,1.569245,0.273437,1.004737,1.287016
989696,3866,25.58,0.5116,2874.8,-0.703201,0.164478,1.019085,0.688282
989952,3867,25.58,0.5116,2874.8,0.435278,0.287449,1.015197,0.635329
990208,3868,25.58,0.5116,2874.8,-0.10445,0.079697,1.008601,0.090709
990464,3869,25.58,0.5116,2874.8,0.413263,0.165707,0.999248,0.448774
990720,3870,25.68,0.5136,2874.9,-0.797102,0.227288,1.007859,0.844509
990976,3871,25.68,0.5136,2874.9,-1.843162,0.425684,1.011121,1.722478
991232,3872,25.68,0.5136,2874.9,-0.305288,0.064647,1.01754,0.221855
991488,3873,25.68,0.5136,2874.9,0.357149,0.157589,0.99129,0.414779
991744,3874,25.68,0.5136,2874.9,-0.274599,0.351134,1.017366,0.446936
992000,3875,25.68,0.5136,2874.9,0.051355,0.282456,1.018051,0.105788
992256,3876,25.68,0.5136,2874.9,-0.428524,0.081845,1.016571,0.331513
992512,3877,25.68,0.5136,2874.9,0.603163,0.182121,1.005164,0.682226
992768,3878,25.68,0.5136,2874.9,-0.176353,0.124739,0.990996,0.191499
993024,3879,25.68,0.5136,2874.9,-1.46091,0.309013,1.004902,1.354298
993280,3880,25.68,0.5136,2874.9,-1.672479,0.228399,0.996463,1.294657
993536,3881,25.65,0.513,2875.2,-0.185672,0.143444,0.99747,0.238644
993792,3882,25.65,0.513,2875.2,-1.254097,0.170793,1.009846,0.91627
994048,3883,25.65,0.513,2875.2,-0.761522,0.154246,0.998819,0.692818
994304,3884,25.65,0.513,2875.2,0.925038,0.453444,1.005281,1.381302
994560,3885,25.65,0.513,2875.2,0.790507,0.114218,1.010157,0.598293
994816,3886,25.65,0.513,2875.2,-0.016777,0.17165,1.009799,0.043358
995072,3887,25.65,0.513,2875.2,-1.068754,0.139805,1.024105,0.761531
995328,3888,25.65,0.513,2875.2,-1.167358,0.099349,1.02783,0.631767
995584,3889,25.65,0.513,2875.2,-0.000851,0.214141,1.009813,0.070821
995840,3890,25.65,0.513,2875.2,0.6794,0.089089,1.016268,0.479519
996096,3891,25.65,0.513,2875.2,1.519201,0.241007,1.005024,1.163571
996352,3892,25.69,0.5138,2879.1,0.556618,0.436028,1.02752,0.864289
996608,3893,25.69,0.5138,2879.1,0.896136,0.205021,0.999136,0.929276
996864,3894,25.69,0.5138,2879.1,-0.723762,0.113713,1.019493,0.5188
997120,3895,25.69,0.5138,2879.1,0.309913,0.083278,1.00831,0.268779
997376,3896,25.69,0.5138,2879.1,-1.012962,0.137458,0.985961,0.79193
997632,3897,25.69,0.5138,2879.1,-1.001662,0.171825,1.02089,0.832648
997888,3898,25.69,0.5138,2879.1,-2.276525,0.253479,1.028737,1.214286
998144,3899,25.69,0.5138,2879.1,-0.407534,0.121893,1.002221,0.420344
998400,3900,25.69,0.5138,2879.1,1.738579,0.509931,1.008514,1.699954
998656,3901,25.69,0.5138,2879.1,-1.4767,0.147796,1.025172,0.908336
998912,3902,25.69,0.5138,2879.1,0.308574,0.577197,0.99836,0.705418
999168,3903,25.73,0.5146,2881.2,0.113598,0.155671,1.019885,0.121203
999424,3904,25.73,0.5146,2881.2,0.638004,0.111455,1.002642,0.519817
999680,3905,25.73,0.5146,2881.2,-0.59811,0.128908,1.009252,0.515657
999936,3906,25.73,0.5146,2881.2,-1.882058,0.257059,1.030182,1.239456
1000192,3907,25.73,0.5146,2881.2,-0.636076,0.187296,1.010665,0.629034
1000448,3908,25.73,0.5146,2881.2,-0.561596,0.230223,1.008607,0.653256
1000704,3909,25.73,0.5146,2881.2,-1.729379,0.217701,1.014877,1.128207
1000960,3910,25.73,0.5146,2881.2,0.106313,0.197751,1.008151,0.143704
1001216,3911,25.73,0.5146,2881.2,-1.722939,0.229244,1.008858,1.131988
1001472,3912,25.73,0.5146,2881.2,-1.173663,0.205407,1.022301,1.001612
1001728,3913,25.73,0.5146,2881.2,1.227087,0.158157,1.015383,0.820081
1001984,3914,25.73,0.5146,2881.2,0.266236,0.094758,1.005419,0.207365
1002240,3915,25.68,0.5136,2880.8,-0.015641,0.072329,1.022991,0.071994
1002496,3916,25.68,0.5136,2880.8,0.448261,0.150211,1.016232,0.4182
1002752,3917,25.68,0.5136,2880.8,1.274837,0.377883,1.021206,1.312912
1003008,3918,25.68,0.5136,2880.8,0.495989,0.109629,1.016571,0.415563
1003264,3919,25.68,0.5136,2880.8,1.962075,0.277721,1.021161,1.313699
1003520,3920,25.68,0.5136,2880.8,0.149017,0.086208,1.019626,0.124364
1003776,3921,25.68,0.5136,2880.8,0.978,0.402432,1.010143,1.25553
1004032,3922,25.68,0.5136,2880.8,-1.247639,0.229085,1.004464,1.11479
1004288,3923,25.68,0.5136,2880.8,0.693031,0.365188,1.003135,0.95297
1004544,3924,25.68,0.5136,2880.8,-1.34872,0.171509,1.018953,0.8814
1004800,3925,25.68,0.5136,2880.8,-1.927512,0.311623,1.024549,1.287082
1005056,3926,25.68,0.5136,2880.8,-0.979845,0.236919,1.030314,0.872546
1005312,3927,25.69,0.5138,2882.9,0.632218,0.171178,1.002606,0.620163
1005568,3928,25.69,0.5138,2882.9,0.534113,0.201564,1.021605,0.563615
1005824,3929,25.69,0.5138,2882.9,0.632499,0.195373,1.00375,0.712394
1006080,3930,25.69,0.5138,2882.9,-0.613477,0.110752,1.02448,0.459959
1006336,3931,25.69,0.5138,2882.9,-0.398575,0.125818,1.007532,0.396093
1006592,3932,25.69,0.5138,2882.9,-0.800126,0.123438,0.996567,0.598721
1006848,3933,25.69,0.5138,2882.9,-1.826165,0.361824,1.014142,1.399538
1007104,3934,25.69,0.5138,2882.9,0.574077,0.224138,1.004689,0.670186
1007360,3935,25.69,0.5138,2882.9,0.103265,0.123793,1.007669,0.113274
1007616,3936,25.69,0.5138,2882.9,1.19035,0.423732,0.995304,1.511552
1007872,3937,25.69,0.5138,2882.9,-0.768216,0.159775,1.004277,0.691617
1008128,3938,25.69,0.5138,2882.9,-0.204292,0.109328,1.000749,0.176586
1008384,3939,25.72,0.5144,2885.1,-0.768895,0.103688,0.995322,0.548034
1008640,3940,25.72,0.5144,2885.1,-1.118727,0.162378,0.993994,0.843188
1008896,3941,25.72,0.5144,2885.1,0.343516,0.096311,1.004226,0.30635
1009152,3942,25.72,0.5144,2885.1,0.212873,0.263548,0.977904,0.322565
1009408,3943,25.72,0.5144,2885.1,-0.572845,0.114315,0.978235,0.504066
1009664,3944,25.72,0.5144,2885.1,0.301829,0.143536,0.974492,0.336281
1009920,3945,25.72,0.5144,2885.1,-1.132288,0.157551,0.989549,0.806946
1010176,3946,25.72,0.5144,2885.1,0.846987,0.312994,0.981154,1.043339
1010432,3947,25.72,0.5144,2885.1,1.806042,0.559627,0.992569,1.860695
1010688,3948,25.72,0.5144,2885.1,0.545863,0.321037,0.978963,0.744958
1010944,3949,25.65,0.513,2881.0,-1.127667,0.370774,0.995241,1.298592
1011200,3950,25.65,0.513,2881.0,0.378737,0.125311,0.976278,0.355919
1011456,3951,25.65,0.513,2881.0,0.7519,0.202672,0.960261,0.798896
1011712,3952,25.65,0.513,2881.0,0.346752,0.211628,0.966163,0.528346
1011968,3953,25.65,0.513,2881.0,0.057981,0.090291,0.950279,0.071328
1012224,3954,25.65,0.513,2881.0,0.08,0.191821,0.971836,0.161717
1012480,3955,25.65,0.513,2881.0,0.372017,0.096717,0.994933,0.316031
1012736,3956,25.65,0.513,2881.0,1.443448,0.465588,0.959258,1.613934
1012992,3957,25.65,0.513,2881.0,0.954018,0.412096,0.966124,1.2802
1013248,3958,25.65,0.513,2881.0,0.100693,0.134944,0.968973,0.098618
1013504,3959,25.72,0.5144,2875.0,0.454102,0.193296,0.970929,0.538084
1013760,3960,25.72,0.5144,2875.0,-0.882991,0.111825,0.970163,0.720134
1014016,3961,25.72,0.5144,2875.0,-0.035997,0.101199,0.979257,0.078816
1014272,3962,25.72,0.5144,2875.0,-0.895847,0.246118,0.970395,1.108066
1014528,3963,25.72,0.5144,2875.0,0.71755,0.23984,0.975499,0.889892
1014784,3964,25.72,0.5144,2875.0,0.284251,0.179164,0.97646,0.302184
1015040,3965,25.72,0.5144,2875.0,-1.788778,0.276517,0.961429,1.396004
1015296,3966,25.72,0.5144,2875.0,-0.543728,0.130329,0.951054,0.57096
1015552,3967,25.72,0.5144,2875.0,-1.044729,0.199494,0.979203,0.974978
1015808,3968,25.72,0.5144,2875.0,1.156128,0.849993,0.966303,2.132276
1016064,3969,25.75,0.515,2865.2,-1.578118,0.500083,1.00015,1.660865
1016320,3970,25.75,0.515,2865.2,1.702962,0.338865,0.978561,1.437684
1016576,3971,25.75,0.515,2865.2,0.670425,0.240182,0.969156,0.870462
1016832,3972,25.75,0.515,2865.2,1.154202,0.348663,0.974047,1.359317
1017088,3973,25.75,0.515,2865.2,-0.371671,0.12433,0.991026,0.371726
1017344,3974,25.75,0.515,2865.2,-0.21337,0.098192,0.992195,0.212053
1017600,3975,25.75,0.515,2865.2,-0.003609,0.141296,0.977806,0.093847
1017856,3976,25.75,0.515,2865.2,-0.652585,0.185439,0.98125,0.689791
1018112,3977,25.75,0.515,2865.2,0.56313,0.193134,0.968561,0.760815
1018368,3978,25.75,0.515,2865.2,-0.609489,0.163424,0.99129,0.670689
1018624,3979,25.74,0.5148,2861.7,-1.431217,0.284913,0.98345,1.274839
1018880,3980,25.74,0.5148,2861.7,-0.500434,0.15866,0.994849,0.556813
1019136,3981,25.74,0.5148,2861.7,-0.419734,0.140024,0.986545,0.438698
1019392,3982,25.74,0.5148,2861.7,1.944202,0.923361,0.984361,2.538168
1019648,3983,25.74,0.5148,2861.7,-1.631048,0.408466,0.96767,1.678645
1019904,3984,25.74,0.5148,2861.7,0.31911,0.597731,0.977861,0.767441
1020160,3985,25.74,0.5148,2861.7,-2.058183,0.40779,0.981522,1.718764
1020416,3986,25.74,0.5148,2861.7,-1.546558,0.299039,1.003812,1.330382
1020672,3987,25.74,0.5148,2861.7,-0.022839,0.082181,1.006297,0.097356
1020928,3988,25.74,0.5148,2861.7,-2.59506,0.321937,0.999604,1.429188
1021184,3989,25.74,0.5148,2861.7,-1.018619,0.11749,1.00376,0.706994
1021440,3990,25.76,0.5152,2863.6,0.880661,0.163494,1.007496,0.749747
1021696,3991,25.76,0.5152,2863.6,0.622679,0.4039,0.994334,0.908756
1021952,3992,25.76,0.5152,2863.6,0.014089,0.050825,0.996179,0.038777
1022208,3993,25.76,0.5152,2863.6,-0.166137,0.128395,0.979435,0.243035
1022464,3994,25.76,0.5152,2863.6,1.34696,0.221357,1.001457,1.014437
1022720,3995,25.76,0.5152,2863.6,-0.816707,0.162276,0.985407,0.79907
1022976,3996,25.76,0.5152,2863.6,0.819802,0.299025,0.986355,0.977833
1023232,3997,25.76,0.5152,2863.6,0.604658,0.132868,1.009075,0.526083
1023488,3998,25.76,0.5152,2863.6,-0.759885,0.113603,0.993956,0.5672
1023744,3999,25.76,0.5152,2863.6,1.243846,0.24168,0.991382,1.052717
1024000,4000,25.76,0.5152,2863.6,0.172971,0.174043,0.993929,0.214395
1024256,4001,25.77,0.5154,2865.8,-0.558229,0.271689,0.9925,0.772623
1024512,4002,25.77,0.5154,2865.8,0.732967,0.166184,0.997062,0.678228
1024768,4003,25.77,0.5154,2865.8,0.238319,0.217794,0.993002,0.314724
1025024,4004,25.77,0.5154,2865.8,0.141212,0.061914,0.99502,0.156888
1025280,4005,25.77,0.5154,2865.8,-0.307831,0.102799,0.996573,0.268969
1025536,4006,25.77,0.5154,2865.8,-0.47767,0.102328,1.003357,0.390008
1025792,4007,25.77,0.5154,2865.8,-1.711025,0.385869,1.005867,1.522357
1026048,4008,25.77,0.5154,2865.8,-0.720784,0.125782,1.000816,0.640547
1026304,4009,25.77,0.5154,2865.8,-1.155681,0.17066,1.01052,0.836125
1026560,4010,25.77,0.5154,2865.8,-1.38927,0.237379,1.000732,1.092755
1026816,4011,25.77,0.5154,2865.8,-0.393685,0.333798,1.005903,0.578707
1027072,4012,25.77,0.5154,2865.8,-1.303852,0.174103,1.018038,0.891297
1027328,4013,25.77,0.5154,2865.8,-0.353359,0.197242,1.021196,0.401005
1027584,4014,25.71,0.5142,2868.4,-0.167272,0.131539,1.013193,0.1513
1027840,4015,25.71,0.5142,2868.4,-2.086537,0.317542,1.001767,1.326744
1028096,4016,25.71,0.5142,2868.4,0.017195,0.053559,1.00543,0.039127
1028352,4017,25.71,0.5142,2868.4,0.038492,0.09527,1.023433,0.098678
1028608,4018,25.71,0.5142,2868.4,0.61445,0.171872,1.005838,0.564789
1028864,4019,25.71,0.5142,2868.4,-0.612988,0.14161,1.0179,0.48749
1029120,4020,25.71,0.5142,2868.4,-0.879753,0.107126,1.011788,0.56332
1029376,4021,25.71,0.5142,2868.4,1.150114,0.379024,1.009901,1.294766
1029632,4022,25.71,0.5142,2868.4,2.088705,0.349515,1.017687,1.378073
1029888,4023,25.71,0.5142,2868.4,0.575687,0.407509,1.023208,0.799584
1030144,4024,25.73,0.5146,2871.2,0.892125,0.316797,1.023071,0.913704
1030400,4025,25.73,0.5146,2871.2,-0.490652,0.100904,1.003722,0.364975
1030656,4026,25.73,0.5146,2871.2,-2.098733,0.191768,1.017746,1.030887
1030912,4027,25.73,0.5146,2871.2,-0.424577,0.089839,1.020351,0.282037
1031168,4028,25.73,0.5146,2871.2,0.360681,0.142566,1.024728,0.32973
1031424,4029,25.73,0.5146,2871.2,-2.617089,0.291864,1.022133,1.335787
1031680,4030,25.73,0.5146,2871.2,0.993233,0.228698,1.023865,0.846856
1031936,4031,25.73,0.5146,2871.2,0.309208,0.100996,1.01781,0.224466
1032192,4032,25.73,0.5146,2871.2,0.359379,0.150075,1.018282,0.38534
1032448,4033,25.73,0.5146,2871.2,0.380297,0.210303,1.017476,0.385685
1032704,4034,25.73,0.5146,2871.2,-0.525947,0.060429,1.018678,0.282931
1032960,4035,25.73,0.5146,2871.2,1.076431,0.53466,1.015665,1.344526
1033216,4036,25.77,0.5154,2873.6,0.051741,0.17399,0.99498,0.088141
1033472,4037,25.77,0.5154,2873.6,1.892689,0.526121,1.026175,1.589405
1033728,4038,25.77,0.5154,2873.6,-0.683771,0.091868,1.012784,0.437703
1033984,4039,25.77,0.5154,2873.6,0.331546,0.254465,1.00016,0.516777
1034240,4040,25.77,0.5154,2873.6,-0.360358,0.132668,1.01207,0.296788
1034496,4041,25.77,0.5154,2873.6,0.864382,0.118587,1.006958,0.553449
1034752,4042,25.77,0.5154,2873.6,0.396364,0.124181,1.021526,0.293044
1035008,4043,25.77,0.5154,2873.6,-0.330059,0.05753,1.023239,0.186571
1035264,4044,25.77,0.5154,2873.6,0.784474,0.292461,1.023233,0.862669
1035520,4045,25.77,0.5154,2873.6,-0.762156,0.126723,1.033388,0.559579
1035776,4046,25.77,0.5154,2873.6,0.188329,0.110124,1.001661,0.207986
1036032,4047,25.77,0.5154,2873.6,-1.830932,0.280726,1.023448,1.199283
1036288,4048,25.74,0.5148,2878.0,-0.951354,0.121921,1.002712,0.647555
1036544,4049,25.74,0.5148,2878.0,0.099131,0.083685,1.003394,0.086942
1036800,4050,25.74,0.5148,2878.0,-2.416834,0.368962,1.007872,1.534744
1037056,4051,25.74,0.5148,2878.0,-0.321635,0.176189,1.01565,0.340198
1037312,4052,25.74,0.5148,2878.0,0.146323,0.10263,1.006656,0.122317
1037568,4053,25.74,0.5148,2878.0,0.248809,0.055036,1.018552,0.141908
1037824,4054,25.74,0.5148,2878.0,1.448118,0.277799,1.015619,1.217045
1038080,4055,25.74,0.5148,2878.0,0.619497,0.291305,1.004365,0.726557
1038336,4056,25.74,0.5148,2878.0,-0.375,0.061821,1.006148,0.242912
1038592,4057,25.74,0.5148,2878.0,-0.233737,0.143862,1.005894,0.235381
1038848,4058,25.74,0.5148,2878.0,-0.72924,0.101311,1.017167,0.448707
1039104,4059,25.74,0.5148,2878.0,1.5391,0.654935,1.004114,1.854093
1039360,4060,25.69,0.5138,2885.5,-1.200552,0.112676,1.03078,0.655305
1039616,4061,25.69,0.5138,2885.5,0.025989,0.126024,0.990011,0.075879
1039872,4062,25.69,0.5138,2885.5,1.654976,0.353839,1.002462,1.332481
1040128,4063,25.69,0.5138,2885.5,1.71437,0.26506,0.99767,1.145163
1040384,4064,25.69,0.5138,2885.5,-0.950289,0.104553,1.010779,0.600182
1040640,4065,25.69,0.5138,2885.5,0.572492,0.229641,0.988289,0.664551
1040896,4066,25.69,0.5138,2885.5,-0.05311,0.077247,0.994397,0.060607
1041152,4067,25.69,0.5138,2885.5,0.218138,0.078923,0.988787,0.182051
1041408,4068,25.69,0.5138,2885.5,-0.09042,0.106839,1.001573,0.087117
1041664,4069,25.69,0.5138,2885.5,-0.783003,0.103223,0.987799,0.570536
1041920,4070,25.69,0.5138,2885.5,-0.066184,0.092943,0.995064,0.059442
1042176,4071,25.66,0.5132,2885.3,-0.02456,0.122231,0.991527,0.045701
1042432,4072,25.66,0.5132,2885.3,0.938231,0.953203,0.992945,1.88347
1042688,4073,25.66,0.5132,2885.3,0.295566,0.083673,1.009638,0.20059
1042944,4074,25.66,0.5132,2885.3,0.964888,0.146815,1.005908,0.670921
1043200,4075,25.66,0.5132,2885.3,0.52797,0.086053,1.012807,0.363882
1043456,4076,25.66,0.5132,2885.3,-1.488372,0.276038,1.003733,1.234964
1043712,4077,25.66,0.5132,2885.3,0.587292,0.384723,1.00631,0.868225
1043968,4078,25.66,0.5132,2885.3,-0.131694,0.234836,1.011489,0.21573
1044224,4079,25.66,0.5132,2885.3,0.618737,0.263009,1.013478,0.699941
1044480,4080,25.66,0.5132,2885.3,0.210444,0.075493,1.019502,0.147563
1044736,4081,25.66,0.5132,2885.3,0.484533,0.137719,1.011548,0.418764
1044992,4082,25.7,0.514,2889.6,1.434355,0.33988,1.010715,1.240537
1045248,4083,25.7,0.514,2889.6,0.995681,0.690581,1.006588,1.548957
1045504,4084,25.7,0.514,2889.6,-0.09109,0.077204,1.006652,0.073229
1045760,4085,25.7,0.514,2889.6,-1.027323,0.193818,0.998254,0.933249
1046016,4086,25.7,0.514,2889.6,-2.584502,0.529137,0.991199,1.896764
1046272,4087,25.7,0.514,2889.6,-0.695633,0.194791,1.006676,0.657892
1046528,4088,25.7,0.514,2889.6,-0.344989,0.426095,0.99904,0.617613
1046784,4089,25.7,0.514,2889.6,0.672075,0.1603,1.004519,0.60211
1047040,4090,25.7,0.514,2889.6,0.076986,0.149294,1.008337,0.101857
1047296,4091,25.7,0.514,2889.6,0.323871,0.109074,1.019822,0.257037
1047552,4092,25.7,0.514,2889.6,-1.548471,0.32338,1.019361,1.287178
1047808,4093,25.65,0.513,2893.2,-0.791881,0.180609,1.013194,0.776174
1048064,4094,25.65,0.513,2893.2,-0.447538,0.084455,1.020222,0.351467
1048320,4095,25.65,0.513,2893.2,-0.00424,0.064558,1.016189,0.078333
1048576,4096,25.65,0.513,2893.2,-1.821437,0.303333,1.021705,1.255725
1048832,4097,25.65,0.513,2893.2,-0.008603,0.138778,1.016358,0.106735
1049088,4098,25.65,0.513,2893.2,-0.639005,0.200124,1.019246,0.662258
1049344,4099,25.65,0.513,2893.2,-0.823461,0.108145,1.027241,0.543941
1049600,4100,25.65,0.513,2893.2,0.511741,0.360651,1.030678,0.687924
1049856,4101,25.65,0.513,2893.2,0.365557,0.183637,1.033685,0.442117
1050112,4102,25.65,0.513,2893.2,1.970224,0.621574,1.022592,1.843498
1050368,4103,25.65,0.513,2893.2,-0.849058,0.106328,1.029414,0.527619
1050624,4104,25.65,0.513,2893.2,0.701772,0.307987,1.027283,0.791874
1050880,4105,25.68,0.5136,2896.0,1.000488,0.160119,1.028953,0.720656
1051136,4106,25.68,0.5136,2896.0,0.974614,0.327237,1.03047,0.989254
1051392,4107,25.68,0.5136,2896.0,-0.490025,0.122674,1.016809,0.411724
1051648,4108,25.68,0.5136,2896.0,0.247599,0.139118,1.019168,0.227865
1051904,4109,25.68,0.5136,2896.0,0.474157,0.096838,1.039116,0.344864
1052160,4110,25.68,0.5136,2896.0,-0.320616,0.249025,1.029593,0.406113
1052416,4111,25.68,0.5136,2896.0,0.397727,0.12451,1.035724,0.353756
1052672,4112,25.68,0.5136,2896.0,-0.03536,0.0759,1.037423,0.066017
1052928,4113,25.68,0.5136,2896.0,0.027867,0.118088,1.029562,0.079568
1053184,4114,25.68,0.5136,2896.0,0.806432,0.513607,1.031986,1.175578
1053440,4115,25.68,0.5136,2896.0,-1.026306,0.176707,1.021529,0.825551
1053696,4116,25.66,0.5132,2896.9,-0.142895,0.358514,1.030074,0.312089
1053952,4117,25.66,0.5132,2896.9,0.598841,0.088864,1.037511,0.386774
1054208,4118,25.66,0.5132,2896.9,-0.282877,0.183317,1.029306,0.32748
1054464,4119,25.66,0.5132,2896.9,-2.088725,0.364319,1.033995,1.422696
1054720,4120,25.66,0.5132,2896.9,0.756817,0.281895,1.029956,0.821217
1054976,4121,25.66,0.5132,2896.9,0.972427,0.228684,1.028868,0.899698
1055232,4122,25.66,0.5132,2896.9,0.399234,0.0828,1.03115,0.282905
1055488,4123,25.66,0.5132,2896.9,0.489529,0.131831,1.034555,0.442376
1055744,4124,25.66,0.5132,2896.9,-1.455979,0.198673,1.031342,0.958329
1056000,4125,25.66,0.5132,2896.9,0.001708,0.076635,1.026056,0.042707
1056256,4126,25.66,0.5132,2896.9,-0.713257,0.158234,1.015802,0.637413
1056512,4127,25.66,0.5132,2896.9,-0.061655,0.163056,1.032752,0.118341
1056768,4128,25.7,0.514,2897.4,0.279641,0.106699,1.013207,0.229891
1057024,4129,25.7,0.514,2897.4,-0.140519,0.262694,1.029481,0.190231
1057280,4130,25.7,0.514,2897.4,0.030898,0.076892,1.025279,0.126858
1057536,4131,25.7,0.514,2897.4,-1.095695,0.189923,1.026399,0.884607
1057792,4132,25.7,0.514,2897.4,0.274644,0.126821,1.014628,0.254491
1058048,4133,25.7,0.514,2897.4,0.090135,0.154858,1.026973,0.095873
1058304,4134,25.7,0.514,2897.4,1.005606,0.136322,1.029733,0.700336
1058560,4135,25.7,0.514,2897.4,-0.297014,0.28094,1.026525,0.435428
1058816,4136,25.7,0.514,2897.4,-0.830882,0.172611,1.027523,0.666317
1059072,4137,25.7,0.514,2897.4,-2.554708,0.417364,1.019859,1.588024
1059328,4138,25.7,0.514,2897.4,-0.856707,0.069914,1.023046,0.451567
1059584,4139,25.65,0.513,2898.7,0.404292,0.10113,1.035593,0.284758
1059840,4140,25.65,0.513,2898.7,-1.844017,0.331427,1.028687,1.452758
1060096,4141,25.65,0.513,2898.7,-0.481473,0.130834,1.025587,0.395816
1060352,4142,25.65,0.513,2898.7,-2.734446,0.241221,1.03035,1.156141
1060608,4143,25.65,0.513,2898.7,0.296656,0.138321,1.020715,0.272102
1060864,4144,25.65,0.513,2898.7,-1.127285,0.205709,1.021309,0.889572
1061120,4145,25.65,0.513,2898.7,-0.846933,0.155024,1.036865,0.646302
1061376,4146,25.65,0.513,2898.7,-0.406304,0.105063,1.025836,0.316806
1061632,4147,25.65,0.513,2898.7,0.611522,0.155658,1.020066,0.536218
1061888,4148,25.65,0.513,2898.7,0.490916,0.076702,1.040252,0.301907
1062144,4149,25.65,0.513,2898.7,0.55915,0.522663,1.026909,0.876673
1062400,4150,25.65,0.513,2898.7,-0.659701,0.14744,1.03933,0.501024
1062656,4151,25.64,0.5128,2901.9,-1.752735,0.451472,1.036699,1.393085
1062912,4152,25.64,0.5128,2901.9,-0.933221,0.230301,1.027217,0.792738
1063168,4153,25.64,0.5128,2901.9,-0.74027,0.119695,1.030554,0.527634
1063424,4154,25.64,0.5128,2901.9,0.946772,0.139948,1.034141,0.657445
1063680,4155,25.64,0.5128,2901.9,-0.821783,0.112677,1.037373,0.492939
1063936,4156,25.64,0.5128,2901.9,0.414629,0.130258,1.034108,0.346804
1064192,4157,25.64,0.5128,2901.9,0.626831,0.183876,1.024708,0.5974
1064448,4158,25.64,0.5128,2901.9,0.109616,0.094425,1.038388,0.097296
1064704,4159,25.64,0.5128,2901.9,1.121656,0.605641,1.029238,1.417198
1064960,4160,25.64,0.5128,2901.9,-3.084635,0.241847,1.025084,1.249029
1065216,4161,25.64,0.5128,2901.9,-1.041198,0.107721,1.034175,0.577297
1065472,4162,25.64,0.5128,2901.9,-0.123937,0.0998,1.025561,0.115882
1065728,4163,25.63,0.5126,2902.4,-0.534958,0.229968,1.032961,0.5211
1065984,4164,25.63,0.5126,2902.4,1.180662,0.229011,1.025249,0.871553
1066240,4165,25.63,0.5126,2902.4,-0.016516,0.097801,1.04263,0.094695
1066496,4166,25.63,0.5126,2902.4,0.546555,0.285002,1.030044,0.629604
1066752,4167,25.63,0.5126,2902.4,0.468302,0.067495,1.030278,0.254849
1067008,4168,25.63,0.5126,2902.4,0.040707,0.079181,1.039808,0.08252
1067264,4169,25.63,0.5126,2902.4,-0.743321,0.087983,1.036148,0.412806
1067520,4170,25.63,0.5126,2902.4,1.499453,0.321341,1.026768,1.12718
1067776,4171,25.63,0.5126,2902.4,0.566956,0.248986,1.032887,0.552158
1068032,4172,25.63,0.5126,2902.4,0.275236,0.179257,1.030534,0.261409
1068288,4173,25.63,0.5126,2902.4,0.040584,0.071362,1.033371,0.083882
1068544,4174,25.63,0.5126,2902.4,-0.210809,0.070796,1.029248,0.15013
1068800,4175,25.63,0.5126,2902.4,0.160254,0.264718,1.034224,0.208349
1069056,4176,25.65,0.513,2905.3,1.129082,0.345404,1.032225,1.023142
1069312,4177,25.65,0.513,2905.3,1.568163,0.226989,1.023081,0.987127
1069568,4178,25.65,0.513,2905.3,1.327003,0.71886,1.031741,1.643884
1069824,4179,25.65,0.513,2905.3,-0.282289,0.217808,1.02622,0.381401
1070080,4180,25.65,0.513,2905.3,0.257549,0.201987,1.022571,0.269249
1070336,4181,25.65,0.513,2905.3,-2.556425,0.26541,1.027172,1.19372
1070592,4182,25.65,0.513,2905.3,0.857909,0.440766,1.029345,1.066822
1070848,4183,25.65,0.513,2905.3,0.822677,0.152784,1.02042,0.607508
1071104,4184,25.65,0.513,2905.3,-0.164383,0.145086,1.030412,0.155586
1071360,4185,25.65,0.513,2905.3,0.218168,0.078221,1.02481,0.148413
1071616,4186,25.65,0.513,2905.3,-0.172669,0.086182,1.033776,0.141396
1071872,4187,25.65,0.513,2905.3,-1.168032,0.124003,1.013375,0.737676
1072128,4188,25.67,0.5134,2906.2,-0.685614,0.085318,1.030772,0.411003
1072384,4189,25.67,0.5134,2906.2,-0.465881,0.073962,1.023792,0.305695
1072640,4190,25.67,0.5134,2906.2,-0.964607,0.121183,1.029151,0.624557
1072896,4191,25.67,0.5134,2906.2,0.492445,0.135235,1.025764,0.403962
1073152,4192,25.67,0.5134,2906.2,-1.873419,0.274049,1.019173,1.226562
1073408,4193,25.67,0.5134,2906.2,1.259636,0.373238,1.028316,1.222497
1073664,4194,25.67,0.5134,2906.2,0.199879,0.099839,1.035953,0.159505
1073920,4195,25.67,0.5134,2906.2,-0.330614,0.135582,1.035327,0.320477
1074176,4196,25.67,0.5134,2906.2,-0.194207,0.111342,1.035524,0.163335
1074432,4197,25.67,0.5134,2906.2,0.931675,0.253707,1.034846,0.858338
1074688,4198,25.67,0.5134,2906.2,1.21411,0.361883,1.0425,1.205859
1074944,4199,25.67,0.5134,2906.2,0.92771,0.406698,1.039031,1.082079
1075200,4200,25.67,0.5134,2906.2,0.456445,0.076829,1.031709,0.275827
1075456,4201,25.69,0.5138,2908.4,-0.706929,0.181977,1.027805,0.597985
1075712,4202,25.69,0.5138,2908.4,-0.820182,0.082031,1.038777,0.441346
1075968,4203,25.69,0.5138,2908.4,0.152514,0.055764,1.04324,0.088731
1076224,4204,25.69,0.5138,2908.4,-1.177025,0.21025,1.030521,0.955424
1076480,4205,25.69,0.5138,2908.4,-0.471275,0.165375,1.029342,0.46818
1076736,4206,25.69,0.5138,2908.4,0.862179,0.287492,1.034996,0.879804
1076992,4207,25.69,0.5138,2908.4,0.97037,0.445592,1.032391,1.182395
1077248,4208,25.69,0.5138,2908.4,0.551169,0.231778,1.037742,0.572305
1077504,4209,25.69,0.5138,2908.4,-2.083606,0.294175,1.03109,1.244573
1077760,4210,25.69,0.5138,2908.4,0.448922,0.224872,1.0366,0.493719
1078016,4211,25.69,0.5138,2908.4,-2.130112,0.158556,1.044329,0.891647
1078272,4212,25.69,0.5138,2908.4,-0.536456,0.194815,1.034814,0.49802
1078528,4213,25.67,0.5134,2907.2,0.143749,0.122243,1.037335,0.140343
1078784,4214,25.67,0.5134,2907.2,0.511023,0.150114,1.038786,0.464082
1079040,4215,25.67,0.5134,2907.2,-1.851844,0.309177,1.026054,1.259253
1079296,4216,25.67,0.5134,2907.2,-1.446398,0.256612,1.022275,1.084437
1079552,4217,25.67,0.5134,2907.2,-1.822551,0.207392,1.024153,1.11568
1079808,4218,25.67,0.5134,2907.2,-0.677156,0.132056,1.033244,0.506704
1080064,4219,25.67,0.5134,2907.2,-0.502809,0.112629,1.040097,0.368696
1080320,4220,25.67,0.5134,2907.2,-1.8695,0.222546,1.041765,1.036938
1080576,4221,25.67,0.5134,2907.2,-1.887034,0.171036,1.041736,0.904131
1080832,4222,25.67,0.5134,2907.2,-2.016067,0.270387,1.032337,1.134209
1081088,4223,25.67,0.5134,2907.2,-1.147868,0.152,1.034656,0.768729
1081344,4224,25.67,0.5134,2907.2,0.533419,0.074513,1.033371,0.319102
1081600,4225,25.67,0.5134,2907.2,0.812243,0.092606,1.037745,0.458167
1081856,4226,25.67,0.5134,2907.2,-0.670487,0.079024,1.041823,0.382815
1082112,4227,25.67,0.5134,2907.2,-3.290755,0.158979,1.044436,0.970253
1082368,4228,25.67,0.5134,2907.2,0.274365,0.180722,1.038131,0.260753
1082624,4229,25.67,0.5134,2907.2,-2.318429,0.135426,1.051154,0.80949
1082880,4230,25.61,0.5122,2918.5,1.071995,0.330093,1.040661,1.005625
1083136,4231,25.61,0.5122,2918.5,1.372645,0.637635,1.044373,1.47536
1083392,4232,25.61,0.5122,2918.5,-0.571157,0.087387,1.041778,0.336952
1083648,4233,25.61,0.5122,2918.5,2.258651,0.754787,1.039546,1.856434
1083904,4234,25.61,0.5122,2918.5,-1.362756,0.182768,1.03548,0.797037
1084160,4235,25.61,0.5122,2918.5,0.244894,0.079191,1.036219,0.191905
1084416,4236,25.61,0.5122,2918.5,0.489811,0.143049,1.037456,0.421369
1084672,4237,25.61,0.5122,2918.5,-0.768935,0.129761,1.039707,0.527708
1084928,4238,25.61,0.5122,2918.5,-0.364031,0.062985,1.039008,0.204961
1085184,4239,25.61,0.5122,2918.5,0.159805,0.11189,1.04196,0.144994
1085440,4240,25.61,0.5122,2918.5,0.569474,0.34445,1.036493,0.670475
1085696,4241,25.61,0.5122,2918.5,0.64164,0.111189,1.040062,0.387807
1085952,4242,25.61,0.5122,2918.5,-1.245375,0.076481,1.052395,0.503737
1086208,4243,25.67,0.5134,2929.4,-1.796499,0.294066,1.040864,1.168773
1086464,4244,25.67,0.5134,2929.4,-1.240594,0.126457,1.039564,0.643555
1086720,4245,25.67,0.5134,2929.4,0.717327,0.244007,1.036738,0.707915
1086976,4246,25.67,0.5134,2929.4,-2.188318,0.176876,1.040797,0.904533
1087232,4247,25.67,0.5134,2929.4,0.10479,0.137413,1.047951,0.132895
1087488,4248,25.67,0.5134,2929.4,1.719659,0.296066,1.042136,1.057878
1087744,4249,25.67,0.5134,2929.4,2.738216,0.484752,1.029165,1.635781
1088000,4250,25.67,0.5134,2929.4,-1.010508,0.145497,1.03968,0.681128
1088256,4251,25.67,0.5134,2929.4,0.460952,0.104135,1.03718,0.314964
1088512,4252,25.67,0.5134,2929.4,1.387723,0.336295,1.035934,1.096385
1088768,4253,25.67,0.5134,2929.4,1.844629,0.522147,1.040131,1.528172
1089024,4254,25.67,0.5134,2929.4,0.743154,0.369324,1.036822,0.832828
1089280,4255,25.67,0.5134,2929.4,1.960164,0.663187,1.042284,1.653638
1089536,4256,25.66,0.5132,2935.2,0.691258,0.338896,1.03321,0.805777
1089792,4257,25.66,0.5132,2935.2,0.613877,0.207987,1.039623,0.53709
1090048,4258,25.66,0.5132,2935.2,-0.248866,0.15009,1.035003,0.222591
1090304,4259,25.66,0.5132,2935.2,1.534599,0.376704,1.0362,1.21364
1090560,4260,25.66,0.5132,2935.2,1.506639,0.212517,1.034157,0.921616
1090816,4261,25.66,0.5132,2935.2,-0.297876,0.111356,1.039207,0.235508
1091072,4262,25.66,0.5132,2935.2,-3.126951,0.304707,1.040236,1.471735
1091328,4263,25.66,0.5132,2935.2,-0.634578,0.104975,1.028527,0.426842
1091584,4264,25.66,0.5132,2935.2,1.035232,0.209782,1.039142,0.80361
1091840,4265,25.66,0.5132,2935.2,-1.070644,0.117546,1.029893,0.597277
1092096,4266,25.66,0.5132,2935.2,0.752116,0.072675,1.032118,0.384962
1092352,4267,25.66,0.5132,2935.2,-1.468421,0.21632,1.036521,0.990982
1092608,4268,25.66,0.5132,2935.2,0.698337,0.086211,1.033676,0.403336
1092864,4269,25.66,0.5132,2935.2,0.545117,0.148556,1.037284,0.437199
1093120,4270,25.69,0.5138,2937.6,0.364867,0.180507,1.030152,0.376227
1093376,4271,25.69,0.5138,2937.6,1.018394,0.184731,1.033998,0.725617
1093632,4272,25.69,0.5138,2937.6,1.170716,0.151607,1.031968,0.717189
1093888,4273,25.69,0.5138,2937.6,-0.273589,0.090955,1.044332,0.203885
1094144,4274,25.69,0.5138,2937.6,0.129004,0.166788,1.044573,0.150497
1094400,4275,25.69,0.5138,2937.6,1.039286,0.251172,1.033694,0.953896
1094656,4276,25.69,0.5138,2937.6,-0.765111,0.108001,1.039611,0.507973
1094912,4277,25.69,0.5138,2937.6,-0.852238,0.053111,1.042256,0.363159
1095168,4278,25.69,0.5138,2937.6,-1.972771,0.203979,1.036004,0.99956
1095424,4279,25.69,0.5138,2937.6,-1.318658,0.203102,1.028279,0.976933
1095680,4280,25.69,0.5138,2937.6,1.038333,0.252376,1.026574,0.932425
1095936,4281,25.69,0.5138,2937.6,0.59667,0.188652,1.032688,0.559949
1096192,4282,25.71,0.5142,2941.5,0.029789,0.114392,1.024458,0.092969
1096448,4283,25.71,0.5142,2941.5,-0.305908,0.23864,1.03261,0.34577
1096704,4284,25.71,0.5142,2941.5,-0.482406,0.131052,1.036233,0.41071
1096960,4285,25.71,0.5142,2941.5,0.353659,0.045534,1.032925,0.174988
1097216,4286,25.71,0.5142,2941.5,-0.209675,0.116285,1.03827,0.190867
1097472,4287,25.71,0.5142,2941.5,0.421455,0.181002,1.030507,0.450252
1097728,4288,25.71,0.5142,2941.5,-0.49216,0.107012,1.036463,0.396351
1097984,4289,25.71,0.5142,2941.5,1.339427,0.466638,1.032846,1.335043
1098240,4290,25.71,0.5142,2941.5,1.649091,0.186272,1.030823,0.976748
1098496,4291,25.71,0.5142,2941.5,-0.466556,0.206304,1.035977,0.54464
1098752,4292,25.71,0.5142,2941.5,-1.016298,0.051928,1.035983,0.430391
1099008,4293,25.71,0.5142,2941.5,1.631396,0.371828,1.030959,1.324113
1099264,4294,25.71,0.5142,2941.5,-1.031689,0.067986,1.035215,0.476558
1099520,4295,25.71,0.5142,2941.5,0.241,0.273362,1.025919,0.296783
1099776,4296,25.67,0.5134,2950.1,-1.276663,0.156912,1.025038,0.893586
1100032,4297,25.67,0.5134,2950.1,-1.910816,0.357053,1.035573,1.369745
1100288,4298,25.67,0.5134,2950.1,0.133304,0.088915,1.032492,0.114616
1100544,4299,25.67,0.5134,2950.1,0.706271,0.206637,1.029811,0.659463
1100800,4300,25.67,0.5134,2950.1,-1.45646,0.250257,1.027548,1.094173
1101056,4301,25.67,0.5134,2950.1,2.474069,0.395203,1.032113,1.549301
1101312,4302,25.67,0.5134,2950.1,0.376586,0.190132,1.025949,0.452624
1101568,4303,25.67,0.5134,2950.1,-0.648121,0.124588,1.027584,0.553097
1101824,4304,25.67,0.5134,2950.1,-0.705987,0.095031,1.03297,0.45127
1102080,4305,25.67,0.5134,2950.1,-0.250307,0.149148,1.030235,0.236342
1102336,4306,25.67,0.5134,2950.1,0.023825,0.076958,1.035517,0.05548
1102592,4307,25.67,0.5134,2950.1,-2.074203,0.209293,1.042657,1.096724
1102848,4308,25.67,0.5134,2950.1,-0.394926,0.061904,1.038098,0.226035
1103104,4309,25.6,0.512,2956.8,-0.839553,0.211579,1.033807,0.794009
1103360,4310,25.6,0.512,2956.8,-0.402672,0.111941,1.032826,0.300603
1103616,4311,25.6,0.512,2956.8,0.747006,0.566433,1.030566,1.156052
1103872,4312,25.6,0.512,2956.8,-0.953968,0.124309,1.033604,0.598205
1104128,4313,25.6,0.512,2956.8,1.219409,0.185008,1.044778,0.805591
1104384,4314,25.6,0.512,2956.8,0.348501,0.259647,1.026102,0.4253
1104640,4315,25.6,0.512,2956.8,0.155697,0.111858,1.040126,0.159179
1104896,4316,25.6,0.512,2956.8,-1.165433,0.214018,1.032892,0.876428
1105152,4317,25.6,0.512,2956.8,-0.253742,0.311914,1.034745,0.37518
1105408,4318,25.6,0.512,2956.8,1.058431,0.483807,1.030877,1.286293
1105664,4319,25.6,0.512,2956.8,-0.088852,0.195285,1.038919,0.120462
1105920,4320,25.6,0.512,2956.8,0.148597,0.08651,1.030191,0.163371
1106176,4321,25.63,0.5126,2960.3,-0.358338,0.229015,1.038464,0.378192
1106432,4322,25.63,0.5126,2960.3,-0.305754,0.140376,1.034506,0.278942
1106688,4323,25.63,0.5126,2960.3,-1.957531,0.293346,1.029452,1.185146
1106944,4324,25.63,0.5126,2960.3,1.240762,0.255642,1.033896,0.959638
1107200,4325,25.63,0.5126,2960.3,-1.584237,0.218381,1.033504,1.017087
1107456,4326,25.63,0.5126,2960.3,0.555439,0.080805,1.035804,0.337417
1107712,4327,25.63,0.5126,2960.3,0.168957,0.115046,1.034922,0.139804
1107968,4328,25.63,0.5126,2960.3,-0.04155,0.126249,1.041476,0.083041
1108224,4329,25.63,0.5126,2960.3,-0.370315,0.094637,1.034809,0.248334
1108480,4330,25.63,0.5126,2960.3,-0.779156,0.163505,1.03478,0.618646
1108736,4331,25.63,0.5126,2960.3,1.446496,0.323668,1.037682,1.11512
1108992,4332,25.63,0.5126,2960.3,-0.929575,0.091243,1.036345,0.506392
1109248,4333,25.63,0.5126,2960.3,-0.756122,0.050048,1.036013,0.327522
1109504,4334,25.58,0.5116,2965.9,-0.38367,0.230787,1.039086,0.414369
1109760,4335,25.58,0.5116,2965.9,-0.031442,0.223854,1.037597,0.108203
1110016,4336,25.58,0.5116,2965.9,0.74576,0.111353,1.041026,0.455138
1110272,4337,25.58,0.5116,2965.9,1.600537,0.397737,1.035278,1.291051
1110528,4338,25.58,0.5116,2965.9,0.238562,0.433768,1.037287,0.376504
1110784,4339,25.58,0.5116,2965.9,-0.165321,0.114582,1.034664,0.131215
1111040,4340,25.58,0.5116,2965.9,0.490262,0.690662,1.035899,0.921243
1111296,4341,25.58,0.5116,2965.9,0.247814,0.153182,1.051653,0.210507
1111552,4342,25.58,0.5116,2965.9,0.20464,0.213016,1.038048,0.262392
1111808,4343,25.58,0.5116,2965.9,-0.488387,0.108927,1.043415,0.361671
1112064,4344,25.58,0.5116,2965.9,-2.363271,0.239647,1.043456,1.106484
1112320,4345,25.58,0.5116,2965.9,-0.378144,0.055952,1.041988,0.198916
1112576,4346,25.58,0.5116,2965.9,-2.384845,0.277207,1.032323,1.347681
1112832,4347,25.63,0.5126,2971.9,-0.047451,0.091473,1.040053,0.056942
1113088,4348,25.63,0.5126,2971.9,-0.452161,0.090591,1.043268,0.307996
1113344,4349,25.63,0.5126,2971.9,-0.165478,0.200179,1.03467,0.196751
1113600,4350,25.63,0.5126,2971.9,-0.473867,0.082732,1.050349,0.30101
1113856,4351,25.63,0.5126,2971.9,1.790972,0.703051,1.038521,1.785872
1114112,4352,25.63,0.5126,2971.9,0.66156,0.157963,1.03913,0.508091
1114368,4353,25.63,0.5126,2971.9,2.401116,0.343749,1.039233,1.29186
1114624,4354,25.63,0.5126,2971.9,-1.949009,0.168631,1.047072,0.856206
1114880,4355,25.63,0.5126,2971.9,-2.887406,0.267512,1.041688,1.166711
1115136,4356,25.63,0.5126,2971.9,-0.225781,0.082,1.043037,0.169266
1115392,4357,25.63,0.5126,2971.9,0.064055,0.087465,1.03814,0.063296
1115648,4358,25.63,0.5126,2971.9,-0.146102,0.089979,1.039083,0.115251
1115904,4359,25.63,0.5126,2971.9,-0.228814,0.121447,1.047675,0.175484
1116160,4360,25.56,0.5112,2977.9,-0.089927,0.07954,1.043299,0.077095
1116416,4361,25.56,0.5112,2977.9,-0.417265,0.108942,1.039751,0.298659
1116672,4362,25.56,0.5112,2977.9,-0.843456,0.091834,1.040346,0.449792
1116928,4363,25.56,0.5112,2977.9,-0.789242,0.114003,1.045915,0.467615
1117184,4364,25.56,0.5112,2977.9,-0.116482,0.114385,1.050167,0.089493
1117440,4365,25.56,0.5112,2977.9,0.495478,0.299347,1.042114,0.540956
1117696,4366,25.56,0.5112,2977.9,1.542727,0.685595,1.047194,1.55934
1117952,4367,25.56,0.5112,2977.9,-0.629192,0.19527,1.040766,0.563591
1118208,4368,25.56,0.5112,2977.9,-0.374838,0.095039,1.048335,0.242758
1118464,4369,25.56,0.5112,2977.9,1.091002,0.214037,1.043763,0.781382
1118720,4370,25.56,0.5112,2977.9,1.289068,0.437044,1.040997,1.227506
1118976,4371,25.56,0.5112,2977.9,1.360856,0.234683,1.049044,0.950484
1119232,4372,25.56,0.5112,2977.9,0.240243,0.060223,1.043531,0.146759
1119488,4373,25.63,0.5126,2978.7,0.306044,0.130833,1.052429,0.222599
1119744,4374,25.63,0.5126,2978.7,0.587479,0.327368,1.044096,0.649677
1120000,4375,25.63,0.5126,2978.7,-2.173233,0.208293,1.046087,0.996614
1120256,4376,25.63,0.5126,2978.7,1.736105,0.329188,1.045782,1.125411
1120512,4377,25.63,0.5126,2978.7,0.668806,0.114544,1.037124,0.429464
1120768,4378,25.63,0.5126,2978.7,-2.142123,0.162573,1.050115,0.866006
1121024,4379,25.63,0.5126,2978.7,-0.196332,0.076218,1.045213,0.114808
1121280,4380,25.63,0.5126,2978.7,-0.034767,0.111298,1.038152,0.039786
1121536,4381,25.63,0.5126,2978.7,0.609844,0.142827,1.045399,0.427136
1121792,4382,25.63,0.5126,2978.7,0.632209,0.099712,1.046691,0.379673
1122048,4383,25.63,0.5126,2978.7,-0.371844,0.196842,1.037646,0.368581
1122304,4384,25.63,0.5126,2978.7,0.540018,0.182342,1.03872,0.481175
1122560,4385,25.63,0.5126,2978.7,-0.709594,0.085327,1.041632,0.405333
1122816,4386,25.63,0.5126,2978.7,-0.972755,0.144501,1.037319,0.630415
1123072,4387,25.51,0.5102,2985.6,-0.404815,0.367711,1.037199,0.55154
1123328,4388,25.51,0.5102,2985.6,1.159501,0.450276,1.040967,1.198391
1123584,4389,25.51,0.5102,2985.6,0.212722,0.182585,1.042947,0.224809
1123840,4390,25.51,0.5102,2985.6,0.815422,0.376726,1.045991,0.882464
1124096,4391,25.51,0.5102,2985.6,1.005285,0.185635,1.04129,0.707479
1124352,4392,25.51,0.5102,2985.6,0.842562,0.180426,1.040015,0.679948
1124608,4393,25.51,0.5102,2985.6,2.128992,0.492016,1.043286,1.48236
1124864,4394,25.51,0.5102,2985.6,-2.136614,0.186308,1.045776,0.930508
1125120,4395,25.51,0.5102,2985.6,-0.204421,0.093687,1.043844,0.137071
1125376,4396,25.51,0.5102,2985.6,0.775413,0.084884,1.048198,0.400818
1125632,4397,25.51,0.5102,2985.6,-0.552197,0.065716,1.042902,0.274299
1125888,4398,25.52,0.5104,2985.1,0.07088,0.160183,1.040967,0.081712
1126144,4399,25.52,0.5104,2985.1,0.027144,0.134283,1.045885,0.041034
1126400,4400,25.52,0.5104,2985.1,-2.446418,0.293635,1.040027,1.223561
1126656,4401,25.52,0.5104,2985.1,0.835651,0.189403,1.040639,0.66154
1126912,4402,25.52,0.5104,2985.1,0.380385,0.143743,1.043983,0.32011
1127168,4403,25.52,0.5104,2985.1,0.370936,0.058701,1.039868,0.204184
1127424,4404,25.52,0.5104,2985.1,-0.160678,0.098211,1.041761,0.122376
1127680,4405,25.52,0.5104,2985.1,-0.579961,0.111545,1.041148,0.402801
1127936,4406,25.52,0.5104,2985.1,0.955622,0.104925,1.045267,0.541345
1128192,4407,25.52,0.5104,2985.1,0.568925,0.171529,1.037405,0.516894
1128448,4408,25.52,0.5104,2985.1,-1.072997,0.20096,1.03868,0.907751
1128704,4409,25.52,0.5104,2985.1,1.558432,0.567571,1.044508,1.557473
1128960,4410,25.52,0.5104,2985.1,-1.770128,0.221722,1.041719,1.003534
1129216,4411,25.49,0.5098,2996.2,-1.36573,0.340209,1.039119,1.139195
1129472,4412,25.49,0.5098,2996.2,1.210875,0.190713,1.039353,0.831189
1129728,4413,25.49,0.5098,2996.2,0.640306,0.121865,1.038895,0.462456
1129984,4414,25.49,0.5098,2996.2,-2.591455,0.400278,1.038164,1.460263
1130240,4415,25.49,0.5098,2996.2,0.931278,0.287628,1.044313,0.86678
1130496,4416,25.49,0.5098,2996.2,-1.978639,0.269843,1.042436,1.203941
1130752,4417,25.49,0.5098,2996.2,-0.513474,0.216097,1.040233,0.533043
1131008,4418,25.49,0.5098,2996.2,-1.390152,0.138062,1.041386,0.727479
1131264,4419,25.49,0.5098,2996.2,-2.353965,0.218104,1.042978,1.069015
1131520,4420,25.49,0.5098,2996.2,1.35852,0.193116,1.039056,0.885023
1131776,4421,25.49,0.5098,2996.2,-0.539203,0.060001,1.042723,0.278836
1132032,4422,25.49,0.5098,2996.2,-2.228237,0.251667,1.043515,1.100283
1132288,4423,25.49,0.5098,2996.2,-0.943007,0.194544,1.041799,0.721752
1132544,4424,25.45,0.509,3005.7,-0.764327,0.375734,1.044004,0.835291
1132800,4425,25.45,0.509,3005.7,-0.329585,0.120726,1.043549,0.28071
1133056,4426,25.45,0.509,3005.7,0.364913,0.084024,1.042329,0.236267
1133312,4427,25.45,0.509,3005.7,-0.149829,0.075414,1.042621,0.108178
1133568,4428,25.45,0.509,3005.7,0.434692,0.127232,1.042451,0.331533
1133824,4429,25.45,0.509,3005.7,1.015549,0.194629,1.037064,0.762106
1134080,4430,25.45,0.509,3005.7,0.55994,0.243992,1.034554,0.592157
1134336,4431,25.45,0.509,3005.7,0.272415,0.648022,1.035902,0.502477
1134592,4432,25.45,0.509,3005.7,0.11351,0.063921,1.037086,0.112535
1134848,4433,25.45,0.509,3005.7,0.065001,0.088419,1.037723,0.05652
1135104,4434,25.45,0.509,3005.7,-0.15737,0.176094,1.038518,0.164424
1135360,4435,25.51,0.5102,3009.7,-0.280104,0.282538,1.031007,0.360322
1135616,4436,25.51,0.5102,3009.7,-0.819464,0.130321,1.035282,0.527851
1135872,4437,25.51,0.5102,3009.7,0.314135,0.063035,1.034606,0.191766
1136128,4438,25.51,0.5102,3009.7,-0.461244,0.108926,1.035118,0.345421
1136384,4439,25.51,0.5102,3009.7,-0.174675,0.155519,1.030648,0.184183
1136640,4440,25.51,0.5102,3009.7,-1.64478,0.148893,1.041285,0.743643
1136896,4441,25.51,0.5102,3009.7,-1.451448,0.213232,1.03259,0.962166
1137152,4442,25.51,0.5102,3009.7,0.772955,0.12422,1.032031,0.518607
1137408,4443,25.51,0.5102,3009.7,-2.669877,0.190452,1.042066,1.006663
1137664,4444,25.51,0.5102,3009.7,-0.483516,0.044322,1.040809,0.20309
1137920,4445,25.51,0.5102,3009.7,0.315088,0.117346,1.035856,0.231338
1138176,4446,25.51,0.5102,3009.7,1.166569,0.367972,1.030837,1.100422
1138432,4447,25.51,0.5102,3009.7,0.843321,0.160999,1.035207,0.601592
1138688,4448,25.51,0.5102,3009.7,-0.125505,0.116985,1.039072,0.109263
1138944,4449,25.48,0.5096,3018.7,-0.245941,0.13486,1.030771,0.217874
1139200,4450,25.48,0.5096,3018.7,-0.792838,0.14106,1.03688,0.514138
1139456,4451,25.48,0.5096,3018.7,1.15572,0.512428,1.036177,1.27025
1139712,4452,25.48,0.5096,3018.7,0.782217,0.096457,1.030668,0.448672
1139968,4453,25.48,0.5096,3018.7,-0.835274,0.09169,1.027518,0.433049
1140224,4454,25.48,0.5096,3018.7,1.185013,0.219056,1.033748,0.87042
1140480,4455,25.48,0.5096,3018.7,-0.250727,0.067864,1.020302,0.16438
1140736,4456,25.48,0.5096,3018.7,0.5029,0.134058,1.033878,0.373898
1140992,4457,25.48,0.5096,3018.7,0.967911,0.422919,1.022589,1.162918
1141248,4458,25.48,0.5096,3018.7,0.516255,0.155515,1.030501,0.432218
1141504,4459,25.48,0.5096,3018.7,2.023277,0.56333,1.029351,1.624845
1141760,4460,25.48,0.5096,3018.7,0.514145,0.156243,1.033097,0.40507
1142016,4461,25.48,0.5096,3018.7,-0.428759,0.107402,1.034379,0.303919
1142272,4462,25.54,0.5108,3024.7,0.13517,0.156786,1.020162,0.129771
1142528,4463,25.54,0.5108,3024.7,0.349946,0.118201,1.019332,0.266463
1142784,4464,25.54,0.5108,3024.7,-0.673415,0.103761,1.013903,0.552134
1143040,4465,25.54,0.5108,3024.7,0.656695,0.724018,1.024084,1.135867
1143296,4466,25.54,0.5108,3024.7,0.626777,0.070961,1.02488,0.34873
1143552,4467,25.54,0.5108,3024.7,-0.520559,0.169716,1.026812,0.444578
1143808,4468,25.54,0.5108,3024.7,0.687438,0.346726,1.026112,0.805582
1144064,4469,25.54,0.5108,3024.7,0.514879,0.270656,1.030075,0.553141
1144320,4470,25.54,0.5108,3024.7,0.390333,0.147472,1.021289,0.349447
1144576,4471,25.54,0.5108,3024.7,-1.696342,0.314103,1.021263,1.182788
1144832,4472,25.54,0.5108,3024.7,-0.226006,0.290858,1.026042,0.32148
1145088,4473,25.51,0.5102,3026.8,-0.472794,0.146115,1.028159,0.412447
1145344,4474,25.51,0.5102,3026.8,-0.164298,0.22308,1.02812,0.248583
1145600,4475,25.51,0.5102,3026.8,0.907905,0.295105,1.021125,0.901798
1145856,4476,25.51,0.5102,3026.8,1.123209,0.494036,1.02453,1.291122
1146112,4477,25.51,0.5102,3026.8,-2.409316,0.182114,1.03033,0.938336
1146368,4478,25.51,0.5102,3026.8,-1.037425,0.174292,1.012743,0.795727
1146624,4479,25.51,0.5102,3026.8,-1.891835,0.306214,1.018446,1.241138
1146880,4480,25.51,0.5102,3026.8,-0.47771,0.043327,1.032225,0.220939
1147136,4481,25.51,0.5102,3026.8,0.924707,0.138681,1.015263,0.646408
1147392,4482,25.51,0.5102,3026.8,1.146311,0.185763,1.021281,0.807462
1147648,4483,25.51,0.5102,3026.8,1.361772,0.248104,1.023291,0.946242
1147904,4484,25.51,0.5102,3026.8,0.347266,0.113104,1.02269,0.266456
1148160,4485,25.47,0.5094,3030.5,-0.290709,0.258355,1.028756,0.34864
1148416,4486,25.47,0.5094,3030.5,-2.270592,0.26677,1.034073,1.215028
1148672,4487,25.47,0.5094,3030.5,2.037621,0.596403,1.029009,1.757354
1148928,4488,25.47,0.5094,3030.5,0.187722,0.077696,1.027451,0.132243
1149184,4489,25.47,0.5094,3030.5,0.434023,0.142353,1.021001,0.40022
1149440,4490,25.47,0.5094,3030.5,1.553579,1.257616,1.021613,2.393688
1149696,4491,25.47,0.5094,3030.5,-1.805346,0.268917,1.02374,1.204379
1149952,4492,25.47,0.5094,3030.5,0.219376,0.092528,1.034234,0.155896
1150208,4493,25.47,0.5094,3030.5,-0.223403,0.078443,1.025797,0.155441
1150464,4494,25.47,0.5094,3030.5,-2.692264,0.245186,1.02583,1.137544
1150720,4495,25.47,0.5094,3030.5,0.149901,0.07015,1.026347,0.104865
1150976,4496,25.47,0.5094,3030.5,0.661385,0.201464,1.028797,0.604035
1151232,4497,25.44,0.5088,3033.1,0.559099,0.188485,1.026966,0.544594
1151488,4498,25.44,0.5088,3033.1,-0.029052,0.097112,1.018594,0.047406
1151744,4499,25.44,0.5088,3033.1,0.949292,0.172083,1.019707,0.742428
1152000,4500,25.44,0.5088,3033.1,-0.563402,0.150109,1.022615,0.484322
1152256,4501,25.44,0.5088,3033.1,0.495551,0.102418,1.012319,0.39742
1152512,4502,25.44,0.5088,3033.1,0.675755,0.118971,1.026424,0.479064
1152768,4503,25.44,0.5088,3033.1,-0.754895,0.096075,1.02296,0.510273
1153024,4504,25.44,0.5088,3033.1,0.573811,0.346084,1.012212,0.836818
1153280,4505,25.44,0.5088,3033.1,0.847144,0.203923,1.01973,0.70743
1153536,4506,25.44,0.5088,3033.1,0.836401,0.108328,1.009191,0.579595
1153792,4507,25.44,0.5088,3033.1,0.518906,0.226101,1.015636,0.634102
1154048,4508,25.44,0.5088,3033.1,-2.054792,0.362517,1.015121,1.468175
1154304,4509,25.51,0.5102,3033.3,-0.069521,0.140527,1.006951,0.123663
1154560,4510,25.51,0.5102,3033.3,0.256115,0.081651,1.005358,0.196407
1154816,4511,25.51,0.5102,3033.3,-0.18031,0.087311,1.008883,0.178993
1155072,4512,25.51,0.5102,3033.3,-1.013819,0.126542,1.019464,0.680427
1155328,4513,25.51,0.5102,3033.3,-0.629127,0.244484,1.005073,0.720777
1155584,4514,25.51,0.5102,3033.3,0.715196,0.354743,1.003504,0.939128
1155840,4515,25.51,0.5102,3033.3,1.26739,0.253678,1.002931,1.102151
1156096,4516,25.51,0.5102,3033.3,1.217474,0.343498,1.007295,1.243101
1156352,4517,25.51,0.5102,3033.3,-0.273487,0.086941,1.011671,0.217169
1156608,4518,25.51,0.5102,3033.3,0.09309,0.162994,1.002224,0.110556
1156864,4519,25.51,0.5102,3033.3,0.118217,0.114065,1.010993,0.124362
1157120,4520,25.59,0.5118,3033.0,-1.578801,0.145901,1.005118,0.940176
1157376,4521,25.59,0.5118,3033.0,-0.898926,0.116053,1.004974,0.633212
1157632,4522,25.59,0.5118,3033.0,0.033555,0.15957,0.99858,0.124491
1157888,4523,25.59,0.5118,3033.0,1.038363,0.120109,1.010845,0.696406
1158144,4524,25.59,0.5118,3033.0,-0.259435,0.110409,1.010391,0.239403
1158400,4525,25.59,0.5118,3033.0,-1.730403,0.266339,1.001457,1.429698
1158656,4526,25.59,0.5118,3033.0,-0.736085,0.212825,1.009139,0.758656
1158912,4527,25.59,0.5118,3033.0,-0.099581,0.098303,1.006095,0.091695
1159168,4528,25.59,0.5118,3033.0,-0.069293,0.204443,1.002691,0.118951
1159424,4529,25.59,0.5118,3033.0,0.003696,0.084548,1.011768,0.042256
1159680,4530,25.59,0.5118,3033.0,0.236918,0.103522,1.001874,0.249187
1159936,4531,25.6,0.512,3038.2,0.875173,0.245771,0.999763,0.913142
1160192,4532,25.6,0.512,3038.2,0.461782,0.107271,1.009172,0.382911
1160448,4533,25.6,0.512,3038.2,0.340178,0.220725,1.014082,0.404026
1160704,4534,25.6,0.512,3038.2,0.602674,0.284571,1.005851,0.857108
1160960,4535,25.6,0.512,3038.2,0.387508,0.243754,1.000962,0.496732
1161216,4536,25.6,0.512,3038.2,2.308411,0.784237,0.99663,2.660663
1161472,4537,25.6,0.512,3038.2,0.584945,0.18031,1.002851,0.620262
1161728,4538,25.6,0.512,3038.2,0.230199,0.122457,0.997494,0.226609
1161984,4539,25.6,0.512,3038.2,0.646065,0.083141,1.000688,0.45412
1162240,4540,25.6,0.512,3038.2,1.221809,0.587233,0.991254,1.837799
1162496,4541,25.69,0.5138,3036.5,-1.023969,0.128448,1.002983,0.812314
1162752,4542,25.69,0.5138,3036.5,-0.965744,0.287681,0.992306,1.120267
1163008,4543,25.69,0.5138,3036.5,0.421725,0.230057,0.97834,0.610696
1163264,4544,25.69,0.5138,3036.5,-1.651635,0.440952,0.983054,1.867515
1163520,4545,25.69,0.5138,3036.5,-0.473126,0.181098,1.000708,0.562174
1163776,4546,25.69,0.5138,3036.5,-0.324434,0.103956,0.998533,0.340893
1164032,4547,25.69,0.5138,3036.5,0.56705,0.07276,0.976945,0.43776
1164288,4548,25.69,0.5138,3036.5,0.148946,0.313921,0.992543,0.26004
1164544,4549,25.69,0.5138,3036.5,-1.101647,0.253067,0.993721,1.175458
1164800,4550,25.69,0.5138,3036.5,-0.556092,0.25202,0.974009,0.887815
1165056,4551,25.67,0.5134,3031.2,-1.237558,0.555339,0.996315,1.797898
1165312,4552,25.67,0.5134,3031.2,-1.863481,0.268832,0.989097,1.414672
1165568,4553,25.67,0.5134,3031.2,-0.745476,0.376591,0.978391,1.204352
1165824,4554,25.67,0.5134,3031.2,-0.229992,0.181283,0.994577,0.377939
1166080,4555,25.67,0.5134,3031.2,-0.36737,0.262207,0.994411,0.651604
1166336,4556,25.67,0.5134,3031.2,-0.86185,0.092984,0.998973,0.618737
1166592,4557,25.67,0.5134,3031.2,-0.202886,0.114774,0.99092,0.227776
1166848,4558,25.67,0.5134,3031.2,-0.452519,0.05835,0.997415,0.278854
1167104,4559,25.67,0.5134,3031.2,0.183554,0.15056,1.017689,0.223306
1167360,4560,25.67,0.5134,3031.2,-2.618883,0.470405,1.015694,1.793023
1167616,4561,25.67,0.5134,3031.2,-0.472914,0.195079,1.007745,0.561365
1167872,4562,25.67,0.5134,3031.2,0.045181,0.103638,1.012273,0.106246
1168128,4563,25.62,0.5124,3033.7,-1.089479,0.085404,1.019415,0.588409
1168384,4564,25.62,0.5124,3033.7,0.31098,0.147338,1.008858,0.325974
1168640,4565,25.62,0.5124,3033.7,0.426419,0.233788,1.029509,0.487697
1168896,4566,25.62,0.5124,3033.7,-0.085733,0.159375,1.007262,0.133781
1169152,4567,25.62,0.5124,3033.7,0.553957,0.099418,1.019999,0.416104
1169408,4568,25.62,0.5124,3033.7,-0.868785,0.208868,1.01343,0.846603
1169664,4569,25.62,0.5124,3033.7,-0.260151,0.206215,1.018889,0.353163
1169920,4570,25.62,0.5124,3033.7,1.690467,0.458187,1.017581,1.560492
1170176,4571,25.62,0.5124,3033.7,-0.139195,0.049721,1.022079,0.09622
1170432,4572,25.62,0.5124,3033.7,1.894182,1.335587,1.018433,2.778714
1170688,4573,25.62,0.5124,3033.7,-1.51299,0.193001,1.03212,0.942946
1170944,4574,25.62,0.5124,3033.7,-0.303293,0.134728,1.032914,0.255674
1171200,4575,25.69,0.5138,3028.9,0.315735,0.161938,1.024986,0.376451
1171456,4576,25.69,0.5138,3028.9,1.398335,0.648115,1.017918,1.814098
1171712,4577,25.69,0.5138,3028.9,0.211904,0.114825,1.024863,0.224752
1171968,4578,25.69,0.5138,3028.9,0.307184,0.154225,1.027123,0.281248
1172224,4579,25.69,0.5138,3028.9,1.816822,0.312325,1.022153,1.321655
1172480,4580,25.69,0.5138,3028.9,1.463755,0.55841,1.026647,1.593768
1172736,4581,25.69,0.5138,3028.9,1.259943,0.143248,1.021778,0.788962
1172992,4582,25.69,0.5138,3028.9,1.077113,0.248245,1.010308,1.037641
1173248,4583,25.69,0.5138,3028.9,-0.075572,0.098593,1.014024,0.077822
1173504,4584,25.69,0.5138,3028.9,-0.423428,0.190045,1.017201,0.503189
1173760,4585,25.69,0.5138,3028.9,-0.300079,0.128264,1.02245,0.312153
1174016,4586,25.69,0.5138,3028.9,-0.177834,0.083406,1.016826,0.174022
1174272,4587,25.77,0.5154,3026.8,0.580971,0.127383,1.020258,0.514784
1174528,4588,25.77,0.5154,3026.8,-0.565696,0.213535,1.020674,0.618841
1174784,4589,25.77,0.5154,3026.8,1.49271,0.250984,1.020978,1.103034
1175040,4590,25.77,0.5154,3026.8,0.691182,0.213407,1.011225,0.821621
1175296,4591,25.77,0.5154,3026.8,-0.319964,0.079776,1.01996,0.241913
1175552,4592,25.77,0.5154,3026.8,-0.542437,0.143598,1.027699,0.471055
1175808,4593,25.77,0.5154,3026.8,0.876496,0.15537,1.020403,0.722686
1176064,4594,25.77,0.5154,3026.8,-0.300946,0.087418,1.014695,0.259543
1176320,4595,25.77,0.5154,3026.8,0.794821,0.165137,1.022268,0.652509
1176576,4596,25.77,0.5154,3026.8,-1.768928,0.159358,1.022792,1.072515
1176832,4597,25.77,0.5154,3026.8,0.207133,0.147991,1.021019,0.209396
1177088,4598,25.76,0.5152,3022.4,-0.33274,0.126454,1.020304,0.317525
1177344,4599,25.76,0.5152,3022.4,-1.734645,0.340621,1.024937,1.40515
1177600,4600,25.76,0.5152,3022.4,0.09181,0.215408,1.018745,0.123879
1177856,4601,25.76,0.5152,3022.4,-0.897006,0.158528,1.020025,0.771482
1178112,4602,25.76,0.5152,3022.4,0.819966,0.428977,1.02213,1.183248
1178368,4603,25.76,0.5152,3022.4,2.581214,0.502165,1.02679,1.749262
1178624,4604,25.76,0.5152,3022.4,-2.180954,0.439041,1.028244,1.623446
1178880,4605,25.76,0.5152,3022.4,-1.225394,0.156939,1.025169,0.877033
1179136,4606,25.76,0.5152,3022.4,-0.688357,0.150732,1.024125,0.591203
1179392,4607,25.76,0.5152,3022.4,0.150223,0.078197,1.026881,0.109087
1179648,4608,25.76,0.5152,3022.4,-1.155137,0.197239,1.027946,0.889917
1179904,4609,25.71,0.5142,3013.7,0.908923,1.025393,1.021764,1.921702
1180160,4610,25.71,0.5142,3013.7,-0.783796,0.183854,1.025708,0.729339
1180416,4611,25.71,0.5142,3013.7,-4.325915,0.410963,1.028436,1.756605
1180672,4612,25.71,0.5142,3013.7,-0.230947,0.047907,1.031301,0.135759
1180928,4613,25.71,0.5142,3013.7,0.073116,0.099912,1.025141,0.096727
1181184,4614,25.71,0.5142,3013.7,0.143877,0.167891,1.024463,0.181115
1181440,4615,25.71,0.5142,3013.7,-2.233518,0.294572,1.032207,1.329995
1181696,4616,25.71,0.5142,3013.7,-0.205977,0.172458,1.021188,0.231546
1181952,4617,25.71,0.5142,3013.7,-1.930963,0.257885,1.028945,1.2048
1182208,4618,25.71,0.5142,3013.7,-0.55508,0.207985,1.023974,0.566148
1182464,4619,25.71,0.5142,3013.7,-0.27527,0.12286,1.024528,0.247935
1182720,4620,25.71,0.5142,3013.7,-0.91143,0.147628,1.029003,0.643148
1182976,4621,25.71,0.5142,3013.7,1.405432,0.361363,1.028339,1.274495
1183232,4622,25.68,0.5136,3014.7,1.007691,0.206549,1.02745,0.905625
1183488,4623,25.68,0.5136,3014.7,0.782921,0.15365,1.027502,0.608136
1183744,4624,25.68,0.5136,3014.7,0.39346,0.097132,1.02622,0.305383
1184000,4625,25.68,0.5136,3014.7,-2.069302,0.344185,1.023286,1.391927
1184256,4626,25.68,0.5136,3014.7,-0.233252,0.117939,1.028127,0.216255
1184512,4627,25.68,0.5136,3014.7,0.043789,0.15307,1.023441,0.076455
1184768,4628,25.68,0.5136,3014.7,-0.671859,0.118422,1.030435,0.479755
1185024,4629,25.68,0.5136,3014.7,1.222727,0.807711,1.023852,1.794131
1185280,4630,25.68,0.5136,3014.7,0.337902,0.071463,1.029218,0.23633
1185536,4631,25.68,0.5136,3014.7,-2.352476,0.318815,1.022137,1.35625
1185792,4632,25.68,0.5136,3014.7,-0.195608,0.150089,1.025905,0.177675
1186048,4633,25.68,0.5136,3014.7,-0.578094,0.170219,1.028845,0.495274
1186304,4634,25.71,0.5142,3019.8,1.344602,0.511294,1.02922,1.394442
1186560,4635,25.71,0.5142,3019.8,0.082347,0.062722,1.017271,0.074137
1186816,4636,25.71,0.5142,3019.8,1.252618,0.348066,1.020926,1.188848
1187072,4637,25.71,0.5142,3019.8,0.094084,0.158184,1.03214,0.140586
1187328,4638,25.71,0.5142,3019.8,-0.789523,0.090732,1.021523,0.460615
1187584,4639,25.71,0.5142,3019.8,1.325553,0.496015,1.030703,1.421013
1187840,4640,25.71,0.5142,3019.8,-0.272766,0.185979,1.027004,0.31297
1188096,4641,25.71,0.5142,3019.8,-0.512555,0.113713,1.02338,0.382843
1188352,4642,25.71,0.5142,3019.8,0.05311,0.094825,1.022591,0.080232
1188608,4643,25.71,0.5142,3019.8,0.426536,0.064127,1.023277,0.268681
1188864,4644,25.71,0.5142,3019.8,0.119987,0.135665,1.029165,0.107706
1189120,4645,25.71,0.5142,3019.8,0.475864,0.237984,1.022222,0.56333
1189376,4646,25.71,0.5142,3015.9,-1.137797,0.196937,1.025444,0.826548
1189632,4647,25.71,0.5142,3015.9,-0.079584,0.074463,1.020488,0.066557
1189888,4648,25.71,0.5142,3015.9,0.338657,0.086303,1.023269,0.239146
1190144,4649,25.71,0.5142,3015.9,0.301577,0.134406,1.022146,0.262581
1190400,4650,25.71,0.5142,3015.9,-0.438422,0.070269,1.024448,0.250548
1190656,4651,25.71,0.5142,3015.9,-1.621112,0.256564,1.022552,1.074486
1190912,4652,25.71,0.5142,3015.9,-1.981774,0.290459,1.020459,1.365653
1191168,4653,25.71,0.5142,3015.9,-0.43068,0.125557,1.020691,0.354464
1191424,4654,25.71,0.5142,3015.9,0.597937,0.169218,1.024103,0.489932
1191680,4655,25.71,0.5142,3015.9,1.940665,0.427575,1.023256,1.487405
1191936,4656,25.71,0.5142,3015.9,-1.581394,0.299142,1.015972,1.199827
1192192,4657,25.62,0.5124,3012.7,0.000902,0.255546,1.021615,0.119892
1192448,4658,25.62,0.5124,3012.7,0.781023,0.234913,1.023112,0.761922
1192704,4659,25.62,0.5124,3012.7,-1.312219,0.175903,1.016993,0.849171
1192960,4660,25.62,0.5124,3012.7,-0.737802,0.100568,1.023743,0.451999
1193216,4661,25.62,0.5124,3012.7,-1.384529,0.223648,1.023741,0.967874
1193472,4662,25.62,0.5124,3012.7,-0.393247,0.101998,1.020552,0.31307
1193728,4663,25.62,0.5124,3012.7,0.723464,0.554976,1.028163,1.108651
1193984,4664,25.62,0.5124,3012.7,0.299495,0.320556,1.027995,0.398796
1194240,4665,25.62,0.5124,3012.7,-1.099033,0.108666,1.024749,0.59077
1194496,4666,25.62,0.5124,3012.7,0.952652,0.251069,1.024099,0.892721
1194752,4667,25.62,0.5124,3012.7,0.922582,0.353395,1.025054,1.025634
1195008,4668,25.58,0.5116,3008.8,-0.678952,0.439063,1.02171,0.901405
1195264,4669,25.58,0.5116,3008.8,1.257309,0.148231,1.023291,0.817751
1195520,4670,25.58,0.5116,3008.8,0.221306,0.077562,1.023938,0.161532
1195776,4671,25.58,0.5116,3008.8,-0.191166,0.123457,1.024525,0.180717
1196032,4672,25.58,0.5116,3008.8,0.29534,0.097722,1.022231,0.219329
1196288,4673,25.58,0.5116,3008.8,1.438832,0.698357,1.025818,1.718785
1196544,4674,25.58,0.5116,3008.8,0.689818,0.147835,1.027098,0.507884
1196800,4675,25.58,0.5116,3008.8,-0.340479,0.139392,1.023223,0.304818
1197056,4676,25.58,0.5116,3008.8,-0.452475,0.201706,1.014112,0.53309
1197312,4677,25.58,0.5116,3008.8,0.375925,0.071565,1.017548,0.271285
1197568,4678,25.58,0.5116,3008.8,-1.244837,0.166507,1.021606,0.800343
1197824,4679,25.58,0.5116,3008.8,0.654749,0.078187,1.023693,0.372433
1198080,4680,25.58,0.5116,3008.8,0.900826,0.785178,1.018528,1.572093
1198336,4681,25.61,0.5122,3007.5,-0.188679,0.043218,1.024648,0.109426
1198592,4682,25.61,0.5122,3007.5,1.150311,0.186822,1.018104,0.837768
1198848,4683,25.61,0.5122,3007.5,-0.089306,0.132396,1.019117,0.109122
1199104,4684,25.61,0.5122,3007.5,-0.164812,0.044281,1.027145,0.097056
1199360,4685,25.61,0.5122,3007.5,1.314557,0.414099,1.026547,1.362545
1199616,4686,25.61,0.5122,3007.5,-0.385956,0.21385,1.011585,0.450697
1199872,4687,25.61,0.5122,3007.5,0.081978,0.131904,1.019853,0.08984
1200128,4688,25.61,0.5122,3007.5,-0.370425,0.18229,1.01536,0.37781
1200384,4689,25.61,0.5122,3007.5,1.399068,0.239913,1.020978,0.977181
1200640,4690,25.61,0.5122,3007.5,-0.140383,0.173562,1.018132,0.143874
1200896,4691,25.59,0.5118,3002.4,-0.325087,0.312673,1.020988,0.489792
1201152,4692,25.59,0.5118,3002.4,0.760485,0.261934,1.019825,0.815136
1201408,4693,25.59,0.5118,3002.4,0.364209,0.225704,1.019772,0.433239
1201664,4694,25.59,0.5118,3002.4,-1.292953,0.150083,1.015292,0.817463
1201920,4695,25.59,0.5118,3002.4,-0.355875,0.102172,1.019774,0.300737
1202176,4696,25.59,0.5118,3002.4,0.61503,0.14986,1.024647,0.502666
1202432,4697,25.59,0.5118,3002.4,-0.509196,0.177948,1.02539,0.471765
1202688,4698,25.59,0.5118,3002.4,-0.317949,0.099447,1.038285,0.245585
1202944,4699,25.59,0.5118,3002.4,0.311602,0.091179,1.02849,0.232264
1203200,4700,25.59,0.5118,3002.4,-0.465718,0.290888,1.025993,0.592619
1203456,4701,25.59,0.5118,3002.4,-1.744559,0.292372,1.023217,1.189606
1203712,4702,25.59,0.5118,3002.4,-2.270225,0.233787,1.033968,1.069575
1203968,4703,25.59,0.5118,3002.4,0.345717,0.182564,1.026435,0.366133
1204224,4704,25.58,0.5116,3004.0,-0.315634,0.318121,1.024213,0.420182
1204480,4705,25.58,0.5116,3004.0,1.443559,0.234541,1.025895,0.992646
1204736,4706,25.58,0.5116,3004.0,-0.037666,0.071424,1.026345,0.055952
1204992,4707,25.58,0.5116,3004.0,0.580481,0.179083,1.030395,0.544984
1205248,4708,25.58,0.5116,3004.0,-0.713646,0.053961,1.024665,0.360546
1205504,4709,25.58,0.5116,3004.0,-0.757908,0.085132,1.026913,0.410556
1205760,4710,25.58,0.5116,3004.0,1.610721,0.244323,1.029241,1.039592
1206016,4711,25.58,0.5116,3004.0,0.282079,0.125981,1.024131,0.230608
1206272,4712,25.58,0.5116,3004.0,1.213296,0.294648,1.033921,0.97357
1206528,4713,25.58,0.5116,3004.0,-1.157018,0.158797,1.024511,0.750263
1206784,4714,25.58,0.5116,3004.0,-0.640777,0.082637,1.023024,0.401117
1207040,4715,25.56,0.5112,2996.2,0.312708,0.434465,1.027055,0.473331
1207296,4716,25.56,0.5112,2996.2,-1.79728,0.295486,1.023354,1.201891
1207552,4717,25.56,0.5112,2996.2,1.465277,0.895788,1.019686,1.999871
1207808,4718,25.56,0.5112,2996.2,0.444105,0.222163,1.025169,0.494267
1208064,4719,25.56,0.5112,2996.2,-0.766866,0.115541,1.021671,0.521952
1208320,4720,25.56,0.5112,2996.2,-0.517703,0.181125,1.029631,0.455436
1208576,4721,25.56,0.5112,2996.2,0.498785,0.146028,1.02661,0.463195
1208832,4722,25.56,0.5112,2996.2,0.658833,0.402977,1.02507,0.839069
1209088,4723,25.56,0.5112,2996.2,-0.610629,0.187123,1.018119,0.583054
1209344,4724,25.56,0.5112,2996.2,0.980216,0.348911,1.017701,1.06513
1209600,4725,25.57,0.5114,2990.1,1.741548,0.288042,1.028294,1.133321
1209856,4726,25.57,0.5114,2990.1,0.614863,0.079059,1.019924,0.414332
1210112,4727,25.57,0.5114,2990.1,-0.427704,0.150283,1.01944,0.400092
1210368,4728,25.57,0.5114,2990.1,-1.914982,0.264645,1.024087,1.212006
1210624,4729,25.57,0.5114,2990.1,-2.025551,0.196249,1.030438,0.97921
1210880,4730,25.57,0.5114,2990.1,-0.471631,0.088711,1.025403,0.309433
1211136,4731,25.57,0.5114,2990.1,0.339686,0.2482,1.025185,0.405314
1211392,4732,25.57,0.5114,2990.1,-0.023732,0.088483,1.023161,0.066524
1211648,4733,25.57,0.5114,2990.1,0.160702,0.067952,1.019233,0.136997
1211904,4734,25.57,0.5114,2990.1,0.499549,0.12224,1.020789,0.37636
1212160,4735,25.57,0.5114,2990.1,-0.002632,0.153009,1.023668,0.106066
1212416,4736,25.57,0.5114,2990.1,-0.054753,0.173091,1.02003,0.133235
1212672,4737,25.52,0.5104,2990.9,-0.559621,0.059915,1.021649,0.284702
1212928,4738,25.52,0.5104,2990.9,0.979748,0.437236,1.017252,1.207222
1213184,4739,25.52,0.5104,2990.9,-2.453712,0.29136,1.02255,1.299594
1213440,4740,25.52,0.5104,2990.9,1.386448,0.371997,1.019295,1.253593
1213696,4741,25.52,0.5104,2990.9,0.886798,0.594519,1.017984,1.323025
1213952,4742,25.52,0.5104,2990.9,-1.486295,0.186042,1.02621,0.871731
1214208,4743,25.52,0.5104,2990.9,1.490181,0.392413,1.02112,1.330731
1214464,4744,25.52,0.5104,2990.9,0.389993,0.118367,1.008351,0.350836
1214720,4745,25.52,0.5104,2990.9,-0.631477,0.124927,1.015876,0.500518
1214976,4746,25.52,0.5104,2990.9,1.71953,0.69685,1.011278,1.900073
1215232,4747,25.52,0.5104,2990.9,0.953603,0.266529,1.015212,0.949639
1215488,4748,25.52,0.5104,2989.0,-1.045785,0.110851,1.01483,0.665223
1215744,4749,25.52,0.5104,2989.0,-0.711706,0.144635,1.01834,0.619366
1216000,4750,25.52,0.5104,2989.0,0.975168,0.13244,1.010441,0.743978
1216256,4751,25.52,0.5104,2989.0,0.795037,0.235249,1.008167,0.819482
1216512,4752,25.52,0.5104,2989.0,-0.90872,0.139841,1.016858,0.704176
1216768,4753,25.52,0.5104,2989.0,-0.380064,0.067859,1.023448,0.229424
1217024,4754,25.52,0.5104,2989.0,-1.013916,0.094488,1.014046,0.556744
1217280,4755,25.52,0.5104,2989.0,-0.06264,0.068332,1.009559,0.088664
1217536,4756,25.52,0.5104,2989.0,0.856,0.51249,1.014561,1.19898
1217792,4757,25.52,0.5104,2989.0,0.963213,0.358691,1.014314,1.049123
1218048,4758,25.52,0.5104,2989.0,-0.794574,0.099564,1.012866,0.544285
1218304,4759,25.46,0.5092,2988.5,-0.354515,0.384649,1.008281,0.645353
1218560,4760,25.46,0.5092,2988.5,-0.480584,0.154357,1.014056,0.460642
1218816,4761,25.46,0.5092,2988.5,-0.995197,0.267312,1.006495,0.931908
1219072,4762,25.46,0.5092,2988.5,0.257587,0.160818,1.008039,0.28686
1219328,4763,25.46,0.5092,2988.5,-0.162514,0.116379,1.005671,0.169145
1219584,4764,25.46,0.5092,2988.5,0.073503,0.155798,1.008259,0.144326
1219840,4765,25.46,0.5092,2988.5,-1.481548,0.148613,1.009496,0.826381
1220096,4766,25.46,0.5092,2988.5,0.577435,0.188728,1.010662,0.573108
1220352,4767,25.46,0.5092,2988.5,-1.400888,0.213985,1.003421,1.042462
1220608,4768,25.46,0.5092,2988.5,-0.083559,0.138548,1.014846,0.112151
1220864,4769,25.46,0.5092,2988.5,-0.046155,0.217628,1.016469,0.12468
1221120,4770,25.45,0.509,2986.6,0.444739,0.059894,1.011788,0.270052
1221376,4771,25.45,0.509,2986.6,0.261568,0.203409,1.007932,0.309231
1221632,4772,25.45,0.509,2986.6,-0.536193,0.111856,1.009018,0.421721
1221888,4773,25.45,0.509,2986.6,-0.508948,0.127399,1.018242,0.361785
1222144,4774,25.45,0.509,2986.6,-2.725964,0.390839,1.002603,1.660992
1222400,4775,25.45,0.509,2986.6,2.315219,0.520609,1.013474,1.69826
1222656,4776,25.45,0.509,2986.6,-2.039061,0.244558,1.019549,1.271016
1222912,4777,25.45,0.509,2986.6,0.033554,0.169688,1.022439,0.128758
1223168,4778,25.45,0.509,2986.6,0.775952,0.125286,1.023496,0.529725
1223424,4779,25.45,0.509,2986.6,-0.252987,0.174029,1.015622,0.239869
1223680,4780,25.45,0.509,2986.6,1.312293,0.35114,1.020529,1.163022
1223936,4781,25.42,0.5084,2983.8,-0.704432,0.061449,1.01732,0.347672
1224192,4782,25.42,0.5084,2983.8,0.667096,0.822973,1.018262,1.311185
1224448,4783,25.42,0.5084,2983.8,-0.087928,0.306435,1.023004,0.163532
1224704,4784,25.42,0.5084,2983.8,1.031612,0.356776,1.016981,1.182924
1224960,4785,25.42,0.5084,2983.8,1.146531,0.160785,1.01818,0.784272
1225216,4786,25.42,0.5084,2983.8,1.410761,0.276683,1.02337,1.040434
1225472,4787,25.42,0.5084,2983.8,-0.3999,0.260459,1.01956,0.462046
1225728,4788,25.42,0.5084,2983.8,0.254693,0.248491,1.007245,0.333452
1225984,4789,25.42,0.5084,2983.8,-0.439276,0.096919,1.01655,0.335739
1226240,4790,25.42,0.5084,2983.8,1.944747,0.579368,1.014118,1.711431
1226496,4791,25.42,0.5084,2983.8,1.008587,0.244817,1.010796,0.990057
1226752,4792,25.5,0.51,2984.1,0.016644,0.30261,1.014593,0.046925
1227008,4793,25.5,0.51,2984.1,0.889738,0.212377,1.006383,0.815356
1227264,4794,25.5,0.51,2984.1,-0.293582,0.100331,1.015651,0.253931
1227520,4795,25.5,0.51,2984.1,0.198386,0.12763,1.006919,0.18162
1227776,4796,25.5,0.51,2984.1,0.344357,0.160552,1.005487,0.337364
1228032,4797,25.5,0.51,2984.1,-0.218177,0.345639,1.001848,0.394933
1228288,4798,25.5,0.51,2984.1,1.224367,0.157665,1.011266,0.80406
1228544,4799,25.5,0.51,2984.1,0.52861,0.159446,1.015407,0.472289
1228800,4800,25.5,0.51,2984.1,0.967856,0.38617,1.000842,1.222467
1229056,4801,25.53,0.5106,2977.7,-0.708359,0.090415,1.000691,0.485229
1229312,4802,25.53,0.5106,2977.7,0.510302,0.187182,0.997296,0.563902
1229568,4803,25.53,0.5106,2977.7,0.12972,0.063017,1.009715,0.09276
1229824,4804,25.53,0.5106,2977.7,1.243224,0.851297,0.997851,2.107073
1230080,4805,25.53,0.5106,2977.7,-0.361506,0.087587,1.001241,0.285219
1230336,4806,25.53,0.5106,2977.7,0.269814,0.09187,1.010655,0.202687
1230592,4807,25.53,0.5106,2977.7,-0.60805,0.172653,1.011692,0.549514
1230848,4808,25.53,0.5106,2977.7,0.018168,0.100412,1.003942,0.048817
1231104,4809,25.53,0.5106,2977.7,0.243218,0.177776,0.993564,0.324857
1231360,4810,25.53,0.5106,2977.7,-1.263612,0.181506,0.994333,0.944591
1231616,4811,25.53,0.5106,2977.7,0.040579,0.070173,0.992496,0.052904
1231872,4812,25.52,0.5104,2974.6,0.046801,0.074138,1.000569,0.055207
1232128,4813,25.52,0.5104,2974.6,-0.782393,0.295112,1.004178,0.964924
1232384,4814,25.52,0.5104,2974.6,-1.17671,0.101596,1.003435,0.733193
1232640,4815,25.52,0.5104,2974.6,-1.063756,0.149676,0.998302,0.766839
1232896,4816,25.52,0.5104,2974.6,1.326152,0.249777,1.00582,1.13638
1233152,4817,25.52,0.5104,2974.6,0.243771,0.096936,1.001633,0.202025
1233408,4818,25.52,0.5104,2974.6,-2.829,0.320167,1.010087,1.560831
1233664,4819,25.52,0.5104,2974.6,1.278237,0.254876,0.989578,1.168375
1233920,4820,25.52,0.5104,2974.6,-0.86773,0.135341,0.996891,0.68237
1234176,4821,25.52,0.5104,2974.6,-0.251362,0.2035,1.007145,0.334471
1234432,4822,25.52,0.5104,2974.6,-2.443809,0.312667,1.000464,1.451884
1234688,4823,25.45,0.509,2970.4,0.225047,0.307955,1.001961,0.33679
1234944,4824,25.45,0.509,2970.4,1.281521,0.686016,0.988896,1.858024
1235200,4825,25.45,0.509,2970.4,-0.734508,0.195383,0.989257,0.742412
1235456,4826,25.45,0.509,2970.4,0.635728,0.703598,1.004936,1.276726
1235712,4827,25.45,0.509,2970.4,-1.174464,0.087291,1.010496,0.690269
1235968,4828,25.45,0.509,2970.4,1.408005,0.32217,0.994016,1.388867
1236224,4829,25.45,0.509,2970.4,-1.366997,0.105705,0.998709,0.774795
1236480,4830,25.45,0.509,2970.4,-1.340266,0.157164,1.004187,0.940114
1236736,4831,25.45,0.509,2970.4,-1.018645,0.160334,0.994988,0.815397
1236992,4832,25.42,0.5084,2964.6,-0.144316,0.285208,0.991303,0.336225
1237248,4833,25.42,0.5084,2964.6,-2.473639,0.468198,0.999101,1.811463
1237504,4834,25.42,0.5084,2964.6,-0.153735,0.073899,1.011109,0.130735
1237760,4835,25.42,0.5084,2964.6,0.276601,0.243991,1.003713,0.390461
1238016,4836,25.42,0.5084,2964.6,0.431274,0.09943,1.014147,0.343378
1238272,4837,25.42,0.5084,2964.6,0.570903,0.166806,1.014854,0.533071
1238528,4838,25.42,0.5084,2964.6,-0.255844,0.049534,1.007196,0.166983
1238784,4839,25.42,0.5084,2964.6,1.104874,0.337384,1.002656,1.142569
1239040,4840,25.42,0.5084,2964.6,-3.019618,0.462983,1.004,1.678649
1239296,4841,25.42,0.5084,2964.6,-0.380396,0.054168,1.011511,0.215094
1239552,4842,25.42,0.5084,2964.6,-0.070418,0.082179,1.007178,0.060258
1239808,4843,25.42,0.5084,2964.6,1.812171,0.46193,1.008462,1.594994
1240064,4844,25.4,0.508,2965.9,-0.611053,0.048153,1.009309,0.293787
1240320,4845,25.4,0.508,2965.9,-0.154308,0.052338,1.008293,0.088686
1240576,4846,25.4,0.508,2965.9,-2.172822,0.237571,1.019893,1.138218
1240832,4847,25.4,0.508,2965.9,-0.282139,0.208007,1.005508,0.340892
1241088,4848,25.4,0.508,2965.9,-0.1177,0.156762,1.004435,0.205474
1241344,4849,25.4,0.508,2965.9,-0.083079,0.196073,1.01322,0.148314
1241600,4850,25.4,0.508,2965.9,0.263752,0.261471,1.011756,0.365932
1241856,4851,25.4,0.508,2965.9,0.529069,0.153991,1.003978,0.513358
1242112,4852,25.4,0.508,2965.9,0.23183,0.066706,1.004261,0.209576
1242368,4853,25.4,0.508,2965.9,1.142474,0.261245,1.00113,1.106364
1242624,4854,25.4,0.508,2965.9,1.377266,0.291413,0.995532,1.258086
1242880,4855,25.35,0.507,2967.8,-0.127151,0.04238,1.011711,0.07703
1243136,4856,25.35,0.507,2967.8,-0.302055,0.098688,1.004171,0.253271
1243392,4857,25.35,0.507,2967.8,0.109858,0.106441,1.007275,0.100846
1243648,4858,25.35,0.507,2967.8,0.604455,0.397177,1.01475,0.879232
1243904,4859,25.35,0.507,2967.8,1.784146,0.665567,0.995212,1.889553
1244160,4860,25.35,0.507,2967.8,-0.879532,0.11675,1.017083,0.578352
1244416,4861,25.35,0.507,2967.8,1.481674,0.452702,1.008089,1.410735
1244672,4862,25.35,0.507,2967.8,-0.375079,0.103762,0.992189,0.32501
1244928,4863,25.35,0.507,2967.8,0.076911,0.050984,1.008752,0.097219
1245184,4864,25.35,0.507,2967.8,-1.022945,0.166037,0.989524,0.798972
1245440,4865,25.39,0.5078,2968.7,0.280488,0.084977,0.998742,0.211379
1245696,4866,25.39,0.5078,2968.7,-2.175135,0.328241,1.005258,1.398858
1245952,4867,25.39,0.5078,2968.7,-0.536492,0.201965,0.997959,0.580335
1246208,4868,25.39,0.5078,2968.7,0.35554,0.25104,0.997928,0.452457
1246464,4869,25.39,0.5078,2968.7,-2.543595,0.397203,0.997883,1.599444
1246720,4870,25.39,0.5078,2968.7,0.369063,0.20815,1.006021,0.408181
1246976,4871,25.39,0.5078,2968.7,1.139947,0.416957,0.995375,1.331538
1247232,4872,25.39,0.5078,2968.7,-1.738478,0.236065,0.989901,1.112857
1247488,4873,25.39,0.5078,2968.7,-1.298308,0.261097,0.997835,1.129149
1247744,4874,25.39,0.5078,2968.7,1.132119,0.195801,0.989169,0.968625
1248000,4875,25.39,0.5078,2968.7,3.821944,1.23266,0.991993,3.0208
1248256,4876,25.38,0.5076,2970.1,-0.265653,0.144423,1.001917,0.240327
1248512,4877,25.38,0.5076,2970.1,0.753,0.410614,1.006686,0.999194
1248768,4878,25.38,0.5076,2970.1,1.202996,0.180198,0.992958,0.863564
1249024,4879,25.38,0.5076,2970.1,1.983548,0.327753,0.991302,1.565651
1249280,4880,25.38,0.5076,2970.1,0.790997,0.314889,0.985405,1.058062
1249536,4881,25.38,0.5076,2970.1,-2.114695,0.221932,1.005405,1.359887
1249792,4882,25.38,0.5076,2970.1,-0.921263,0.160236,0.996524,0.726148
1250048,4883,25.38,0.5076,2970.1,-1.300231,0.23021,0.975582,1.066139
1250304,4884,25.38,0.5076,2970.1,-1.089583,0.114679,0.981189,0.688898
1250560,4885,25.38,0.5076,2970.1,0.750667,0.231793,0.981847,0.826364
1250816,4886,25.38,0.5076,2970.1,0.152159,0.103344,0.995717,0.11624
1251072,4887,25.38,0.5076,2971.5,-0.445797,0.100977,0.998431,0.354557
1251328,4888,25.38,0.5076,2971.5,0.345445,0.082982,0.978976,0.287233
1251584,4889,25.38,0.5076,2971.5,-0.588356,0.152223,0.985823,0.611405
1251840,4890,25.38,0.5076,2971.5,0.30485,0.094538,0.970043,0.276136
1252096,4891,25.38,0.5076,2971.5,-0.560746,0.169763,0.978728,0.535815
1252352,4892,25.38,0.5076,2971.5,1.765388,1.501537,0.981267,2.893696
1252608,4893,25.38,0.5076,2971.5,0.683684,0.426561,0.968609,1.057087
1252864,4894,25.38,0.5076,2971.5,-0.091445,0.108055,0.991562,0.090097
1253120,4895,25.38,0.5076,2971.5,-2.421707,0.344191,0.985851,1.460941
1253376,4896,25.38,0.5076,2971.5,1.626775,0.750673,0.966246,2.165643
1253632,4897,25.38,0.5076,2971.5,-1.551512,0.235644,0.971683,1.278066
1253888,4898,25.44,0.5088,2966.0,-0.415338,0.108206,0.979418,0.383733
1254144,4899,25.44,0.5088,2966.0,1.120569,0.27427,0.959557,1.217149
1254400,4900,25.44,0.5088,2966.0,-0.025519,0.060956,0.979634,0.039244
1254656,4901,25.44,0.5088,2966.0,0.804975,0.194582,0.971617,0.747935
1254912,4902,25.44,0.5088,2966.0,-0.919973,0.235874,0.968917,0.987181
1255168,4903,25.44,0.5088,2966.0,0.324078,0.129259,0.948125,0.369073
1255424,4904,25.44,0.5088,2966.0,-0.72056,0.151429,0.975595,0.67316
1255680,4905,25.44,0.5088,2966.0,-3.450295,0.411797,0.969745,1.82385
1255936,4906,25.44,0.5088,2966.0,-0.05105,0.105165,0.971105,0.058942
1256192,4907,25.44,0.5088,2966.0,-0.295677,0.256389,0.957873,0.569608
1256448,4908,25.38,0.5076,2965.2,-0.618718,0.139154,0.951548,0.649527
1256704,4909,25.38,0.5076,2965.2,-1.077216,0.328037,0.97347,1.283128
1256960,4910,25.38,0.5076,2965.2,-0.346901,0.145567,0.957293,0.374017
1257216,4911,25.38,0.5076,2965.2,0.842434,0.884874,0.974371,1.63923
1257472,4912,25.38,0.5076,2965.2,-1.077052,0.150394,0.971401,0.80532
1257728,4913,25.38,0.5076,2965.2,0.46861,0.126249,0.977319,0.401058
1257984,4914,25.38,0.5076,2965.2,0.544742,0.216322,0.985158,0.599805
1258240,4915,25.38,0.5076,2965.2,-1.866801,0.333582,0.976981,1.493419
1258496,4916,25.38,0.5076,2965.2,1.058924,0.283751,1.000462,0.948633
1258752,4917,25.33,0.5066,2962.5,0.518768,0.432571,0.987432,0.878927
1259008,4918,25.33,0.5066,2962.5,0.259791,0.122528,1.003627,0.230523
1259264,4919,25.33,0.5066,2962.5,0.221665,0.089276,0.989726,0.195177
1259520,4920,25.33,0.5066,2962.5,0.570462,0.127473,0.982975,0.498093
1259776,4921,25.33,0.5066,2962.5,-0.055797,0.111456,0.997378,0.126354
1260032,4922,25.33,0.5066,2962.5,-0.559095,0.116988,1.00909,0.391903
1260288,4923,25.33,0.5066,2962.5,-1.045771,0.214937,0.997225,0.877414
1260544,4924,25.33,0.5066,2962.5,0.933412,0.396349,0.996451,1.148959
1260800,4925,25.33,0.5066,2962.5,-1.122077,0.078703,0.99549,0.524494
1261056,4926,25.33,0.5066,2962.5,-0.233825,0.114136,0.986001,0.232553
1261312,4927,25.33,0.5066,2962.5,-0.770352,0.135224,1.0054,0.592597
1261568,4928,25.28,0.5056,2960.7,-0.94371,0.144064,0.987424,0.690837
1261824,4929,25.28,0.5056,2960.7,-0.397564,0.058681,0.990558,0.246823
1262080,4930,25.28,0.5056,2960.7,-0.759298,0.121963,0.998532,0.523589
1262336,4931,25.28,0.5056,2960.7,-2.171866,0.246837,0.988693,1.234557
1262592,4932,25.28,0.5056,2960.7,0.244312,0.137031,0.986642,0.234367
1262848,4933,25.28,0.5056,2960.7,-0.199979,0.205309,0.988866,0.235883
1263104,4934,25.28,0.5056,2960.7,2.668138,0.819084,0.993991,2.270609
1263360,4935,25.28,0.5056,2960.7,-1.445649,0.142919,1.000894,0.800024
1263616,4936,25.28,0.5056,2960.7,1.073108,0.393859,0.998022,1.215756
1263872,4937,25.18,0.5036,2956.9,-1.123041,0.32036,0.990374,1.068007
1264128,4938,25.18,0.5036,2956.9,0.878259,0.113504,0.99885,0.572863
1264384,4939,25.18,0.5036,2956.9,0.330525,0.306323,0.997334,0.47033
1264640,4940,25.18,0.5036,2956.9,0.57242,0.131477,0.994453,0.483477
1264896,4941,25.18,0.5036,2956.9,-0.528133,0.056875,1.006374,0.306586
1265152,4942,25.18,0.5036,2956.9,-0.496318,0.162569,0.980633,0.550545
1265408,4943,25.18,0.5036,2956.9,-1.060383,0.101907,1.003723,0.597979
1265664,4944,25.18,0.5036,2956.9,0.363285,0.121959,0.993923,0.340061
1265920,4945,25.18,0.5036,2956.9,1.088951,0.204943,0.987918,0.872473
1266176,4946,25.18,0.5036,2956.9,-0.158589,0.110791,1.004524,0.128896
1266432,4947,25.18,0.5036,2956.9,0.1338,0.103218,1.00532,0.10887
1266688,4948,25.1,0.502,2957.4,0.109982,0.587203,0.997222,0.240001
1266944,4949,25.1,0.502,2957.4,-1.81884,0.272325,0.98441,1.209223
1267200,4950,25.1,0.502,2957.4,2.132208,0.860004,0.997525,2.11727
1267456,4951,25.1,0.502,2957.4,0.964704,0.19701,0.982457,0.834247
1267712,4952,25.1,0.502,2957.4,1.137911,0.355076,0.997768,1.232895
1267968,4953,25.1,0.502,2957.4,0.811946,0.241393,0.992682,0.800443
1268224,4954,25.1,0.502,2957.4,1.719776,0.650753,0.994027,1.742704
1268480,4955,25.1,0.502,2957.4,0.638905,0.096914,0.998899,0.404583
1268736,4956,25.1,0.502,2957.4,0.783209,0.302493,0.994172,0.896753
1268992,4957,25.18,0.5036,2953.2,-0.467762,0.306648,1.00282,0.589674
1269248,4958,25.18,0.5036,2953.2,0.217363,0.066793,1.009038,0.136622
1269504,4959,25.18,0.5036,2953.2,0.20908,0.125287,0.992117,0.198309
1269760,4960,25.18,0.5036,2953.2,0.725333,0.132179,0.983898,0.584816
1270016,4961,25.18,0.5036,2953.2,-0.306364,0.115606,0.991848,0.266895
1270272,4962,25.18,0.5036,2953.2,0.141409,0.062393,0.990586,0.16325
1270528,4963,25.18,0.5036,2953.2,0.620314,0.209648,0.995918,0.666452
1270784,4964,25.18,0.5036,2953.2,-1.348462,0.139361,0.994297,0.818988
1271040,4965,25.18,0.5036,2953.2,0.995551,0.404072,0.995253,1.196609
1271296,4966,25.18,0.5036,2953.2,-1.588763,0.321357,0.989598,1.508947
1271552,4967,25.18,0.5036,2953.2,-1.148387,0.171618,0.971994,0.895844
1271808,4968,25.16,0.5032,2949.6,0.70192,0.44334,0.99334,0.986877
1272064,4969,25.16,0.5032,2949.6,1.496406,0.372022,0.985615,1.334575
1272320,4970,25.16,0.5032,2949.6,0.176632,0.05342,0.988935,0.113742
1272576,4971,25.16,0.5032,2949.6,-0.254723,0.11641,0.985734,0.282205
1272832,4972,25.16,0.5032,2949.6,-0.734895,0.175801,0.968725,0.760742
1273088,4973,25.16,0.5032,2949.6,0.379611,0.140851,0.992773,0.395802
1273344,4974,25.16,0.5032,2949.6,-0.655152,0.169302,0.988417,0.636274
1273600,4975,25.16,0.5032,2949.6,1.484232,0.676053,0.988921,1.855852
1273856,4976,25.16,0.5032,2949.6,0.428892,0.086899,0.989308,0.304265
1274112,4977,25.11,0.5022,2944.2,-0.599967,0.299929,0.989913,0.771138
1274368,4978,25.11,0.5022,2944.2,0.481347,0.146066,1.000142,0.440142
1274624,4979,25.11,0.5022,2944.2,-1.278906,0.226208,0.999584,0.994996
1274880,4980,25.11,0.5022,2944.2,-2.342555,0.429196,0.994086,1.645283
1275136,4981,25.11,0.5022,2944.2,-2.208816,0.248762,1.018437,1.282342
1275392,4982,25.11,0.5022,2944.2,1.071382,0.33862,0.991102,1.174548
1275648,4983,25.11,0.5022,2944.2,0.619653,0.152972,0.997353,0.520635
1275904,4984,25.11,0.5022,2944.2,1.07012,0.59968,1.00191,1.488121
1276160,4985,25.11,0.5022,2944.2,-0.031798,0.141155,0.991853,0.05309
1276416,4986,25.11,0.5022,2944.2,0.2499,0.689251,0.98919,0.58312
1276672,4987,25.1,0.502,2944.6,-0.580574,0.496763,0.984784,1.068187
1276928,4988,25.1,0.502,2944.6,-0.757424,0.091811,0.997545,0.535707
1277184,4989,25.1,0.502,2944.6,-1.268718,0.254145,1.004644,1.075383
1277440,4990,25.1,0.502,2944.6,-1.897857,0.344863,1.006067,1.516695
1277696,4991,25.1,0.502,2944.6,-2.347377,0.392757,0.996611,1.550305
1277952,4992,25.1,0.502,2944.6,1.370663,0.763045,0.996712,1.989503
1278208,4993,25.1,0.502,2944.6,0.168193,0.045782,0.99952,0.097578
1278464,4994,25.1,0.502,2944.6,-0.852026,0.074551,1.014363,0.438749
1278720,4995,25.1,0.502,2944.6,0.246554,0.156698,0.996428,0.246045
1278976,4996,25.1,0.502,2944.6,0.403872,0.115116,0.995546,0.374316
1279232,4997,25.08,0.5016,2943.2,-0.552679,0.393234,0.999679,0.799307
1279488,4998,25.08,0.5016,2943.2,-0.797411,0.12226,1.005717,0.569392
1279744,4999,25.08,0.5016,2943.2,0.690644,0.125538,1.003877,0.518076
1280000,5000,25.08,0.5016,2943.2,0.617607,0.356303,1.006548,0.830329
1280256,5001,25.08,0.5016,2943.2,1.566019,0.279299,1.012278,1.156901
1280512,5002,25.08,0.5016,2943.2,-0.521231,0.215638,1.014999,0.519936
1280768,5003,25.08,0.5016,2943.2,-0.901344,0.145756,1.014401,0.715899
1281024,5004,25.08,0.5016,2943.2,-0.986526,0.195162,0.991052,0.882153
1281280,5005,25.08,0.5016,2943.2,-3.467682,0.400167,1.003991,1.587642
1281536,5006,25.08,0.5016,2943.2,-1.331528,0.122818,1.009529,0.714699
1281792,5007,25.08,0.5016,2943.2,0.798288,0.262346,1.008831,0.855016
1282048,5008,25.08,0.5016,2943.2,0.104158,0.241879,1.007514,0.168201
1282304,5009,25.03,0.5006,2943.3,-0.565048,0.098223,0.994889,0.511527
1282560,5010,25.03,0.5006,2943.3,-1.762434,0.284851,1.008272,1.191075
1282816,5011,25.03,0.5006,2943.3,1.359095,0.534803,0.997541,1.665525
1283072,5012,25.03,0.5006,2943.3,1.28734,0.268791,1.014281,1.037158
1283328,5013,25.03,0.5006,2943.3,-1.210439,0.172566,1.006509,0.82826
1283584,5014,25.03,0.5006,2943.3,1.145154,0.717867,1.013074,1.568393
1283840,5015,25.03,0.5006,2943.3,-2.448476,0.30078,1.022662,1.296406
1284096,5016,25.03,0.5006,2943.3,1.314936,0.288258,1.013666,1.165194
1284352,5017,25.03,0.5006,2943.3,0.232902,0.138548,1.003651,0.246888
1284608,5018,25.03,0.5006,2943.3,-0.070655,0.088398,1.005302,0.095323
1284864,5019,25.03,0.5006,2943.3,0.287054,0.165102,1.015942,0.283011
1285120,5020,25.0,0.5,2943.6,-0.434757,0.125559,1.014107,0.340111
1285376,5021,25.0,0.5,2943.6,1.346152,0.613723,1.011399,1.651995
1285632,5022,25.0,0.5,2943.6,2.12925,0.803334,1.000613,2.085393
1285888,5023,25.0,0.5,2943.6,-2.840492,0.417281,1.007458,1.621641
1286144,5024,25.0,0.5,2943.6,0.607662,0.187346,1.007524,0.642188
1286400,5025,25.0,0.5,2943.6,0.371521,0.196116,1.008884,0.411911
1286656,5026,25.0,0.5,2943.6,-0.379061,0.132169,1.00307,0.38556
1286912,5027,25.0,0.5,2943.6,-1.202588,0.195989,0.999836,0.978801
1287168,5028,25.0,0.5,2943.6,0.091925,0.099934,1.003443,0.077658
1287424,5029,25.0,0.5,2943.6,-0.456602,0.185557,1.008492,0.478903
1287680,5030,25.02,0.5004,2942.0,0.568494,0.286305,0.991312,0.716415
1287936,5031,25.02,0.5004,2942.0,-1.078416,0.150057,0.990157,0.880695
1288192,5032,25.02,0.5004,2942.0,-0.128589,0.167438,1.000049,0.138475
1288448,5033,25.02,0.5004,2942.0,0.321003,0.226537,1.003162,0.358173
1288704,5034,25.02,0.5004,2942.0,1.084176,0.80074,1.009243,1.705179
1288960,5035,25.02,0.5004,2942.0,1.172986,0.285674,1.012031,1.083592
1289216,5036,25.02,0.5004,2942.0,1.332455,0.4688,1.004351,1.482727
1289472,5037,25.02,0.5004,2942.0,0.675424,0.139685,1.014486,0.531925
1289728,5038,25.02,0.5004,2942.0,-0.238838,0.08002,1.024805,0.179419
1289984,5039,25.02,0.5004,2942.0,0.517544,0.381589,1.012502,0.755188
1290240,5040,25.04,0.5008,2940.8,-0.527453,0.060229,1.01205,0.343633
1290496,5041,25.04,0.5008,2940.8,-1.671639,0.218035,1.008729,1.081495
1290752,5042,25.04,0.5008,2940.8,0.586906,0.149369,1.012014,0.535604
1291008,5043,25.04,0.5008,2940.8,-1.32581,0.214457,1.014254,0.982954
1291264,5044,25.04,0.5008,2940.8,0.418256,0.102758,1.010082,0.311111
1291520,5045,25.04,0.5008,2940.8,0.50771,0.08101,1.000484,0.367792
1291776,5046,25.04,0.5008,2940.8,-0.243184,0.104672,1.018575,0.217653
1292032,5047,25.04,0.5008,2940.8,1.64921,0.420924,0.999564,1.58351
1292288,5048,25.04,0.5008,2940.8,2.256623,0.676997,1.008623,2.12163
1292544,5049,25.04,0.5008,2940.8,-0.838996,0.209207,1.003441,0.821763
1292800,5050,25.04,0.5008,2940.8,-0.231299,0.200685,0.99172,0.302907
1293056,5051,25.02,0.5004,2938.8,0.278572,0.250478,1.004165,0.39737
1293312,5052,25.02,0.5004,2938.8,0.181802,0.063889,1.004675,0.125643
1293568,5053,25.02,0.5004,2938.8,0.169905,0.11943,1.011818,0.181061
1293824,5054,25.02,0.5004,2938.8,0.917349,0.264478,0.996038,0.983738
1294080,5055,25.02,0.5004,2938.8,-0.659305,0.072152,1.004959,0.415651
1294336,5056,25.02,0.5004,2938.8,-2.744079,0.47422,0.999402,1.740159
1294592,5057,25.02,0.5004,2938.8,0.483698,0.139853,0.989073,0.466677
1294848,5058,25.02,0.5004,2938.8,-0.470938,0.111064,0.995232,0.4196
1295104,5059,25.02,0.5004,2938.8,0.814931,0.121624,0.990816,0.727494
1295360,5060,25.02,0.5004,2938.8,0.086656,0.117937,0.994349,0.089739
1295616,5061,25.02,0.5004,2934.4,-1.356283,0.665407,1.002081,1.796214
1295872,5062,25.02,0.5004,2934.4,-1.82365,0.347823,1.001508,1.487801
1296128,5063,25.02,0.5004,2934.4,-0.355514,0.079467,0.98798,0.2917
1296384,5064,25.02,0.5004,2934.4,0.76725,0.28659,0.981348,0.924817
1296640,5065,25.02,0.5004,2934.4,-2.122195,0.507596,0.986381,1.844915
1296896,5066,25.02,0.5004,2934.4,-0.33443,0.160306,0.987638,0.376257
1297152,5067,25.02,0.5004,2934.4,0.606807,0.211923,0.99706,0.694952
1297408,5068,25.02,0.5004,2934.4,0.555448,0.211949,0.999814,0.599216
1297664,5069,25.02,0.5004,2934.4,1.402947,1.418108,0.975194,2.844634
1297920,5070,25.02,0.5004,2934.4,1.569814,0.338818,1.002283,1.336133
1298176,5071,24.97,0.4994,2927.5,-0.602138,0.408241,0.986902,0.97313
1298432,5072,24.97,0.4994,2927.5,-2.090934,0.393379,0.989338,1.552724
1298688,5073,24.97,0.4994,2927.5,-0.576844,0.209642,0.979262,0.658263
1298944,5074,24.97,0.4994,2927.5,-1.478457,0.168168,0.992409,0.918051
1299200,5075,24.97,0.4994,2927.5,-0.953283,0.120847,0.998563,0.644191
1299456,5076,24.97,0.4994,2927.5,-0.67249,0.274188,0.982299,0.861174
1299712,5077,24.97,0.4994,2927.5,-0.380031,0.068512,0.984419,0.274016
1299968,5078,24.97,0.4994,2927.5,0.132032,0.08604,0.990339,0.099899
1300224,5079,24.97,0.4994,2927.5,-0.786152,0.178273,0.996178,0.710183
1300480,5080,24.97,0.4994,2927.5,0.515454,0.111272,0.990071,0.42941
1300736,5081,24.97,0.4994,2927.5,-0.5128,0.122013,0.980716,0.528068
1300992,5082,24.91,0.4982,2925.3,0.109181,0.216153,0.979964,0.143684
1301248,5083,24.91,0.4982,2925.3,0.231322,0.279379,0.988367,0.366275
1301504,5084,24.91,0.4982,2925.3,-0.338583,0.154492,0.98259,0.363924
1301760,5085,24.91,0.4982,2925.3,-0.125158,0.269904,0.999142,0.201279
1302016,5086,24.91,0.4982,2925.3,0.341529,0.153788,1.013414,0.356028
1302272,5087,24.91,0.4982,2925.3,1.816461,0.407979,0.980711,1.510603
1302528,5088,24.91,0.4982,2925.3,0.675574,0.350791,0.992448,0.967756
1302784,5089,24.91,0.4982,2925.3,0.304834,0.239078,0.985827,0.420961
1303040,5090,24.91,0.4982,2925.3,-0.615436,0.191563,0.978638,0.649178
1303296,5091,24.93,0.4986,2923.4,0.377733,0.10135,0.998934,0.317219
1303552,5092,24.93,0.4986,2923.4,1.138341,0.608717,1.002539,1.564109
1303808,5093,24.93,0.4986,2923.4,1.070433,0.135116,0.97927,0.769374
1304064,5094,24.93,0.4986,2923.4,0.221233,0.174451,1.001971,0.227095
1304320,5095,24.93,0.4986,2923.4,0.817149,0.224592,1.007404,0.796331
1304576,5096,24.93,0.4986,2923.4,0.124062,0.124849,1.001426,0.118451
1304832,5097,24.93,0.4986,2923.4,0.081275,0.113862,1.001319,0.117855
1305088,5098,24.93,0.4986,2923.4,-0.014745,0.080519,0.992405,0.030862
1305344,5099,24.93,0.4986,2923.4,-1.125589,0.175213,1.005407,0.87954
1305600,5100,24.93,0.4986,2923.4,-1.199583,0.162623,0.99055,0.858584
1305856,5101,24.91,0.4982,2924.0,0.429357,0.928934,1.003311,1.045657
1306112,5102,24.91,0.4982,2924.0,0.226302,0.289487,0.991186,0.308309
1306368,5103,24.91,0.4982,2924.0,1.685362,0.405407,0.9955,1.469321
1306624,5104,24.91,0.4982,2924.0,-1.865325,0.379407,0.996011,1.653657
1306880,5105,24.91,0.4982,2924.0,0.885037,0.277804,0.994774,1.011924
1307136,5106,24.91,0.4982,2924.0,-0.497881,0.096717,1.003505,0.379219
1307392,5107,24.91,0.4982,2924.0,0.832584,0.274166,0.999882,0.952237
1307648,5108,24.91,0.4982,2924.0,-1.948003,0.294175,1.002378,1.325014
1307904,5109,24.91,0.4982,2924.0,0.080965,0.152345,0.989994,0.115239
1308160,5110,24.91,0.4982,2924.0,-1.833711,0.300852,0.996696,1.282771
1308416,5111,24.91,0.4982,2924.0,-0.830482,0.318629,0.996579,0.977169
1308672,5112,24.94,0.4988,2924.7,-0.453584,0.159989,0.999085,0.487032
1308928,5113,24.94,0.4988,2924.7,0.168178,0.215217,0.994002,0.202505
1309184,5114,24.94,0.4988,2924.7,-0.083181,0.08454,1.007156,0.083971
1309440,5115,24.94,0.4988,2924.7,0.407421,0.097699,0.980399,0.365392
1309696,5116,24.94,0.4988,2924.7,-0.402448,0.154249,1.000764,0.3663
1309952,5117,24.94,0.4988,2924.7,0.161791,0.107854,1.002088,0.175714
1310208,5118,24.94,0.4988,2924.7,0.347653,0.082282,0.993183,0.270944
1310464,5119,24.94,0.4988,2924.7,0.435101,0.094804,0.994505,0.359548
1310720,5120,24.94,0.4988,2924.7,-0.742921,0.154608,1.001198,0.645212
1310976,5121,24.94,0.4988,2924.7,0.767326,0.319583,0.994934,0.928318
1311232,5122,24.94,0.4988,2924.7,-0.375885,0.051061,1.007282,0.20218
1311488,5123,24.94,0.4988,2927.2,0.346086,0.106156,0.991417,0.295207
1311744,5124,24.94,0.4988,2927.2,0.452813,0.155305,0.977778,0.534012
1312000,5125,24.94,0.4988,2927.2,-1.697986,0.274234,0.991734,1.197993
1312256,5126,24.94,0.4988,2927.2,-0.268794,0.067455,0.99685,0.192454
1312512,5127,24.94,0.4988,2927.2,-1.663736,0.217617,0.996379,1.175655
1312768,5128,24.94,0.4988,2927.2,0.337101,0.147234,1.006489,0.316188
1313024,5129,24.94,0.4988,2927.2,0.473791,0.146587,0.982719,0.440821
1313280,5130,24.94,0.4988,2927.2,-0.834629,0.09037,0.978243,0.557726
1313536,5131,24.94,0.4988,2927.2,0.593203,0.324722,0.98887,0.868966
1313792,5132,24.97,0.4994,2923.4,0.42882,0.195216,0.992228,0.495723
1314048,5133,24.97,0.4994,2923.4,2.019714,0.593263,0.983301,2.009833
1314304,5134,24.97,0.4994,2923.4,-0.235465,0.093574,0.988494,0.191635
1314560,5135,24.97,0.4994,2923.4,-0.257579,0.14458,0.979055,0.292583
1314816,5136,24.97,0.4994,2923.4,-0.46449,0.096973,0.98179,0.383568
1315072,5137,24.97,0.4994,2923.4,1.597505,0.563999,0.972282,1.818112
1315328,5138,24.97,0.4994,2923.4,-0.06062,0.11188,0.986166,0.128725
1315584,5139,24.97,0.4994,2923.4,-0.583341,0.207741,0.984097,0.61044
1315840,5140,24.97,0.4994,2923.4,-0.810414,0.343103,0.983975,1.000793
1316096,5141,24.97,0.4994,2923.4,0.506164,0.470114,0.983543,0.898794
1316352,5142,25.0,0.5,2921.0,-1.369149,0.516379,0.981238,1.679393
1316608,5143,25.0,0.5,2921.0,0.41367,0.130288,0.972551,0.398979
1316864,5144,25.0,0.5,2921.0,0.334366,0.107975,0.973097,0.323303
1317120,5145,25.0,0.5,2921.0,0.75397,0.351497,0.966654,1.111744
1317376,5146,25.0,0.5,2921.0,-1.489196,0.355894,0.994348,1.420055
1317632,5147,25.0,0.5,2921.0,-0.585431,0.108876,0.98288,0.51005
1317888,5148,25.0,0.5,2921.0,-0.050562,0.134487,0.98356,0.135181
1318144,5149,25.0,0.5,2921.0,-1.295384,0.375447,0.9764,1.502746
1318400,5150,25.0,0.5,2921.0,0.141529,0.140506,0.992612,0.153395
1318656,5151,25.0,0.5,2921.0,-0.049848,0.057655,0.994513,0.075314
1318912,5152,25.02,0.5004,2914.2,0.73077,0.250686,0.988528,0.837342
1319168,5153,25.02,0.5004,2914.2,0.390752,0.602789,0.980039,0.773831
1319424,5154,25.02,0.5004,2914.2,-2.331695,0.466492,0.990608,1.945808
1319680,5155,25.02,0.5004,2914.2,-0.286765,0.287961,0.980915,0.416454
1319936,5156,25.02,0.5004,2914.2,0.619853,0.243121,0.97075,0.749982
1320192,5157,25.02,0.5004,2914.2,0.048069,0.117685,0.979195,0.070832
1320448,5158,25.02,0.5004,2914.2,0.570802,0.124841,0.982024,0.4886
1320704,5159,25.02,0.5004,2914.2,-0.543502,0.109734,0.986096,0.411646
1320960,5160,25.02,0.5004,2914.2,-2.701398,0.38673,0.992869,1.594415
1321216,5161,25.02,0.5004,2914.2,-0.940739,0.218637,0.981205,0.867724
1321472,5162,25.02,0.5004,2914.2,0.86033,0.199992,0.986651,0.783797
1321728,5163,25.02,0.5004,2914.3,-0.281784,0.199016,0.980482,0.344562
1321984,5164,25.02,0.5004,2914.3,0.033829,0.121114,0.985321,0.102641
1322240,5165,25.02,0.5004,2914.3,0.630116,0.214757,0.973513,0.700116
1322496,5166,25.02,0.5004,2914.3,0.180294,0.074067,0.994322,0.133928
1322752,5167,25.02,0.5004,2914.3,0.667867,0.272146,0.979236,0.777786
1323008,5168,25.02,0.5004,2914.3,-0.582857,0.310256,0.97625,0.825708
1323264,5169,25.02,0.5004,2914.3,0.144278,0.222692,0.978191,0.222706
1323520,5170,25.02,0.5004,2914.3,-0.37494,0.093932,0.974185,0.294754
1323776,5171,25.02,0.5004,2914.3,-0.857905,0.214122,0.972893,0.913658
1324032,5172,25.02,0.5004,2914.3,0.250275,0.073317,0.975499,0.1936
1324288,5173,25.03,0.5006,2910.2,0.267132,0.66651,0.976194,0.641666
1324544,5174,25.03,0.5006,2910.2,-1.228413,0.228281,1.001263,1.008476
1324800,5175,25.03,0.5006,2910.2,-0.301787,0.272463,0.979752,0.495476
1325056,5176,25.03,0.5006,2910.2,1.422611,0.582437,0.978542,1.719578
1325312,5177,25.03,0.5006,2910.2,0.358741,0.277201,0.984515,0.577857
1325568,5178,25.03,0.5006,2910.2,-0.293763,0.100957,0.967948,0.248613
1325824,5179,25.03,0.5006,2910.2,-0.613558,0.30834,0.959669,0.907254
1326080,5180,25.03,0.5006,2910.2,-0.584021,0.199698,0.973766,0.696576
1326336,5181,25.03,0.5006,2910.2,-0.652155,0.16018,0.9905,0.636088
1326592,5182,25.03,0.5006,2910.2,0.454922,0.205342,0.969004,0.557251
1326848,5183,25.02,0.5004,2906.5,-0.408474,0.290308,0.98116,0.599701
1327104,5184,25.02,0.5004,2906.5,0.227325,0.19272,0.966676,0.290813
1327360,5185,25.02,0.5004,2906.5,0.038356,0.167189,0.969237,0.156146
1327616,5186,25.02,0.5004,2906.5,0.508698,0.140359,0.983684,0.480503
1327872,5187,25.02,0.5004,2906.5,1.263256,0.349734,0.971702,1.318836
1328128,5188,25.02,0.5004,2906.5,-3.395351,0.482472,0.968109,2.161492
1328384,5189,25.02,0.5004,2906.5,-0.246127,0.056096,0.989002,0.145202
1328640,5190,25.02,0.5004,2906.5,0.192292,0.056891,0.971822,0.122263
1328896,5191,25.02,0.5004,2906.5,-1.979866,0.387742,0.976693,1.660876
1329152,5192,25.02,0.5004,2906.5,-1.053064,0.120853,0.991498,0.778597
1329408,5193,24.99,0.4998,2900.8,-1.333441,0.329152,0.993716,1.213452
1329664,5194,24.99,0.4998,2900.8,-1.704977,0.376115,0.980797,1.425277
1329920,5195,24.99,0.4998,2900.8,1.803645,0.294177,0.988664,1.315852
1330176,5196,24.99,0.4998,2900.8,0.097774,0.078821,0.972222,0.09551
1330432,5197,24.99,0.4998,2900.8,1.717188,0.579036,0.96804,1.960254
1330688,5198,24.99,0.4998,2900.8,0.807386,0.155216,0.988245,0.733151
1330944,5199,24.99,0.4998,2900.8,0.888064,0.264243,0.989393,0.916403
1331200,5200,24.99,0.4998,2900.8,0.815861,0.549604,0.984421,1.336148
1331456,5201,24.99,0.4998,2900.8,-1.387552,0.287438,0.984549,1.223262
1331712,5202,24.99,0.4998,2900.8,0.34608,0.17168,0.982598,0.408905
1331968,5203,24.99,0.4998,2900.8,0.046243,0.04475,0.992065,0.067419
1332224,5204,25.04,0.5008,2899.7,1.054285,0.440493,0.974056,1.313314
1332480,5205,25.04,0.5008,2899.7,-0.155426,0.061943,0.990159,0.115709
1332736,5206,25.04,0.5008,2899.7,-0.571457,0.110135,0.979682,0.477025
1332992,5207,25.04,0.5008,2899.7,-0.546238,0.199681,0.972428,0.675639
1333248,5208,25.04,0.5008,2899.7,-0.532174,0.089224,0.980202,0.402929
1333504,5209,25.04,0.5008,2899.7,0.330704,0.129402,0.977061,0.341446
1333760,5210,25.04,0.5008,2899.7,0.445038,0.153578,0.986842,0.452853
1334016,5211,25.04,0.5008,2899.7,0.488304,0.078765,0.979986,0.351363
1334272,5212,25.04,0.5008,2899.7,1.302996,0.197345,0.996808,0.978385
1334528,5213,25.04,0.5008,2899.7,0.214125,0.124723,0.992013,0.211485
1334784,5214,24.98,0.4996,2896.3,0.087344,0.077721,0.978456,0.06828
1335040,5215,24.98,0.4996,2896.3,1.172678,0.509604,0.978303,1.620768
1335296,5216,24.98,0.4996,2896.3,1.314359,0.489633,0.985863,1.492349
1335552,5217,24.98,0.4996,2896.3,0.511962,0.156064,0.980577,0.504351
1335808,5218,24.98,0.4996,2896.3,-0.34682,0.22657,0.995352,0.49199
1336064,5219,24.98,0.4996,2896.3,-0.251866,0.216207,0.981861,0.314359
1336320,5220,24.98,0.4996,2896.3,0.06167,0.242,0.966134,0.109669
1336576,5221,24.98,0.4996,2896.3,-1.50532,0.401804,0.99,1.527394
1336832,5222,24.98,0.4996,2896.3,0.252028,0.076457,0.984681,0.192166
1337088,5223,25.04,0.5008,2892.4,0.311519,0.604291,0.98045,0.730198
1337344,5224,25.04,0.5008,2892.4,-0.781868,0.270009,0.977369,1.028355
1337600,5225,25.04,0.5008,2892.4,-0.055965,0.055832,0.997723,0.074119
1337856,5226,25.04,0.5008,2892.4,0.325158,0.28877,0.989516,0.549183
1338112,5227,25.04,0.5008,2892.4,-1.12242,0.167591,0.96965,0.87119
1338368,5228,25.04,0.5008,2892.4,-0.455476,0.12201,0.973531,0.45876
1338624,5229,25.04,0.5008,2892.4,1.206788,0.643908,0.98321,1.813529
1338880,5230,25.04,0.5008,2892.4,0.372362,0.223014,0.98,0.486513
1339136,5231,25.04,0.5008,2892.4,-1.641737,0.432713,0.984516,1.632612
1339392,5232,25.04,0.5008,2892.4,0.233842,0.236055,0.969881,0.360607
1339648,5233,25.04,0.5008,2892.4,0.407969,0.160907,0.982444,0.433691
1339904,5234,25.01,0.5002,2889.1,0.892264,0.503406,0.977279,1.456016
1340160,5235,25.01,0.5002,2889.1,-0.070697,0.071881,0.980518,0.060883
1340416,5236,25.01,0.5002,2889.1,0.334583,0.15368,0.979959,0.362872
1340672,5237,25.01,0.5002,2889.1,1.066597,0.301653,0.973158,1.151824
1340928,5238,25.01,0.5002,2889.1,1.547275,1.105988,0.958046,2.942332
1341184,5239,25.01,0.5002,2889.1,-0.63693,0.278497,0.989323,0.887296
1341440,5240,25.01,0.5002,2889.1,-0.881479,0.280119,0.976245,1.064165
1341696,5241,25.01,0.5002,2889.1,0.395506,0.319339,0.978542,0.586218
1341952,5242,25.05,0.501,2883.8,-0.176392,0.345438,0.983499,0.405168
1342208,5243,25.05,0.501,2883.8,0.159597,0.093718,0.96287,0.172986
1342464,5244,25.05,0.501,2883.8,-0.899853,0.149418,0.982899,0.799709
1342720,5245,25.05,0.501,2883.8,0.344354,0.115079,0.988186,0.330488
1342976,5246,25.05,0.501,2883.8,0.561053,0.122847,0.98264,0.496934
1343232,5247,25.05,0.501,2883.8,0.642985,0.458738,0.995576,1.117379
1343488,5248,25.05,0.501,2883.8,0.826932,0.15377,0.980029,0.756711
1343744,5249,25.05,0.501,2883.8,0.749156,0.303695,0.981599,1.096579
1344000,5250,25.05,0.501,2883.8,0.067062,0.190338,0.962652,0.116977
1344256,5251,25.07,0.5014,2875.5,-1.504638,0.533053,0.961198,2.013164
1344512,5252,25.07,0.5014,2875.5,0.515626,0.247992,0.974924,0.723591
1344768,5253,25.07,0.5014,2875.5,-0.846583,0.149483,0.960779,0.808256
1345024,5254,25.07,0.5014,2875.5,0.542657,0.180049,0.9642,0.663255
1345280,5255,25.07,0.5014,2875.5,-0.277155,0.167525,0.98501,0.3526
1345536,5256,25.07,0.5014,2875.5,0.867975,0.126666,0.968385,0.788029
1345792,5257,25.07,0.5014,2875.5,-0.532573,0.106513,0.982513,0.47132
1346048,5258,25.07,0.5014,2875.5,-2.100346,0.281531,0.982864,1.518631
1346304,5259,25.07,0.5014,2875.5,0.101293,0.181648,0.964113,0.154102
1346560,5260,25.07,0.5014,2875.5,1.062341,0.800061,0.970089,2.095932
1346816,5261,25.19,0.5038,2874.2,-0.823041,0.435271,0.958429,1.400062
1347072,5262,25.19,0.5038,2874.2,-0.842049,0.60485,0.966827,1.738055
1347328,5263,25.19,0.5038,2874.2,-1.854807,0.701963,0.952432,2.450401
1347584,5264,25.19,0.5038,2874.2,0.358666,0.353231,0.956044,0.696111
1347840,5265,25.19,0.5038,2874.2,-0.478781,0.195497,0.95803,0.652747
1348096,5266,25.19,0.5038,2874.2,-0.869027,0.160594,0.996481,0.822664
1348352,5267,25.19,0.5038,2874.2,-3.316483,0.798613,0.972514,2.669209
1348608,5268,25.19,0.5038,2874.2,-2.31542,0.619135,0.960719,2.411467
1348864,5269,25.19,0.5038,2874.2,0.222077,0.157389,0.966329,0.318521
1349120,5270,25.16,0.5032,2864.3,-1.104002,0.251258,0.974844,1.189862
1349376,5271,25.16,0.5032,2864.3,-1.397407,0.237928,0.966376,1.202526
1349632,5272,25.16,0.5032,2864.3,-3.329183,0.771168,0.962958,2.538526
1349888,5273,25.16,0.5032,2864.3,0.618505,0.19889,0.98362,0.754688
1350144,5274,25.16,0.5032,2864.3,-0.517716,0.099946,0.978299,0.47965
1350400,5275,25.16,0.5032,2864.3,1.103732,0.442441,0.977044,1.436686
1350656,5276,25.16,0.5032,2864.3,1.757966,0.430108,0.986501,1.633748
1350912,5277,25.16,0.5032,2864.3,-1.123792,0.298264,0.963553,1.216044
1351168,5278,25.16,0.5032,2864.3,0.237968,0.154375,0.985866,0.298201
1351424,5279,25.16,0.5032,2864.3,-0.409626,0.166422,0.981207,0.444963
1351680,5280,25.16,0.5032,2864.3,-2.052418,0.308125,1.003101,1.518844
1351936,5281,25.22,0.5044,2862.7,-0.51598,0.196459,0.965524,0.623365
1352192,5282,25.22,0.5044,2862.7,0.003032,0.150046,0.978726,0.051467
1352448,5283,25.22,0.5044,2862.7,1.442616,1.313898,0.978959,2.70696
1352704,5284,25.22,0.5044,2862.7,-0.919093,0.190806,0.962484,0.954983
1352960,5285,25.22,0.5044,2862.7,-0.355286,0.428894,0.98218,0.654824
1353216,5286,25.22,0.5044,2862.7,-0.334118,0.089853,0.980497,0.279862
1353472,5287,25.22,0.5044,2862.7,-2.099788,0.478961,0.976432,1.84997
1353728,5288,25.22,0.5044,2862.7,-0.122547,0.229068,0.986797,0.194023
1353984,5289,25.22,0.5044,2862.7,0.023884,0.071702,0.995955,0.033442
1354240,5290,25.18,0.5036,2851.7,0.211173,0.446692,0.98264,0.503706
1354496,5291,25.18,0.5036,2851.7,-0.822029,0.160169,1.001615,0.71815
1354752,5292,25.18,0.5036,2851.7,-0.480342,0.153437,1.007153,0.45197
1355008,5293,25.18,0.5036,2851.7,0.336688,0.228388,0.996103,0.416534
1355264,5294,25.18,0.5036,2851.7,-2.432193,0.246772,0.998678,1.204084
1355520,5295,25.18,0.5036,2851.7,0.132813,0.158915,1.002805,0.16638
1355776,5296,25.18,0.5036,2851.7,-0.486601,0.136177,0.99876,0.442076
1356032,5297,25.18,0.5036,2851.7,0.371092,0.094944,0.994884,0.278082
1356288,5298,25.18,0.5036,2851.7,-0.319527,0.099896,0.999597,0.250077
1356544,5299,25.18,0.5036,2851.7,-1.274388,0.180272,0.980163,0.93365
1356800,5300,25.18,0.5036,2851.7,1.821621,0.916733,0.985614,2.191485
1357056,5301,25.15,0.503,2847.5,-1.006684,0.290666,0.9873,1.111935
1357312,5302,25.15,0.503,2847.5,-1.537025,0.295315,0.990363,1.216062
1357568,5303,25.15,0.503,2847.5,0.417412,0.171997,0.998177,0.450416
1357824,5304,25.15,0.503,2847.5,0.619979,0.215718,0.993187,0.715729
1358080,5305,25.15,0.503,2847.5,1.413038,0.217272,1.001302,0.984801
1358336,5306,25.15,0.503,2847.5,-0.393702,0.106239,0.990121,0.302103
1358592,5307,25.15,0.503,2847.5,2.050602,0.631646,1.002871,1.845056
1358848,5308,25.15,0.503,2847.5,-0.110094,0.278149,1.002728,0.203041
1359104,5309,25.15,0.503,2847.5,1.006736,0.313966,0.995164,1.070512
1359360,5310,25.12,0.5024,2840.6,-1.003927,0.381982,1.009707,1.058766
1359616,5311,25.12,0.5024,2840.6,1.5103,0.78103,0.996467,1.867765
1359872,5312,25.12,0.5024,2840.6,0.929892,0.294877,0.996045,1.00293
1360128,5313,25.12,0.5024,2840.6,-1.085977,0.15909,0.990075,0.772977
1360384,5314,25.12,0.5024,2840.6,-1.463659,0.196305,0.992537,1.047099
1360640,5315,25.12,0.5024,2840.6,0.714668,0.375151,0.994144,0.908448
1360896,5316,25.12,0.5024,2840.6,0.295396,0.100273,1.011749,0.218734
1361152,5317,25.12,0.5024,2840.6,1.092386,0.228237,0.998394,0.893192
1361408,5318,25.12,0.5024,2840.6,-0.21984,0.223213,1.007987,0.301652
1361664,5319,25.12,0.5024,2840.6,-0.274999,0.103924,0.992851,0.231822
1361920,5320,25.12,0.5024,2840.6,0.315186,0.10546,1.000846,0.283069
1362176,5321,25.17,0.5034,2837.8,-0.931072,0.154417,0.995283,0.755265
1362432,5322,25.17,0.5034,2837.8,1.451239,0.721042,0.997276,1.827975
1362688,5323,25.17,0.5034,2837.8,2.054564,0.873826,0.996138,2.202216
1362944,5324,25.17,0.5034,2837.8,0.603976,0.364482,0.990294,0.890642
1363200,5325,25.17,0.5034,2837.8,0.023169,0.122501,1.013906,0.049464
1363456,5326,25.17,0.5034,2837.8,0.269917,0.218136,1.000795,0.303232
1363712,5327,25.17,0.5034,2837.8,0.771577,0.134886,1.002783,0.605831
1363968,5328,25.17,0.5034,2837.8,0.484985,0.338648,1.017067,0.669709
1364224,5329,25.17,0.5034,2837.8,-0.065555,0.072522,1.005347,0.062838
1364480,5330,25.17,0.5034,2837.8,-1.898635,0.449187,0.997042,1.593438
1364736,5331,25.25,0.505,2819.9,0.306514,0.572807,0.99428,0.667801
1364992,5332,25.25,0.505,2819.9,0.518803,0.17069,0.995409,0.481229
1365248,5333,25.25,0.505,2819.9,-0.047996,0.190192,0.998132,0.093675
1365504,5334,25.25,0.505,2819.9,-0.897729,0.36517,1.005269,1.07788
1365760,5335,25.25,0.505,2819.9,-0.709095,0.269751,1.000856,0.81347
1366016,5336,25.25,0.505,2819.9,-0.985305,0.177285,1.004907,0.912765
1366272,5337,25.25,0.505,2819.9,0.412982,0.109076,1.005637,0.393701
1366528,5338,25.25,0.505,2819.9,0.441726,0.204681,1.004654,0.490162
1366784,5339,25.25,0.505,2819.9,-0.130526,0.251399,1.001614,0.181276
1367040,5340,25.2,0.504,2808.6,-1.744298,0.560685,0.998343,1.937747
1367296,5341,25.2,0.504,2808.6,1.577857,0.602307,0.996959,1.857118
1367552,5342,25.2,0.504,2808.6,-0.494654,0.362394,1.001396,0.802818
1367808,5343,25.2,0.504,2808.6,0.076151,0.144684,1.008153,0.111319
1368064,5344,25.2,0.504,2808.6,1.053416,0.402814,0.999138,1.352365
1368320,5345,25.2,0.504,2808.6,-0.935549,0.162152,1.007408,0.752503
1368576,5346,25.2,0.504,2808.6,-2.198985,0.43586,0.996332,1.741001
1368832,5347,25.2,0.504,2808.6,-0.179297,0.308784,1.00251,0.293304
1369088,5348,25.2,0.504,2808.6,0.56446,0.261069,1.007375,0.684155
1369344,5349,25.2,0.504,2808.6,-0.863842,0.177587,0.995613,0.814704
1369600,5350,25.14,0.5028,2800.7,0.021855,0.252877,1.01502,0.097107
1369856,5351,25.14,0.5028,2800.7,0.760341,0.152631,1.002708,0.62826
1370112,5352,25.14,0.5028,2800.7,1.022054,0.323229,1.007691,1.108641
1370368,5353,25.14,0.5028,2800.7,0.498878,0.464491,0.999185,0.924966
1370624,5354,25.14,0.5028,2800.7,-0.66881,0.077842,1.010056,0.409552
1370880,5355,25.14,0.5028,2800.7,-1.025776,0.136067,1.013191,0.727095
1371136,5356,25.14,0.5028,2800.7,-2.391225,0.373223,1.022734,1.495115
1371392,5357,25.14,0.5028,2800.7,0.370889,0.134789,0.995841,0.402594
1371648,5358,25.14,0.5028,2800.7,0.651761,0.741442,1.012968,1.283134
1371904,5359,25.1,0.502,2788.0,0.70828,0.372472,1.007586,0.93775
1372160,5360,25.1,0.502,2788.0,-0.588898,0.150691,1.010485,0.5239
1372416,5361,25.1,0.502,2788.0,-0.194608,0.057916,0.997669,0.119957
1372672,5362,25.1,0.502,2788.0,-0.108151,0.188414,0.998285,0.133586
1372928,5363,25.1,0.502,2788.0,-2.566648,0.51552,1.002773,1.883682
1373184,5364,25.1,0.502,2788.0,0.566122,0.196803,1.011329,0.588034
1373440,5365,25.1,0.502,2788.0,0.219249,0.094017,0.999647,0.204105
1373696,5366,25.1,0.502,2788.0,0.284073,0.373887,1.007101,0.441888
1373952,5367,25.1,0.502,2788.0,-1.163945,0.13183,1.004426,0.713964
1374208,5368,25.1,0.502,2788.0,0.874031,0.273619,1.00255,0.952316
1374464,5369,25.08,0.5016,2782.4,-0.031893,0.073662,1.007345,0.070025
1374720,5370,25.08,0.5016,2782.4,0.375609,0.212706,0.999652,0.449622
1374976,5371,25.08,0.5016,2782.4,0.640134,0.139502,1.005441,0.567844
1375232,5372,25.08,0.5016,2782.4,0.212219,0.145241,0.995441,0.236569
1375488,5373,25.08,0.5016,2782.4,0.711058,0.199757,0.984189,0.800089
1375744,5374,25.08,0.5016,2782.4,1.754859,1.297413,0.997393,2.862697
1376000,5375,25.08,0.5016,2782.4,-1.2277,0.291661,0.993668,1.168867
1376256,5376,25.08,0.5016,2782.4,-0.645772,0.106019,0.993239,0.498353
1376512,5377,25.08,0.5016,2782.4,-1.685725,0.304598,1.012198,1.266996
1376768,5378,25.08,0.5016,2782.4,-0.076738,0.173103,0.988223,0.109732
1377024,5379,25.08,0.5016,2782.4,-0.28935,0.283411,0.990346,0.516462
1377280,5380,25.08,0.5016,2776.5,-2.658578,0.254627,0.99067,1.306547
1377536,5381,25.08,0.5016,2776.5,-0.479369,0.222205,0.984776,0.558213
1377792,5382,25.08,0.5016,2776.5,-0.166604,0.117451,0.994508,0.177542
1378048,5383,25.08,0.5016,2776.5,-0.457369,0.262879,0.989457,0.609451
1378304,5384,25.08,0.5016,2776.5,-0.318482,0.083298,0.982821,0.233635
1378560,5385,25.08,0.5016,2776.5,0.057162,0.493333,0.990406,0.188731
1378816,5386,25.08,0.5016,2776.5,0.079167,0.212737,0.991828,0.187141
1379072,5387,25.08,0.5016,2776.5,0.857083,0.13726,0.986944,0.70417
1379328,5388,25.08,0.5016,2776.5,-1.383234,0.120198,0.989225,0.776789
1379584,5389,25.08,0.5016,2776.5,-1.182552,0.161604,0.991476,0.841996
1379840,5390,25.04,0.5008,2767.2,-0.400707,0.237603,0.984114,0.54727
1380096,5391,25.04,0.5008,2767.2,-0.434436,0.185403,0.986884,0.45476
1380352,5392,25.04,0.5008,2767.2,-0.243059,0.090189,0.984266,0.19224
1380608,5393,25.04,0.5008,2767.2,0.801074,0.312324,0.962034,1.016486
1380864,5394,25.04,0.5008,2767.2,-0.855106,0.179735,0.984826,0.7878
1381120,5395,25.04,0.5008,2767.2,0.388174,0.159163,0.971225,0.444172
1381376,5396,25.04,0.5008,2767.2,-1.786198,0.403471,0.965709,1.586418
1381632,5397,25.04,0.5008,2767.2,-0.509603,0.115788,0.978239,0.471783
1381888,5398,25.04,0.5008,2767.2,-0.245178,0.228082,0.976994,0.312087
1382144,5399,24.99,0.4998,2760.1,-0.765003,0.310397,0.972573,0.959585
1382400,5400,24.99,0.4998,2760.1,-0.790163,0.157395,0.976165,0.657777
1382656,5401,24.99,0.4998,2760.1,2.199965,0.642086,0.983347,1.940305
1382912,5402,24.99,0.4998,2760.1,0.570281,0.207883,0.984225,0.570948
1383168,5403,24.99,0.4998,2760.1,0.586095,0.338632,0.983536,0.800044
1383424,5404,24.99,0.4998,2760.1,0.967288,0.559405,0.985819,1.382466
1383680,5405,24.99,0.4998,2760.1,-0.064532,0.098973,0.988336,0.07952
1383936,5406,24.99,0.4998,2760.1,0.757713,0.267484,0.996217,0.80334
1384192,5407,24.99,0.4998,2760.1,0.323123,0.140494,0.985002,0.339897
1384448,5408,25.04,0.5008,2750.0,-1.026595,0.386386,0.982559,1.21208
1384704,5409,25.04,0.5008,2750.0,0.625084,0.151323,0.992888,0.516725
1384960,5410,25.04,0.5008,2750.0,-0.064628,0.179561,0.977494,0.125586
1385216,5411,25.04,0.5008,2750.0,-0.833477,0.08485,0.989581,0.487241
1385472,5412,25.04,0.5008,2750.0,-0.138873,0.0684,0.979873,0.094718
1385728,5413,25.04,0.5008,2750.0,0.583581,0.168642,0.990124,0.552376
1385984,5414,25.04,0.5008,2750.0,-0.7255,0.077861,0.985816,0.433575
1386240,5415,25.04,0.5008,2750.0,0.073382,0.150846,0.994057,0.095293
1386496,5416,25.04,0.5008,2750.0,0.79126,0.514937,0.990625,1.178174
1386752,5417,25.04,0.5008,2750.0,-0.384627,0.131949,1.002503,0.354376
1387008,5418,25.01,0.5002,2742.4,-0.337853,0.471509,0.992101,0.643003
1387264,5419,25.01,0.5002,2742.4,1.720874,0.686856,0.996793,1.808131
1387520,5420,25.01,0.5002,2742.4,0.528519,0.134499,0.994363,0.445731
1387776,5421,25.01,0.5002,2742.4,1.761349,0.427858,0.982278,1.477092
1388032,5422,25.01,0.5002,2742.4,-1.916128,0.336958,0.986315,1.330332
1388288,5423,25.01,0.5002,2742.4,-0.083258,0.130591,0.998502,0.098743
1388544,5424,25.01,0.5002,2742.4,-0.348448,0.108886,0.999947,0.282258
1388800,5425,25.01,0.5002,2742.4,-0.330617,0.13817,1.00695,0.282918
1389056,5426,25.01,0.5002,2742.4,1.926558,0.449523,0.99855,1.575471
1389312,5427,25.01,0.5002,2742.4,-0.692721,0.241195,1.002467,0.719002
1389568,5428,25.01,0.5002,2742.4,-0.422229,0.088777,0.997422,0.31784
1389824,5429,25.09,0.5018,2736.0,1.084934,0.385968,0.992116,1.250439
1390080,5430,25.09,0.5018,2736.0,1.483756,0.349428,0.991018,1.297798
1390336,5431,25.09,0.5018,2736.0,-0.233049,0.16056,1.009959,0.280511
1390592,5432,25.09,0.5018,2736.0,-0.581589,0.282707,0.990469,0.678684
1390848,5433,25.09,0.5018,2736.0,-0.157368,0.077914,0.992255,0.124117
1391104,5434,25.09,0.5018,2736.0,1.532023,0.33903,0.995002,1.301034
1391360,5435,25.09,0.5018,2736.0,0.263762,0.185734,0.998856,0.288706
1391616,5436,25.09,0.5018,2736.0,0.858619,0.127469,0.996686,0.589787
1391872,5437,25.09,0.5018,2736.0,1.661785,0.636303,1.001234,1.775827
1392128,5438,25.09,0.5018,2736.0,0.178572,0.087297,0.994197,0.181331
1392384,5439,25.11,0.5022,2729.4,0.050136,0.089083,0.999771,0.077747
1392640,5440,25.11,0.5022,2729.4,0.489564,0.272829,0.997915,0.586108
1392896,5441,25.11,0.5022,2729.4,1.122529,0.232404,0.986715,1.036032
1393152,5442,25.11,0.5022,2729.4,0.076118,0.146039,0.97549,0.088928
1393408,5443,25.11,0.5022,2729.4,0.037626,0.113673,0.992093,0.060392
1393664,5444,25.11,0.5022,2729.4,-1.828832,0.324744,1.001639,1.364276
1393920,5445,25.11,0.5022,2729.4,-2.438557,0.499075,0.990985,1.838309
1394176,5446,25.11,0.5022,2729.4,1.369948,0.176156,0.997319,0.890454
1394432,5447,25.11,0.5022,2729.4,-0.847017,0.291227,1.004283,0.904394
1394688,5448,25.11,0.5022,2729.4,-0.466702,0.242772,1.001873,0.560168
1394944,5449,25.1,0.502,2719.7,-0.842806,0.230941,0.991075,0.853941
1395200,5450,25.1,0.502,2719.7,-0.047568,0.37719,0.996912,0.175607
1395456,5451,25.1,0.502,2719.7,0.370028,0.165665,1.006819,0.381004
1395712,5452,25.1,0.502,2719.7,-0.546702,0.225789,1.00006,0.624179
1395968,5453,25.1,0.502,2719.7,0.975505,0.380876,0.993724,1.183084
1396224,5454,25.1,0.502,2719.7,1.248717,0.396015,0.994646,1.36249
1396480,5455,25.1,0.502,2719.7,-0.427135,0.093323,0.993032,0.331742
1396736,5456,25.1,0.502,2719.7,0.337277,0.127572,1.00126,0.313013
1396992,5457,25.1,0.502,2719.7,0.887542,0.158238,1.003046,0.687389
1397248,5458,25.07,0.5014,2715.6,-0.312745,0.530674,1.001909,0.578988
1397504,5459,25.07,0.5014,2715.6,-0.117315,0.124578,0.993843,0.13139
1397760,5460,25.07,0.5014,2715.6,-1.925513,0.340142,1.001656,1.43985
1398016,5461,25.07,0.5014,2715.6,-0.256123,0.099165,0.998277,0.203486
1398272,5462,25.07,0.5014,2715.6,-0.369008,0.090034,0.995802,0.287428
1398528,5463,25.07,0.5014,2715.6,0.044568,0.100732,1.009073,0.058216
1398784,5464,25.07,0.5014,2715.6,0.34346,0.098769,0.997494,0.286328
1399040,5465,25.07,0.5014,2715.6,0.081362,0.106857,1.002456,0.090952
1399296,5466,25.07,0.5014,2715.6,-0.749446,0.106141,1.008923,0.525718
1399552,5467,25.07,0.5014,2715.6,0.602668,0.186642,1.004042,0.583724
1399808,5468,24.99,0.4998,2706.7,-1.904563,0.514174,0.991064,1.765373
1400064,5469,24.99,0.4998,2706.7,-0.136886,0.097478,1.009666,0.118538
1400320,5470,24.99,0.4998,2706.7,-0.466205,0.319605,0.99805,0.662511
1400576,5471,24.99,0.4998,2706.7,0.371567,0.113136,0.999874,0.342612
1400832,5472,24.99,0.4998,2706.7,0.91541,0.412575,1.009057,1.125529
1401088,5473,24.99,0.4998,2706.7,-2.172513,0.338166,1.002763,1.387132
1401344,5474,24.99,0.4998,2706.7,0.871578,0.174383,1.008315,0.742846
1401600,5475,24.99,0.4998,2706.7,0.043688,0.080879,0.998381,0.056072
1401856,5476,24.99,0.4998,2706.7,0.94808,0.181088,0.999379,0.794843
1402112,5477,24.99,0.4998,2706.7,-0.757339,0.11721,0.997122,0.56879
1402368,5478,24.99,0.4998,2706.7,0.991692,0.492524,1.00518,1.231424
1402624,5479,25.04,0.5008,2700.4,-0.188797,0.717775,0.99599,0.456896
1402880,5480,25.04,0.5008,2700.4,1.499228,0.820974,0.999976,1.991789
1403136,5481,25.04,0.5008,2700.4,1.05866,0.225252,0.999247,0.885966
1403392,5482,25.04,0.5008,2700.4,-1.440213,0.272482,1.002965,1.138499
1403648,5483,25.04,0.5008,2700.4,-1.806392,0.409568,1.010006,1.474023
1403904,5484,25.04,0.5008,2700.4,1.455899,0.278115,1.002331,1.150942
1404160,5485,25.04,0.5008,2700.4,-0.077549,0.100899,1.006339,0.082122
1404416,5486,25.04,0.5008,2700.4,-0.442074,0.167543,1.009077,0.430136
1404672,5487,25.04,0.5008,2700.4,0.444857,0.142359,0.997799,0.430209
1404928,5488,25.04,0.5008,2700.4,0.829543,0.367463,1.000996,1.054946
1405184,5489,25.03,0.5006,2698.6,-2.149936,0.395122,0.998126,1.526691
1405440,5490,25.03,0.5006,2698.6,0.180467,0.141902,0.999223,0.167299
1405696,5491,25.03,0.5006,2698.6,-0.296232,0.284944,1.002392,0.475534
1405952,5492,25.03,0.5006,2698.6,0.281219,0.278732,1.000822,0.403042
1406208,5493,25.03,0.5006,2698.6,-0.891046,0.178967,0.996181,0.78031
1406464,5494,25.03,0.5006,2698.6,0.640646,0.195352,1.009041,0.736895
1406720,5495,25.03,0.5006,2698.6,0.638036,0.497586,0.991178,1.109731
1406976,5496,25.03,0.5006,2698.6,-1.029312,0.125995,1.004664,0.740621
1407232,5497,25.03,0.5006,2698.6,0.955558,0.343856,1.010178,1.054756
1407488,5498,25.03,0.5006,2698.6,-0.080712,0.299751,0.999578,0.155326
1407744,5499,25.03,0.5006,2698.6,-2.573369,0.353676,1.011142,1.615511
1408000,5500,25.03,0.5006,2689.6,-1.264374,0.363239,1.009877,1.249243
1408256,5501,25.03,0.5006,2689.6,-1.806499,0.306562,1.012528,1.274639
1408512,5502,25.03,0.5006,2689.6,0.551789,0.197154,1.00383,0.518079
1408768,5503,25.03,0.5006,2689.6,-0.116006,0.190152,1.000394,0.218781
1409024,5504,25.03,0.5006,2689.6,1.209193,0.349318,1.002665,1.225099
1409280,5505,25.03,0.5006,2689.6,0.479072,0.142603,1.01353,0.403942
1409536,5506,25.03,0.5006,2689.6,-0.541679,0.120238,1.018904,0.454668
1409792,5507,25.03,0.5006,2689.6,-2.14067,0.379681,1.004887,1.455972
1410048,5508,25.03,0.5006,2689.6,2.560345,0.831747,0.99738,2.577114
1410304,5509,25.03,0.5006,2689.6,-0.532421,0.085131,1.001588,0.397333
1410560,5510,25.03,0.5006,2689.6,-0.168874,0.142715,0.999918,0.161628
1410816,5511,25.03,0.5006,2689.6,0.174755,0.156627,1.007624,0.175395
1411072,5512,25.02,0.5004,2688.6,-0.762205,0.418752,1.008114,1.03859
1411328,5513,25.02,0.5004,2688.6,2.465522,0.867897,1.009932,2.240459
1411584,5514,25.02,0.5004,2688.6,0.068038,0.067983,1.015237,0.090959
1411840,5515,25.02,0.5004,2688.6,-1.001649,0.122551,1.002852,0.759634
1412096,5516,25.02,0.5004,2688.6,0.112812,0.169118,1.005536,0.130036
1412352,5517,25.02,0.5004,2688.6,-1.208918,0.136136,1.013207,0.703825
1412608,5518,25.02,0.5004,2688.6,0.643234,0.177084,1.013978,0.603608
1412864,5519,25.02,0.5004,2688.6,-1.725207,0.350555,1.010934,1.37895
1413120,5520,25.02,0.5004,2688.6,0.452213,0.134082,1.009171,0.388914
1413376,5521,25.02,0.5004,2688.6,0.519831,0.130348,1.005078,0.450171
1413632,5522,25.02,0.5004,2688.6,-0.318441,0.119753,1.007116,0.311998
1413888,5523,25.05,0.501,2686.5,0.36634,0.282394,1.012336,0.494023
1414144,5524,25.05,0.501,2686.5,-0.662818,0.128785,1.007248,0.5242
1414400,5525,25.05,0.501,2686.5,-0.134353,0.098808,1.004428,0.146493
1414656,5526,25.05,0.501,2686.5,-1.706652,0.32401,1.017709,1.227497
1414912,5527,25.05,0.501,2686.5,0.236928,0.121745,1.019531,0.191504
1415168,5528,25.05,0.501,2686.5,0.481079,0.168192,1.010129,0.497626
1415424,5529,25.05,0.501,2686.5,-1.486297,0.11944,1.014319,0.813329
1415680,5530,25.05,0.501,2686.5,0.236936,0.252625,1.014742,0.341713
1415936,5531,25.05,0.501,2686.5,0.902108,0.170119,1.017926,0.747792
1416192,5532,25.05,0.501,2686.5,1.441575,0.695411,1.016282,1.863105
1416448,5533,25.05,0.501,2686.5,0.184961,0.062997,1.02429,0.133993
1416704,5534,25.08,0.5016,2685.5,0.647015,0.07199,1.015654,0.377199
1416960,5535,25.08,0.5016,2685.5,-0.213482,0.091648,1.016572,0.185538
1417216,5536,25.08,0.5016,2685.5,0.259072,0.092963,1.014925,0.211816
1417472,5537,25.08,0.5016,2685.5,2.570412,0.786178,1.019267,2.210137
1417728,5538,25.08,0.5016,2685.5,0.473992,0.13927,1.013228,0.431782
1417984,5539,25.08,0.5016,2685.5,0.727712,0.262421,1.015624,0.831541
1418240,5540,25.08,0.5016,2685.5,0.755322,0.194151,1.017873,0.694319
1418496,5541,25.08,0.5016,2685.5,-4.592719,0.447035,1.012976,1.746289
1418752,5542,25.08,0.5016,2685.5,-0.035708,0.069172,1.013517,0.065225
1419008,5543,25.08,0.5016,2685.5,0.163155,0.196843,1.00529,0.223003
1419264,5544,25.08,0.5016,2685.5,-0.108306,0.238887,1.004321,0.219606
1419520,5545,25.1,0.502,2682.7,-0.046773,0.12747,1.011072,0.084711
1419776,5546,25.1,0.502,2682.7,1.139037,0.344854,1.013383,1.196651
1420032,5547,25.1,0.502,2682.7,0.00761,0.082845,1.008441,0.095765
1420288,5548,25.1,0.502,2682.7,0.728636,0.260425,1.014459,0.768384
1420544,5549,25.1,0.502,2682.7,-0.688534,0.146521,0.997375,0.653068
1420800,5550,25.1,0.502,2682.7,-0.99515,0.211178,0.998519,0.902233
1421056,5551,25.1,0.502,2682.7,-0.204712,0.090968,1.017737,0.164083
1421312,5552,25.1,0.502,2682.7,-1.857187,0.476874,1.003326,1.708011
1421568,5553,25.1,0.502,2682.7,-1.069607,0.174706,1.017388,0.908056
1421824,5554,25.1,0.502,2682.7,1.039212,0.134229,1.015018,0.692895
1422080,5555,25.04,0.5008,2679.1,0.078574,0.097485,1.014581,0.094468
1422336,5556,25.04,0.5008,2679.1,-0.792638,0.092235,1.006754,0.512357
1422592,5557,25.04,0.5008,2679.1,1.120054,0.408477,1.010407,1.381222
1422848,5558,25.04,0.5008,2679.1,0.675175,0.238386,1.009826,0.735625
1423104,5559,25.04,0.5008,2679.1,-2.423138,0.418817,1.00986,1.648159
1423360,5560,25.04,0.5008,2679.1,-0.234781,0.087279,1.007026,0.18943
1423616,5561,25.04,0.5008,2679.1,-0.15586,0.077138,1.015853,0.136003
1423872,5562,25.04,0.5008,2679.1,-1.255475,0.248541,1.015065,1.069828
1424128,5563,25.04,0.5008,2679.1,0.510686,0.272049,1.004943,0.708923
1424384,5564,25.04,0.5008,2679.1,0.740073,0.396213,1.005791,1.096132
1424640,5565,25.0,0.5,2676.3,-1.00825,0.157609,1.020322,0.76722
1424896,5566,25.0,0.5,2676.3,0.421615,0.538392,1.013364,0.816087
1425152,5567,25.0,0.5,2676.3,1.564216,0.40508,1.014329,1.406461
1425408,5568,25.0,0.5,2676.3,-1.029055,0.163748,1.010612,0.888226
1425664,5569,25.0,0.5,2676.3,0.417751,0.186313,1.006811,0.484456
1425920,5570,25.0,0.5,2676.3,-2.015223,0.247216,1.016986,1.215886
1426176,5571,25.0,0.5,2676.3,0.73578,0.120194,1.010558,0.552269
1426432,5572,25.0,0.5,2676.3,1.254765,0.429839,1.013603,1.399605
1426688,5573,25.0,0.5,2676.3,-0.838057,0.149653,1.009422,0.667264
1426944,5574,25.0,0.5,2676.3,-0.455172,0.24915,1.007386,0.587012
1427200,5575,25.01,0.5002,2672.8,-0.717967,0.39034,1.017042,1.042452
1427456,5576,25.01,0.5002,2672.8,1.209818,0.237369,1.000459,1.197451
1427712,5577,25.01,0.5002,2672.8,-0.61858,0.189496,1.004605,0.663619
1427968,5578,25.01,0.5002,2672.8,0.434766,0.202789,1.002063,0.579928
1428224,5579,25.01,0.5002,2672.8,-1.315542,0.235401,1.008737,1.07396
1428480,5580,25.01,0.5002,2672.8,-1.831269,0.439835,1.003881,1.706961
1428736,5581,25.01,0.5002,2672.8,-0.116905,0.113389,1.008791,0.149897
1428992,5582,25.01,0.5002,2672.8,-1.363473,0.1727,1.019682,0.888371
1429248,5583,25.01,0.5002,2672.8,-1.690534,0.422737,1.002029,1.584452
1429504,5584,25.01,0.5002,2672.8,0.195498,0.238277,1.012054,0.255722
1429760,5585,25.01,0.5002,2672.8,0.018645,0.097288,1.010499,0.050275
1430016,5586,24.91,0.4982,2673.3,0.37814,0.264685,1.003011,0.504758
1430272,5587,24.91,0.4982,2673.3,0.162444,0.362482,1.004175,0.275374
1430528,5588,24.91,0.4982,2673.3,-0.161126,0.040682,1.007833,0.095227
1430784,5589,24.91,0.4982,2673.3,-0.852801,0.102129,1.003634,0.552826
1431040,5590,24.91,0.4982,2673.3,0.269299,0.20845,1.01437,0.316924
1431296,5591,24.91,0.4982,2673.3,-0.542477,0.251286,1.007327,0.667369
1431552,5592,24.91,0.4982,2673.3,-1.433882,0.260477,1.01427,1.085349
1431808,5593,24.91,0.4982,2673.3,0.42583,0.119356,1.014002,0.359717
1432064,5594,24.91,0.4982,2673.3,-1.700306,0.237192,1.011198,1.080588
1432320,5595,24.91,0.4982,2673.3,-0.359839,0.097866,1.007017,0.276157
1432576,5596,24.91,0.4982,2673.3,-0.580851,0.128907,1.007164,0.476323
1432832,5597,24.9,0.498,2675.4,0.69483,0.246697,1.009985,0.709036
1433088,5598,24.9,0.498,2675.4,0.198267,0.151549,1.001182,0.218868
1433344,5599,24.9,0.498,2675.4,-0.802466,0.135419,1.003516,0.610915
1433600,5600,24.9,0.498,2675.4,0.497654,0.155384,1.006854,0.46735
1433856,5601,24.9,0.498,2675.4,0.827257,0.471554,1.001095,1.190867
1434112,5602,24.9,0.498,2675.4,-0.458308,0.211558,1.003108,0.57454
1434368,5603,24.9,0.498,2675.4,-2.192024,0.255195,1.02238,1.235046
1434624,5604,24.9,0.498,2675.4,0.510962,0.204035,1.00459,0.573077
1434880,5605,24.9,0.498,2675.4,-1.158184,0.169661,1.013543,0.768664
1435136,5606,24.9,0.498,2675.4,-1.951207,0.374096,1.005692,1.395455
1435392,5607,24.92,0.4984,2671.6,-0.434034,0.577398,1.010897,0.841738
1435648,5608,24.92,0.4984,2671.6,-2.84796,0.283235,1.023747,1.304726
1435904,5609,24.92,0.4984,2671.6,0.73618,0.221322,1.00606,0.712662
1436160,5610,24.92,0.4984,2671.6,-0.066703,0.07053,1.017018,0.061029
1436416,5611,24.92,0.4984,2671.6,0.11862,0.259311,1.009241,0.164367
1436672,5612,24.92,0.4984,2671.6,0.46495,0.067765,1.01788,0.291779
1436928,5613,24.92,0.4984,2671.6,0.077893,0.065391,1.00985,0.069849
1437184,5614,24.92,0.4984,2671.6,-2.081767,0.331397,1.004182,1.380358
1437440,5615,24.92,0.4984,2671.6,0.393151,0.200568,1.008909,0.428874
1437696,5616,24.92,0.4984,2671.6,-0.828159,0.099358,1.006912,0.493378
1437952,5617,24.92,0.4984,2671.6,0.468789,0.150128,1.012284,0.401854
1438208,5618,24.92,0.4984,2671.6,-2.091691,0.337908,1.009372,1.295414
1438464,5619,24.84,0.4968,2671.6,-0.176848,0.081831,0.99393,0.121763
1438720,5620,24.84,0.4968,2671.6,0.109564,0.198899,0.998372,0.179278
1438976,5621,24.84,0.4968,2671.6,0.701586,0.118076,1.009455,0.484086
1439232,5622,24.84,0.4968,2671.6,-0.871419,0.161113,1.009827,0.662115
1439488,5623,24.84,0.4968,2671.6,2.148621,0.376539,1.009828,1.363871
1439744,5624,24.84,0.4968,2671.6,1.794468,0.492671,1.005632,1.622004
1440000,5625,24.84,0.4968,2671.6,0.29123,0.806454,0.98667,0.725463
1440256,5626,24.84,0.4968,2671.6,-1.324665,0.228015,0.997856,1.011933
1440512,5627,24.84,0.4968,2671.6,1.936743,0.689599,1.000775,1.9676
1440768,5628,24.84,0.4968,2671.6,0.51041,0.185671,1.00405,0.492188
1441024,5629,24.77,0.4954,2666.0,1.101403,0.183313,0.997861,0.790647
1441280,5630,24.77,0.4954,2666.0,1.427513,0.455447,1.003209,1.384109
1441536,5631,24.77,0.4954,2666.0,1.594986,0.536123,0.990004,1.571105
1441792,5632,24.77,0.4954,2666.0,-2.302655,0.341686,1.001808,1.420427
1442048,5633,24.77,0.4954,2666.0,-0.465184,0.25592,0.998389,0.548296
1442304,5634,24.77,0.4954,2666.0,-0.42682,0.096756,1.006997,0.298925
1442560,5635,24.77,0.4954,2666.0,2.192338,1.175615,0.991281,2.611445
1442816,5636,24.77,0.4954,2666.0,1.643165,0.367734,1.008489,1.254454
1443072,5637,24.77,0.4954,2666.0,-0.98346,0.147122,0.987893,0.735078
1443328,5638,24.77,0.4954,2666.0,-1.461015,0.342379,0.999024,1.226769
1443584,5639,24.8,0.496,2665.3,0.965683,0.369575,0.992178,1.189481
1443840,5640,24.8,0.496,2665.3,0.830397,0.184672,0.981821,0.768713
1444096,5641,24.8,0.496,2665.3,-0.792975,0.100415,0.999145,0.505171
1444352,5642,24.8,0.496,2665.3,0.494829,0.179487,0.980654,0.607773
1444608,5643,24.8,0.496,2665.3,1.853985,1.098914,0.993544,2.419452
1444864,5644,24.8,0.496,2665.3,-0.488979,0.175608,0.999888,0.494718
1445120,5645,24.8,0.496,2665.3,1.688141,0.257415,0.992425,1.099906
1445376,5646,24.8,0.496,2665.3,-1.085697,0.18006,0.979145,0.889236
1445632,5647,24.8,0.496,2665.3,0.047456,0.090116,0.994171,0.079656
1445888,5648,24.8,0.496,2665.3,-0.9735,0.146478,0.977261,0.70041
1446144,5649,24.79,0.4958,2661.1,-0.660693,0.32814,0.982277,0.907369
1446400,5650,24.79,0.4958,2661.1,0.440508,0.346564,0.988069,0.689618
1446656,5651,24.79,0.4958,2661.1,-0.52906,0.186137,0.993131,0.517549
1446912,5652,24.79,0.4958,2661.1,0.801707,0.217357,0.975286,0.865806
1447168,5653,24.79,0.4958,2661.1,0.857731,0.371004,0.982246,1.013066
1447424,5654,24.79,0.4958,2661.1,-0.0901,0.100747,0.973209,0.075457
1447680,5655,24.79,0.4958,2661.1,0.615771,0.531408,0.971879,1.09853
1447936,5656,24.79,0.4958,2661.1,-1.150945,0.146076,0.969362,0.992701
1448192,5657,24.79,0.4958,2661.1,0.423692,0.413153,0.968232,0.67908
1448448,5658,24.82,0.4964,2652.8,-0.492878,0.366672,0.978567,0.731155
1448704,5659,24.82,0.4964,2652.8,0.920799,0.257739,0.982733,0.889587
1448960,5660,24.82,0.4964,2652.8,0.925903,0.309287,0.980819,1.078536
1449216,5661,24.82,0.4964,2652.8,-2.105659,0.184942,0.987359,0.99738
1449472,5662,24.82,0.4964,2652.8,-0.120073,0.08995,0.97377,0.103737
1449728,5663,24.82,0.4964,2652.8,0.094733,0.141276,0.968339,0.169869
1449984,5664,24.82,0.4964,2652.8,-0.359538,0.106534,0.984122,0.311735
1450240,5665,24.82,0.4964,2652.8,0.293088,0.274264,0.972685,0.389845
1450496,5666,24.82,0.4964,2652.8,1.687665,0.703034,0.94085,2.185591
1450752,5667,24.82,0.4964,2652.8,1.203677,0.238175,0.980361,1.036351
1451008,5668,24.85,0.497,2645.5,-0.642752,0.241378,0.958882,0.73754
1451264,5669,24.85,0.497,2645.5,-0.446289,0.13865,0.951035,0.50974
1451520,5670,24.85,0.497,2645.5,-0.799358,0.181349,0.948214,0.85315
1451776,5671,24.85,0.497,2645.5,1.814356,0.99231,0.955305,2.75461
1452032,5672,24.85,0.497,2645.5,-0.294374,0.180448,0.95397,0.392847
1452288,5673,24.85,0.497,2645.5,-0.63128,0.088261,0.964825,0.470025
1452544,5674,24.85,0.497,2645.5,1.363068,0.468503,0.97458,1.503334
1452800,5675,24.85,0.497,2645.5,2.558152,0.657258,0.95732,2.167059
1453056,5676,24.87,0.4974,2638.0,0.183117,0.497516,0.949973,0.403034
1453312,5677,24.87,0.4974,2638.0,-1.270369,0.206527,0.956027,1.049274
1453568,5678,24.87,0.4974,2638.0,0.595751,0.265482,0.955595,0.729536
1453824,5679,24.87,0.4974,2638.0,-0.120104,0.20953,0.970418,0.181624
1454080,5680,24.87,0.4974,2638.0,0.185327,0.182012,0.978527,0.238717
1454336,5681,24.87,0.4974,2638.0,1.101013,0.557894,0.956771,1.693217
1454592,5682,24.87,0.4974,2638.0,1.198325,0.353115,0.968392,1.378923
1454848,5683,24.87,0.4974,2638.0,1.048322,0.252668,0.960586,1.035603
1455104,5684,24.87,0.4974,2638.0,0.250406,0.169487,0.955766,0.29039
1455360,5685,24.98,0.4996,2631.7,-0.487001,0.33937,0.964596,0.82028
1455616,5686,24.98,0.4996,2631.7,0.984862,0.333059,0.952176,1.174037
1455872,5687,24.98,0.4996,2631.7,1.225918,0.731704,0.958545,1.962491
1456128,5688,24.98,0.4996,2631.7,1.715694,0.282874,0.958897,1.4026
1456384,5689,24.98,0.4996,2631.7,1.60184,0.742454,0.94454,2.218825
1456640,5690,24.98,0.4996,2631.7,-0.522469,0.261063,0.969938,0.705107
1456896,5691,24.98,0.4996,2631.7,-1.967178,0.279221,0.951027,1.419671
1457152,5692,24.98,0.4996,2631.7,0.243872,0.195275,0.947598,0.329677
1457408,5693,24.98,0.4996,2631.7,0.679855,0.314052,0.935565,1.066134
1457664,5694,25.05,0.501,2624.1,0.410541,0.162694,0.939062,0.492775
1457920,5695,25.05,0.501,2624.1,-0.767913,0.356788,0.935738,1.203201
1458176,5696,25.05,0.501,2624.1,-0.0119,0.346549,0.94994,0.080889
1458432,5697,25.05,0.501,2624.1,0.636147,0.129821,0.969368,0.528994
1458688,5698,25.05,0.501,2624.1,-0.483494,0.302796,0.951745,0.727544
1458944,5699,25.05,0.501,2624.1,0.045519,0.165409,0.970812,0.204768
1459200,5700,25.05,0.501,2624.1,0.579873,0.105649,0.933269,0.49848
1459456,5701,25.05,0.501,2624.1,-0.52616,0.129166,0.951725,0.530573
1459712,5702,25.05,0.501,2624.1,-0.348987,0.11524,0.943997,0.391312
1459968,5703,25.05,0.501,2624.1,-0.344361,0.082208,0.96482,0.328249
1460224,5704,25.0,0.5,2618.2,-0.395336,0.17635,0.935331,0.512635
1460480,5705,25.0,0.5,2618.2,1.007794,0.188915,0.950654,0.987162
1460736,5706,25.0,0.5,2618.2,-1.181878,0.381772,0.950188,1.46009
1460992,5707,25.0,0.5,2618.2,0.661741,0.07632,0.944903,0.50896
1461248,5708,25.0,0.5,2618.2,-0.925877,0.15144,0.935271,0.885242
1461504,5709,25.0,0.5,2618.2,-1.196168,0.345057,0.9327,1.556764
1461760,5710,25.0,0.5,2618.2,-0.212467,0.132948,0.951908,0.238547
1462016,5711,25.0,0.5,2618.2,-0.796321,0.360429,0.952823,1.163242
1462272,5712,25.0,0.5,2618.2,1.309264,0.467082,0.946087,1.660415
1462528,5713,24.98,0.4996,2616.6,-0.922594,0.512028,0.938383,1.686067
1462784,5714,24.98,0.4996,2616.6,1.312979,0.288869,0.960853,1.319784
1463040,5715,24.98,0.4996,2616.6,1.169283,0.41877,0.963069,1.515731
1463296,5716,24.98,0.4996,2616.6,-0.018516,0.33632,0.958814,0.0789
1463552,5717,24.98,0.4996,2616.6,-1.408883,0.264052,0.945412,1.461264
1463808,5718,24.98,0.4996,2616.6,0.080879,0.296839,0.942652,0.179967
1464064,5719,24.98,0.4996,2616.6,0.460434,0.143422,0.956277,0.542381
1464320,5720,24.98,0.4996,2616.6,0.684234,0.256396,0.973457,0.929733
1464576,5721,25.0,0.5,2604.8,-1.011347,0.503022,0.949538,1.702177
1464832,5722,25.0,0.5,2604.8,0.061562,0.184205,0.958739,0.105704
1465088,5723,25.0,0.5,2604.8,0.565373,0.389538,0.965222,0.919268
1465344,5724,25.0,0.5,2604.8,0.488591,0.138376,0.97778,0.481863
1465600,5725,25.0,0.5,2604.8,-1.11861,0.128722,0.989491,0.772404
1465856,5726,25.0,0.5,2604.8,-0.003855,0.228923,0.970644,0.116652
1466112,5727,25.0,0.5,2604.8,-1.239429,0.353368,0.96475,1.461432
1466368,5728,25.0,0.5,2604.8,0.077875,0.105544,0.977367,0.090407
1466624,5729,25.0,0.5,2604.8,0.461006,0.172769,0.954936,0.590067
1466880,5730,25.05,0.501,2600.0,0.813721,0.467281,0.962399,1.335924
1467136,5731,25.05,0.501,2600.0,-0.123745,0.223155,0.957089,0.175975
1467392,5732,25.05,0.501,2600.0,-1.629358,0.218953,0.961112,1.227684
1467648,5733,25.05,0.501,2600.0,-0.382102,0.354018,0.963175,0.650742
1467904,5734,25.05,0.501,2600.0,-0.47162,0.116827,0.961688,0.505995
1468160,5735,25.05,0.501,2600.0,-0.492336,0.189412,0.962787,0.604872
1468416,5736,25.05,0.501,2600.0,1.311397,0.196302,0.967835,1.051277
1468672,5737,25.05,0.501,2600.0,-0.08689,0.124386,0.991689,0.144816
1468928,5738,25.05,0.501,2600.0,-1.637742,0.492838,0.973132,1.840097
1469184,5739,25.05,0.501,2598.0,0.821523,0.21151,0.973132,0.900696
1469440,5740,25.05,0.501,2598.0,0.891553,0.189311,0.969975,0.867981
1469696,5741,25.05,0.501,2598.0,0.834819,0.668963,0.967061,1.613077
1469952,5742,25.05,0.501,2598.0,0.270746,0.169099,0.985711,0.351249
1470208,5743,25.05,0.501,2598.0,-0.570914,0.085039,0.975275,0.429186
1470464,5744,25.05,0.501,2598.0,-0.071523,0.147196,0.978053,0.117062
1470720,5745,25.05,0.501,2598.0,0.078723,0.161155,0.97719,0.156736
1470976,5746,25.05,0.501,2598.0,-0.812005,0.140398,0.96427,0.711587
1471232,5747,25.05,0.501,2598.0,-0.394207,0.133368,0.98252,0.420176
1471488,5748,25.05,0.501,2598.0,0.408803,0.232344,0.983729,0.551989
1471744,5749,25.12,0.5024,2591.4,-0.25508,0.203661,0.98898,0.319817
1472000,5750,25.12,0.5024,2591.4,1.622324,0.406567,0.981629,1.590628
1472256,5751,25.12,0.5024,2591.4,0.340754,0.132004,0.977418,0.39694
1472512,5752,25.12,0.5024,2591.4,-0.681849,0.217872,0.98375,0.770537
1472768,5753,25.12,0.5024,2591.4,0.366598,0.122481,0.973633,0.372533
1473024,5754,25.12,0.5024,2591.4,-0.766732,0.249965,0.970408,0.947196
1473280,5755,25.12,0.5024,2591.4,-2.151545,0.599234,0.974841,2.139878
1473536,5756,25.12,0.5024,2591.4,-0.580757,0.131726,0.973014,0.587065
1473792,5757,25.12,0.5024,2591.4,-0.448869,0.29121,0.991089,0.649839
1474048,5758,25.12,0.5024,2591.4,-1.439792,0.258685,0.976706,1.419367
1474304,5759,25.08,0.5016,2589.6,-0.855686,0.243769,0.990368,0.904468
1474560,5760,25.08,0.5016,2589.6,2.116762,0.793944,0.988145,2.361699
1474816,5761,25.08,0.5016,2589.6,-0.265509,0.082022,0.983301,0.217883
1475072,5762,25.08,0.5016,2589.6,0.063092,0.131494,0.994098,0.091426
1475328,5763,25.08,0.5016,2589.6,0.348386,0.114634,0.990171,0.395796
1475584,5764,25.08,0.5016,2589.6,-0.007694,0.089104,0.99137,0.046804
1475840,5765,25.08,0.5016,2589.6,-0.89076,0.204215,0.983977,0.88832
1476096,5766,25.08,0.5016,2589.6,1.024236,0.544461,0.991353,1.473354
1476352,5767,25.08,0.5016,2589.6,-1.280941,0.322407,0.996767,1.235792
1476608,5768,25.08,0.5016,2589.6,-0.664034,0.171995,1.00149,0.609426
1476864,5769,25.1,0.502,2585.8,-1.74107,0.234315,0.995846,1.282962
1477120,5770,25.1,0.502,2585.8,-0.082144,0.235344,0.994553,0.161324
1477376,5771,25.1,0.502,2585.8,-0.64004,0.159312,0.998005,0.585593
1477632,5772,25.1,0.502,2585.8,0.016194,0.132822,1.002464,0.079674
1477888,5773,25.1,0.502,2585.8,-1.000882,0.198928,0.998828,0.857082
1478144,5774,25.1,0.502,2585.8,-1.948626,0.375285,0.99963,1.415236
1478400,5775,25.1,0.502,2585.8,1.062256,0.241674,1.001667,0.9457
1478656,5776,25.1,0.502,2585.8,-0.464238,0.160756,1.001197,0.478124
1478912,5777,25.1,0.502,2585.8,0.132956,0.146455,1.003804,0.218604
1479168,5778,25.1,0.502,2585.8,0.332101,0.335437,1.002831,0.573101
1479424,5779,25.12,0.5024,2581.4,0.477875,0.162976,1.004644,0.467205
1479680,5780,25.12,0.5024,2581.4,0.878498,0.152435,0.989389,0.6722
1479936,5781,25.12,0.5024,2581.4,1.352059,0.61177,0.992082,1.682645
1480192,5782,25.12,0.5024,2581.4,-0.812935,0.142729,1.003868,0.643145
1480448,5783,25.12,0.5024,2581.4,1.172101,0.21735,1.000242,0.960839
1480704,5784,25.12,0.5024,2581.4,0.597849,0.502005,0.98955,1.039589
1480960,5785,25.12,0.5024,2581.4,-0.556835,0.246653,0.990564,0.655764
1481216,5786,25.12,0.5024,2581.4,-0.587952,0.175128,0.991766,0.565238
1481472,5787,25.12,0.5024,2581.4,0.760558,0.143887,1.000815,0.646993
1481728,5788,25.12,0.5024,2581.4,0.022093,0.103717,0.995428,0.104433
1481984,5789,25.19,0.5038,2579.5,-0.97905,0.149689,0.992846,0.789471
1482240,5790,25.19,0.5038,2579.5,-0.979662,0.139433,0.997678,0.694643
1482496,5791,25.19,0.5038,2579.5,-0.502528,0.197318,0.999869,0.532242
1482752,5792,25.19,0.5038,2579.5,-0.144559,0.113657,1.006711,0.153084
1483008,5793,25.19,0.5038,2579.5,-3.706501,0.351037,1.009878,1.534812
1483264,5794,25.19,0.5038,2579.5,1.288335,0.293284,1.010905,1.195065
1483520,5795,25.19,0.5038,2579.5,-0.944943,0.152437,0.997859,0.699926
1483776,5796,25.19,0.5038,2579.5,-1.726258,0.210237,0.99535,1.056187
1484032,5797,25.19,0.5038,2579.5,-0.029063,0.052535,0.997937,0.041947
1484288,5798,25.19,0.5038,2579.5,0.058027,0.158689,0.986061,0.093075
1484544,5799,25.19,0.5038,2579.5,-1.357516,0.219512,0.991101,0.978579
1484800,5800,25.06,0.5012,2580.2,-0.037567,0.33031,0.995328,0.096552
1485056,5801,25.06,0.5012,2580.2,1.573198,0.960306,0.995331,2.109314
1485312,5802,25.06,0.5012,2580.2,1.028695,0.481168,0.99155,1.307398
1485568,5803,25.06,0.5012,2580.2,0.195807,0.283266,0.99259,0.271345
1485824,5804,25.06,0.5012,2580.2,-0.612206,0.110229,0.984122,0.464293
1486080,5805,25.06,0.5012,2580.2,-0.830799,0.121577,0.998868,0.550879
1486336,5806,25.06,0.5012,2580.2,-0.600043,0.215822,0.994444,0.594119
1486592,5807,25.06,0.5012,2580.2,0.421096,0.188509,0.992209,0.432368
1486848,5808,25.06,0.5012,2580.2,0.171353,0.120151,0.99006,0.16561
1487104,5809,25.04,0.5008,2579.8,0.030813,0.345538,0.994719,0.123657
1487360,5810,25.04,0.5008,2579.8,2.064366,0.645072,0.99088,1.826201
1487616,5811,25.04,0.5008,2579.8,-1.268425,0.218143,1.000755,0.946205
1487872,5812,25.04,0.5008,2579.8,0.970008,0.402007,0.990087,1.109312
1488128,5813,25.04,0.5008,2579.8,1.018661,0.327165,0.985077,1.118903
1488384,5814,25.04,0.5008,2579.8,-1.153914,0.069697,0.999685,0.544614
1488640,5815,25.04,0.5008,2579.8,0.213383,0.063966,0.995729,0.1426
1488896,5816,25.04,0.5008,2579.8,0.708822,0.214158,0.994253,0.67794
1489152,5817,25.04,0.5008,2579.8,1.278601,0.14962,0.989805,0.756416
1489408,5818,25.04,0.5008,2579.8,0.95837,0.230709,0.979515,0.884544
1489664,5819,25.08,0.5016,2578.0,-1.227898,0.179103,0.98773,0.874767
1489920,5820,25.08,0.5016,2578.0,1.306755,0.464263,0.997736,1.354528
1490176,5821,25.08,0.5016,2578.0,0.417197,0.264714,0.99288,0.517036
1490432,5822,25.08,0.5016,2578.0,0.904584,0.312307,0.986728,1.067934
1490688,5823,25.08,0.5016,2578.0,-1.097596,0.13385,0.973762,0.752763
1490944,5824,25.08,0.5016,2578.0,-0.615073,0.078233,0.992018,0.364677
1491200,5825,25.08,0.5016,2578.0,0.457797,0.133156,0.988941,0.397631
1491456,5826,25.08,0.5016,2578.0,0.870769,0.163959,0.997838,0.677704
1491712,5827,25.08,0.5016,2578.0,0.566218,0.432926,0.98781,0.88239
1491968,5828,25.14,0.5028,2574.5,0.074961,0.407711,0.98789,0.13941
1492224,5829,25.14,0.5028,2574.5,-0.097587,0.230715,0.999388,0.147503
1492480,5830,25.14,0.5028,2574.5,1.323375,0.506221,0.999106,1.451561
1492736,5831,25.14,0.5028,2574.5,1.9503,0.434451,0.986611,1.532253
1492992,5832,25.14,0.5028,2574.5,-0.772656,0.161289,0.98766,0.678635
1493248,5833,25.14,0.5028,2574.5,-0.515974,0.165841,1.001082,0.473073
1493504,5834,25.14,0.5028,2574.5,-0.615542,0.148038,1.001211,0.526145
1493760,5835,25.14,0.5028,2574.5,-0.156383,0.160476,0.980216,0.244295
1494016,5836,25.14,0.5028,2574.5,2.299615,0.888986,0.996693,2.40291
1494272,5837,25.14,0.5028,2574.5,-0.22805,0.247153,0.986101,0.360812
1494528,5838,25.22,0.5044,2576.7,1.18502,0.282803,0.983124,1.074375
1494784,5839,25.22,0.5044,2576.7,0.261594,0.094822,0.989978,0.228458
1495040,5840,25.22,0.5044,2576.7,-1.939569,0.486669,0.978415,1.733822
1495296,5841,25.22,0.5044,2576.7,0.222804,0.224948,0.973886,0.311307
1495552,5842,25.22,0.5044,2576.7,0.099094,0.333854,0.970529,0.156166
1495808,5843,25.22,0.5044,2576.7,0.196682,0.185441,0.992352,0.238441
1496064,5844,25.22,0.5044,2576.7,0.679175,0.381566,0.986181,0.933591
1496320,5845,25.22,0.5044,2576.7,0.550757,0.169699,0.985805,0.58577
1496576,5846,25.22,0.5044,2576.7,-1.159674,0.199144,0.992559,0.878348
1496832,5847,25.22,0.5044,2576.7,-1.295296,0.231534,0.977507,1.061018
1497088,5848,25.22,0.5044,2571.8,-0.196635,0.136859,0.988288,0.235178
1497344,5849,25.22,0.5044,2571.8,-0.139496,0.193633,0.983589,0.184644
1497600,5850,25.22,0.5044,2571.8,0.057689,0.103284,0.986912,0.057769
1497856,5851,25.22,0.5044,2571.8,-0.382075,0.077002,0.98877,0.306262
1498112,5852,25.22,0.5044,2571.8,-0.949947,0.134518,0.985544,0.742754
1498368,5853,25.22,0.5044,2571.8,-0.725541,0.240931,0.998084,0.740344
1498624,5854,25.22,0.5044,2571.8,0.096375,0.086956,0.989319,0.082649
1498880,5855,25.22,0.5044,2571.8,-0.122071,0.130384,0.989487,0.134009
1499136,5856,25.22,0.5044,2571.8,-0.066234,0.252289,0.997792,0.157293
1499392,5857,25.18,0.5036,2565.4,-0.133526,0.074283,0.986063,0.113005
1499648,5858,25.18,0.5036,2565.4,1.369905,0.261717,1.002213,1.12205
1499904,5859,25.18,0.5036,2565.4,0.987761,0.224353,0.993383,0.887402
1500160,5860,25.18,0.5036,2565.4,0.415964,0.111978,1.011395,0.321148
1500416,5861,25.18,0.5036,2565.4,0.686808,0.114526,0.992745,0.515305
1500672,5862,25.18,0.5036,2565.4,0.882221,0.298618,0.989705,1.022317
1500928,5863,25.18,0.5036,2565.4,-0.849458,0.272839,0.988313,0.941511
1501184,5864,25.18,0.5036,2565.4,-1.12275,0.139129,0.993488,0.839559
1501440,5865,25.18,0.5036,2565.4,-0.537459,0.083485,0.990974,0.372004
1501696,5866,25.18,0.5036,2565.4,-1.131492,0.191449,1.000568,0.883501
1501952,5867,25.13,0.5026,2563.2,-0.467702,0.091151,0.991705,0.372982
1502208,5868,25.13,0.5026,2563.2,1.129843,0.287919,0.99147,1.081776
1502464,5869,25.13,0.5026,2563.2,-0.492085,0.182677,1.006213,0.534531
1502720,5870,25.13,0.5026,2563.2,-1.353495,0.266178,0.997745,1.161863
1502976,5871,25.13,0.5026,2563.2,1.667657,0.238238,1.001908,1.155481
1503232,5872,25.13,0.5026,2563.2,-0.518152,0.182592,1.007478,0.512719
1503488,5873,25.13,0.5026,2563.2,-0.440318,0.193482,1.005007,0.457482
1503744,5874,25.13,0.5026,2563.2,1.131032,0.747025,0.9903,1.909355
1504000,5875,25.13,0.5026,2563.2,-1.217646,0.103097,1.013161,0.625848
1504256,5876,25.13,0.5026,2563.2,0.462818,0.09328,1.00497,0.340403
1504512,5877,25.12,0.5024,2560.9,0.360458,0.186546,0.994511,0.410893
1504768,5878,25.12,0.5024,2560.9,2.554191,0.685027,1.001304,1.993337
1505024,5879,25.12,0.5024,2560.9,1.180204,0.321176,0.996259,1.145928
1505280,5880,25.12,0.5024,2560.9,0.912389,0.264546,1.004808,0.97148
1505536,5881,25.12,0.5024,2560.9,-0.611913,0.104866,0.998876,0.470872
1505792,5882,25.12,0.5024,2560.9,0.187476,0.317521,0.995779,0.320155
1506048,5883,25.12,0.5024,2560.9,1.498799,0.451721,1.009404,1.545084
1506304,5884,25.12,0.5024,2560.9,-1.712406,0.215364,1.004884,1.117018
1506560,5885,25.16,0.5032,2555.8,0.715651,0.152907,0.993169,0.602454
1506816,5886,25.16,0.5032,2555.8,0.162505,0.162976,0.995898,0.179802
1507072,5887,25.16,0.5032,2555.8,1.394482,0.744125,0.998165,1.902099
1507328,5888,25.16,0.5032,2555.8,-2.236895,0.384441,0.990985,1.589926
1507584,5889,25.16,0.5032,2555.8,1.828463,0.240936,0.985644,1.161778
1507840,5890,25.16,0.5032,2555.8,0.054401,0.190127,0.99131,0.096435
1508096,5891,25.16,0.5032,2555.8,0.053212,0.123751,0.995348,0.131232
1508352,5892,25.16,0.5032,2555.8,1.025296,0.403861,0.989806,1.373668
1508608,5893,25.16,0.5032,2555.8,0.242186,0.294513,0.985655,0.356818
1508864,5894,25.13,0.5026,2552.1,-0.467543,0.126852,0.982903,0.439952
1509120,5895,25.13,0.5026,2552.1,0.479597,0.299044,0.984018,0.753397
1509376,5896,25.13,0.5026,2552.1,0.175473,0.28339,0.992259,0.276712
1509632,5897,25.13,0.5026,2552.1,0.628197,0.300413,0.98206,0.910805
1509888,5898,25.13,0.5026,2552.1,0.535294,0.234613,0.976898,0.624972
1510144,5899,25.13,0.5026,2552.1,-0.385838,0.180549,0.963977,0.512525
1510400,5900,25.13,0.5026,2552.1,1.41389,0.529377,0.966864,1.769056
1510656,5901,25.13,0.5026,2552.1,-2.142924,0.426001,0.975176,1.636382
1510912,5902,25.13,0.5026,2552.1,-2.33387,0.432107,0.987199,1.661641
1511168,5903,25.13,0.5026,2552.1,-2.688616,0.561771,0.963399,2.067023
1511424,5904,25.17,0.5034,2551.0,1.073637,0.246746,0.954625,1.073125
1511680,5905,25.17,0.5034,2551.0,1.31451,0.44553,0.964505,1.617418
1511936,5906,25.17,0.5034,2551.0,-0.626722,0.142712,0.969841,0.628589
1512192,5907,25.17,0.5034,2551.0,1.24867,0.351023,0.957389,1.416611
1512448,5908,25.17,0.5034,2551.0,0.748815,0.344159,0.968358,1.049143
1512704,5909,25.17,0.5034,2551.0,-1.019263,0.260981,0.963064,1.118685
1512960,5910,25.17,0.5034,2551.0,0.869675,0.414431,0.948073,1.419378
1513216,5911,25.17,0.5034,2551.0,1.1595,0.458129,0.945093,1.598628
1513472,5912,25.22,0.5044,2546.1,-0.307517,0.527459,0.960703,0.657496
1513728,5913,25.22,0.5044,2546.1,0.284225,0.180647,0.952242,0.363618
1513984,5914,25.22,0.5044,2546.1,1.077921,0.300738,0.930662,1.351902
1514240,5915,25.22,0.5044,2546.1,0.920667,0.354842,0.944,1.208661
1514496,5916,25.22,0.5044,2546.1,-1.506197,0.324109,0.932099,1.506245
1514752,5917,25.22,0.5044,2546.1,-1.978073,0.239356,0.942242,1.32239
1515008,5918,25.22,0.5044,2546.1,0.377409,0.26089,0.9444,0.548377
1515264,5919,25.22,0.5044,2546.1,0.543815,0.125557,0.919544,0.53999
1515520,5920,25.26,0.5052,2540.1,-1.360344,0.164877,0.946111,1.030419
1515776,5921,25.26,0.5052,2540.1,-2.072748,0.363158,0.944299,1.646004
1516032,5922,25.26,0.5052,2540.1,-0.174496,0.454964,0.925196,0.493672
1516288,5923,25.26,0.5052,2540.1,-0.75428,0.308447,0.925265,1.098657
1516544,5924,25.26,0.5052,2540.1,0.284237,0.18046,0.92779,0.397279
1516800,5925,25.26,0.5052,2540.1,0.41397,0.102096,0.940708,0.375887
1517056,5926,25.26,0.5052,2540.1,0.362388,0.141627,0.934031,0.441204
1517312,5927,25.26,0.5052,2540.1,1.86375,0.342457,0.954085,1.616567
1517568,5928,25.3,0.506,2535.8,0.093684,0.597815,0.952502,0.259893
1517824,5929,25.3,0.506,2535.8,1.680775,0.35987,0.930261,1.763051
1518080,5930,25.3,0.506,2535.8,-0.880994,0.324432,0.942818,1.169483
1518336,5931,25.3,0.506,2535.8,-0.217428,0.16549,0.961276,0.273718
1518592,5932,25.3,0.506,2535.8,0.142417,0.069572,0.923512,0.133773
1518848,5933,25.3,0.506,2535.8,-1.791258,0.442938,0.940133,1.747975
1519104,5934,25.3,0.506,2535.8,-1.373126,0.370822,0.924269,1.657589
1519360,5935,25.3,0.506,2535.8,-0.409027,0.163691,0.929554,0.552465
1519616,5936,25.3,0.506,2535.8,-0.23422,0.160739,0.936893,0.362616
1519872,5937,25.37,0.5074,2532.2,-0.639969,0.750361,0.949422,1.493814
1520128,5938,25.37,0.5074,2532.2,-0.282222,0.147519,0.92214,0.385578
1520384,5939,25.37,0.5074,2532.2,0.565043,0.595521,0.928805,1.347896
1520640,5940,25.37,0.5074,2532.2,-0.650756,0.18394,0.918603,0.832015
1520896,5941,25.37,0.5074,2532.2,2.023775,0.509232,0.951363,1.923712
1521152,5942,25.37,0.5074,2532.2,-1.342627,0.218392,0.941335,1.161041
1521408,5943,25.37,0.5074,2532.2,-0.055374,0.361507,0.951535,0.135618
1521664,5944,25.37,0.5074,2532.2,-0.011907,0.287303,0.929316,0.123389
1521920,5945,25.36,0.5072,2528.6,-0.810331,0.429875,0.940546,1.374351
1522176,5946,25.36,0.5072,2528.6,-0.150528,0.144041,0.972131,0.183223
1522432,5947,25.36,0.5072,2528.6,1.007494,0.445789,0.944189,1.542157
1522688,5948,25.36,0.5072,2528.6,0.241204,0.081773,0.941529,0.21654
1522944,5949,25.36,0.5072,2528.6,0.581237,0.681635,0.937458,1.221769
1523200,5950,25.36,0.5072,2528.6,1.026076,0.394609,0.938641,1.430214
1523456,5951,25.36,0.5072,2528.6,-0.58718,0.202406,0.941685,0.70609
1523712,5952,25.36,0.5072,2528.6,-0.511441,0.102725,0.94287,0.524882
1523968,5953,25.39,0.5078,2522.6,0.132514,0.352473,0.95402,0.240545
1524224,5954,25.39,0.5078,2522.6,-1.406864,0.21368,0.954271,1.206556
1524480,5955,25.39,0.5078,2522.6,-0.454997,0.082024,0.958618,0.331823
1524736,5956,25.39,0.5078,2522.6,-0.880477,0.125139,0.957424,0.750597
1524992,5957,25.39,0.5078,2522.6,-1.887804,0.471825,0.957016,1.81184
1525248,5958,25.39,0.5078,2522.6,0.294943,0.212909,0.94554,0.452339
1525504,5959,25.39,0.5078,2522.6,0.684487,0.225953,0.964355,0.814168
1525760,5960,25.39,0.5078,2522.6,-0.272938,0.155676,0.953808,0.337702
1526016,5961,25.39,0.5078,2522.6,-0.418538,0.148711,0.96423,0.509114
1526272,5962,25.34,0.5068,2522.8,-0.938839,0.666082,0.966972,1.554171
1526528,5963,25.34,0.5068,2522.8,-0.150083,0.310715,0.951709,0.228577
1526784,5964,25.34,0.5068,2522.8,0.121196,0.227036,0.95979,0.202874
1527040,5965,25.34,0.5068,2522.8,0.058227,0.07787,0.971311,0.106293
1527296,5966,25.34,0.5068,2522.8,-1.174375,0.243831,0.989707,0.998367
1527552,5967,25.34,0.5068,2522.8,1.548835,0.350378,0.958981,1.439948
1527808,5968,25.34,0.5068,2522.8,0.024471,0.131417,0.968615,0.064667
1528064,5969,25.34,0.5068,2522.8,-1.197419,0.185271,0.963378,0.914695
1528320,5970,25.34,0.5068,2522.8,-2.429647,0.531538,0.965509,2.074495
1528576,5971,25.3,0.506,2519.3,-0.192442,0.591879,0.960041,0.444808
1528832,5972,25.3,0.506,2519.3,1.309642,0.384498,0.96893,1.44088
1529088,5973,25.3,0.506,2519.3,0.258333,0.124004,0.976789,0.283408
1529344,5974,25.3,0.506,2519.3,1.166741,0.347849,0.973323,1.178394
1529600,5975,25.3,0.506,2519.3,-0.777532,0.169725,0.964941,0.720769
1529856,5976,25.3,0.506,2519.3,1.237724,0.552398,0.990578,1.622177
1530112,5977,25.3,0.506,2519.3,1.102555,0.437631,0.989758,1.315265
1530368,5978,25.3,0.506,2519.3,-0.594426,0.153815,0.970366,0.62433
1530624,5979,25.3,0.506,2519.3,-0.217514,0.069625,0.986056,0.142847
1530880,5980,25.38,0.5076,2514.6,0.823452,0.523309,0.978947,1.30355
1531136,5981,25.38,0.5076,2514.6,-0.197716,0.097183,0.983138,0.157721
1531392,5982,25.38,0.5076,2514.6,0.769737,0.118322,0.99453,0.556112
1531648,5983,25.38,0.5076,2514.6,0.805491,0.095841,0.984337,0.535073
1531904,5984,25.38,0.5076,2514.6,0.374584,0.50019,0.976053,0.739576
1532160,5985,25.38,0.5076,2514.6,-0.982128,0.180059,0.986335,0.847293
1532416,5986,25.38,0.5076,2514.6,-0.057541,0.136681,0.989121,0.083424
1532672,5987,25.38,0.5076,2514.6,0.519987,0.136699,0.994206,0.455823
1532928,5988,25.38,0.5076,2514.6,-1.574351,0.294825,0.983846,1.211302
1533184,5989,25.38,0.5076,2514.6,-1.717975,0.239869,0.982427,1.16713
1533440,5990,25.41,0.5082,2511.0,0.422747,0.118466,0.984768,0.371449
1533696,5991,25.41,0.5082,2511.0,-0.120405,0.108495,0.989242,0.109757
1533952,5992,25.41,0.5082,2511.0,-0.027376,0.142357,0.98802,0.067822
1534208,5993,25.41,0.5082,2511.0,-0.26645,0.071433,0.995077,0.176395
1534464,5994,25.41,0.5082,2511.0,-0.049838,0.179573,1.002175,0.121025
1534720,5995,25.41,0.5082,2511.0,0.37282,0.073516,0.997697,0.258169
1534976,5996,25.41,0.5082,2511.0,0.153453,0.144348,0.986554,0.159676
1535232,5997,25.41,0.5082,2511.0,1.721097,0.635088,0.994332,1.796158
1535488,5998,25.41,0.5082,2511.0,0.947497,0.317666,0.984103,1.074368
1535744,5999,25.41,0.5082,2511.0,0.79274,0.206372,0.986508,0.790591
1536000,6000,25.41,0.5082,2511.0,0.511682,0.161545,0.995591,0.514286
1536256,6001,25.47,0.5094,2511.8,0.859163,0.958256,0.990379,1.885821
1536512,6002,25.47,0.5094,2511.8,0.1075,0.135866,1.000739,0.126848
1536768,6003,25.47,0.5094,2511.8,-0.016225,0.151278,0.982832,0.086562
1537024,6004,25.47,0.5094,2511.8,1.061822,0.134607,0.982796,0.796486
1537280,6005,25.47,0.5094,2511.8,0.312237,0.101151,0.977866,0.269952
1537536,6006,25.47,0.5094,2511.8,0.093108,0.097281,0.975613,0.085996
1537792,6007,25.47,0.5094,2511.8,1.666457,0.713093,0.986042,2.208002
1538048,6008,25.47,0.5094,2511.8,-1.104945,0.090053,0.981342,0.621158
1538304,6009,25.47,0.5094,2511.8,0.027111,0.291396,0.988786,0.121032
1538560,6010,25.47,0.5094,2511.8,-0.063756,0.163292,0.985186,0.134014
1538816,6011,25.56,0.5112,2511.0,-1.686136,0.249931,0.982919,1.347023
1539072,6012,25.56,0.5112,2511.0,-0.308458,0.191496,0.974762,0.391368
1539328,6013,25.56,0.5112,2511.0,-0.258492,0.188267,0.961679,0.402718
1539584,6014,25.56,0.5112,2511.0,-1.376598,0.355757,0.976493,1.492814
1539840,6015,25.56,0.5112,2511.0,-0.622417,0.269064,0.981831,0.781908
1540096,6016,25.56,0.5112,2511.0,-0.846201,0.132702,0.981441,0.703264
1540352,6017,25.56,0.5112,2511.0,-1.332441,0.185171,0.977871,1.055663
1540608,6018,25.56,0.5112,2511.0,-1.984192,0.357878,0.996724,1.534397
1540864,6019,25.56,0.5112,2511.0,-1.73334,0.384821,0.983153,1.586588
1541120,6020,25.46,0.5092,2507.6,0.698528,0.315995,0.984605,1.017373
1541376,6021,25.46,0.5092,2507.6,0.334606,0.109343,0.988764,0.325061
1541632,6022,25.46,0.5092,2507.6,1.191966,0.394249,0.982659,1.403985
1541888,6023,25.46,0.5092,2507.6,0.911354,0.335273,0.985502,1.215172
1542144,6024,25.46,0.5092,2507.6,1.15523,0.635012,0.986701,1.663203
1542400,6025,25.46,0.5092,2507.6,-0.20307,0.376738,0.98885,0.353214
1542656,6026,25.46,0.5092,2507.6,-0.830391,0.311179,0.993923,0.978753
1542912,6027,25.46,0.5092,2507.6,-0.728582,0.151385,0.983473,0.68968
1543168,6028,25.46,0.5092,2507.6,-0.602731,0.114233,0.989443,0.564863
1543424,6029,25.46,0.5092,2507.6,-0.524333,0.26662,1.004349,0.64597
1543680,6030,25.5,0.51,2505.3,-0.030811,0.295149,0.994574,0.081061
1543936,6031,25.5,0.51,2505.3,-0.147724,0.148032,0.990776,0.213341
1544192,6032,25.5,0.51,2505.3,-0.234982,0.12553,0.986913,0.257018
1544448,6033,25.5,0.51,2505.3,-0.663869,0.146964,0.994851,0.607604
1544704,6034,25.5,0.51,2505.3,1.137589,0.239689,0.995732,1.028927
1544960,6035,25.5,0.51,2505.3,0.220254,0.091253,0.98894,0.191513
1545216,6036,25.5,0.51,2505.3,-1.570575,0.335184,0.993243,1.312111
1545472,6037,25.5,0.51,2505.3,0.43471,0.130989,0.994251,0.384844
1545728,6038,25.5,0.51,2505.3,-0.838096,0.127712,1.005407,0.596361
1545984,6039,25.5,0.51,2505.3,-0.587756,0.150751,0.996036,0.580422
1546240,6040,25.51,0.5102,2504.7,0.273555,0.283126,1.00806,0.387941
1546496,6041,25.51,0.5102,2504.7,0.021507,0.128721,1.000632,0.044419
1546752,6042,25.51,0.5102,2504.7,1.34715,0.158121,1.009357,0.811004
1547008,6043,25.51,0.5102,2504.7,1.030962,0.380326,1.010631,1.155983
1547264,6044,25.51,0.5102,2504.7,-1.309362,0.178479,1.002993,0.851548
1547520,6045,25.51,0.5102,2504.7,-0.435119,0.147067,1.007338,0.413303
1547776,6046,25.51,0.5102,2504.7,-0.174448,0.159789,0.997608,0.228068
1548032,6047,25.51,0.5102,2504.7,-0.957166,0.133049,1.005832,0.673942
1548288,6048,25.51,0.5102,2504.7,0.232956,0.234804,0.996314,0.336637
1548544,6049,25.51,0.5102,2504.7,-0.106848,0.14593,1.007819,0.134824
1548800,6050,25.51,0.5102,2504.7,-0.378337,0.090246,1.010489,0.28745
1549056,6051,25.52,0.5104,2508.7,-0.430274,0.529483,1.004034,0.720422
1549312,6052,25.52,0.5104,2508.7,-0.397052,0.2017,0.994733,0.492485
1549568,6053,25.52,0.5104,2508.7,-1.561556,0.25591,1.007067,1.137551
1549824,6054,25.52,0.5104,2508.7,1.24031,0.333059,1.006428,1.114537
1550080,6055,25.52,0.5104,2508.7,-0.444883,0.12173,0.998582,0.388847
1550336,6056,25.52,0.5104,2508.7,-0.125052,0.160888,1.004963,0.138463
1550592,6057,25.52,0.5104,2508.7,0.494303,0.168277,1.000319,0.487917
1550848,6058,25.52,0.5104,2508.7,-2.45653,0.299025,1.016097,1.334158
1551104,6059,25.52,0.5104,2508.7,-0.098214,0.098823,1.013151,0.089188
1551360,6060,25.52,0.5104,2508.7,1.356431,0.456804,1.005477,1.497021
1551616,6061,25.55,0.511,2508.0,-1.959566,0.580604,1.008196,1.776447
1551872,6062,25.55,0.511,2508.0,2.205976,0.454183,1.00931,1.572921
1552128,6063,25.55,0.511,2508.0,0.77835,0.391312,1.014355,0.998765
1552384,6064,25.55,0.511,2508.0,1.90436,0.37128,1.005294,1.449612
1552640,6065,25.55,0.511,2508.0,-1.285047,0.171865,1.011114,0.806029
1552896,6066,25.55,0.511,2508.0,0.469456,0.133854,1.008962,0.406289
1553152,6067,25.55,0.511,2508.0,0.413638,0.107056,1.013579,0.328648
1553408,6068,25.55,0.511,2508.0,0.421947,0.186358,1.010047,0.429987
1553664,6069,25.55,0.511,2508.0,-0.296504,0.250048,1.008597,0.37416
1553920,6070,25.55,0.511,2508.0,-0.584097,0.118694,1.004107,0.447733
1554176,6071,25.55,0.511,2508.0,-0.489242,0.123451,1.006125,0.380443
1554432,6072,25.59,0.5118,2510.6,0.861251,0.376354,1.004841,1.038923
1554688,6073,25.59,0.5118,2510.6,-0.63458,0.088834,1.007235,0.423205
1554944,6074,25.59,0.5118,2510.6,-0.768331,0.116676,1.007079,0.541699
1555200,6075,25.59,0.5118,2510.6,0.331812,0.202713,1.008531,0.356533
1555456,6076,25.59,0.5118,2510.6,-0.194083,0.091204,1.004097,0.189145
1555712,6077,25.59,0.5118,2510.6,-0.069162,0.130828,1.008187,0.154501
1555968,6078,25.59,0.5118,2510.6,0.477622,0.162481,1.001662,0.459378
1556224,6079,25.59,0.5118,2510.6,-1.945851,0.239387,1.010653,1.093124
1556480,6080,25.59,0.5118,2510.6,0.241748,0.083401,1.00907,0.16672
1556736,6081,25.59,0.5118,2510.6,-0.278263,0.092633,1.00877,0.258424
1556992,6082,25.59,0.5118,2510.6,0.23132,0.188467,1.012048,0.252725
1557248,6083,25.55,0.511,2512.7,-0.507141,0.270864,0.999546,0.647353
1557504,6084,25.55,0.511,2512.7,-1.48629,0.213937,1.00529,0.933525
1557760,6085,25.55,0.511,2512.7,-1.148145,0.210928,1.009591,0.91775
1558016,6086,25.55,0.511,2512.7,-2.065133,0.302645,1.01619,1.189944
1558272,6087,25.55,0.511,2512.7,0.62384,0.217046,1.010851,0.640482
1558528,6088,25.55,0.511,2512.7,0.258087,0.08145,1.010535,0.173761
1558784,6089,25.55,0.511,2512.7,-1.147375,0.128133,1.009942,0.639979
1559040,6090,25.55,0.511,2512.7,1.442839,0.766374,1.00776,1.833288
1559296,6091,25.55,0.511,2512.7,0.660335,0.139305,1.00969,0.499395
1559552,6092,25.55,0.511,2512.7,0.378375,0.327389,1.010513,0.516131
1559808,6093,25.52,0.5104,2513.5,-1.942687,0.405297,1.015148,1.324389
1560064,6094,25.52,0.5104,2513.5,-0.350922,0.230496,1.006745,0.408354
1560320,6095,25.52,0.5104,2513.5,0.4886,0.107724,1.005194,0.347302
1560576,6096,25.52,0.5104,2513.5,0.320596,0.068087,0.996621,0.196496
1560832,6097,25.52,0.5104,2513.5,2.527954,0.853631,1.005892,2.219213
1561088,6098,25.52,0.5104,2513.5,-0.938778,0.134175,0.993767,0.713762
1561344,6099,25.52,0.5104,2513.5,-1.173206,0.23324,1.004701,0.909545
1561600,6100,25.52,0.5104,2513.5,0.014891,0.104872,1.008301,0.04554
1561856,6101,25.52,0.5104,2513.5,-0.175467,0.136592,1.008667,0.167894
1562112,6102,25.52,0.5104,2513.5,-0.755322,0.086018,1.006927,0.430792
1562368,6103,25.46,0.5092,2510.0,0.030539,0.069526,1.009011,0.075805
1562624,6104,25.46,0.5092,2510.0,1.628263,0.490454,1.008317,1.396295
1562880,6105,25.46,0.5092,2510.0,0.69671,0.158125,1.005468,0.564071
1563136,6106,25.46,0.5092,2510.0,0.894843,0.398307,0.996955,1.074384
1563392,6107,25.46,0.5092,2510.0,0.745278,0.364264,1.001197,0.950441
1563648,6108,25.46,0.5092,2510.0,0.914972,0.757096,0.995835,1.597831
1563904,6109,25.46,0.5092,2510.0,1.488062,0.252597,1.016303,1.10506
1564160,6110,25.46,0.5092,2510.0,0.241521,0.141427,1.00396,0.259405
1564416,6111,25.46,0.5092,2510.0,0.113488,0.053567,1.010528,0.072088
1564672,6112,25.46,0.5092,2510.0,-0.63125,0.14774,1.008391,0.508206
1564928,6113,25.46,0.5092,2510.0,0.611448,0.295199,1.001932,0.749774
1565184,6114,25.51,0.5102,2511.6,0.380624,0.071007,1.015386,0.246931
1565440,6115,25.51,0.5102,2511.6,1.112642,0.170085,1.00364,0.757885
1565696,6116,25.51,0.5102,2511.6,0.716943,0.321929,1.009417,0.867115
1565952,6117,25.51,0.5102,2511.6,-2.788404,0.317085,1.009948,1.516447
1566208,6118,25.51,0.5102,2511.6,-0.690818,0.138827,1.000907,0.541278
1566464,6119,25.51,0.5102,2511.6,0.147054,0.059524,0.995839,0.108693
1566720,6120,25.51,0.5102,2511.6,0.431353,0.074452,1.013398,0.283611
1566976,6121,25.51,0.5102,2511.6,-0.068724,0.094782,0.997892,0.073349
1567232,6122,25.51,0.5102,2511.6,0.163355,0.088622,0.988148,0.147258
1567488,6123,25.51,0.5102,2511.6,-0.415217,0.29899,1.004396,0.566994
1567744,6124,25.51,0.5102,2511.6,0.169929,0.17647,0.996845,0.206487
1568000,6125,25.47,0.5094,2514.8,-1.332138,0.101112,1.006175,0.660953
1568256,6126,25.47,0.5094,2514.8,0.676212,0.268066,1.000076,0.757518
1568512,6127,25.47,0.5094,2514.8,1.870172,0.565438,0.997978,1.724201
1568768,6128,25.47,0.5094,2514.8,-1.504,0.268732,0.991088,1.262683
1569024,6129,25.47,0.5094,2514.8,0.819953,0.579962,0.993,1.259719
1569280,6130,25.47,0.5094,2514.8,0.493101,0.238023,0.99206,0.600143
1569536,6131,25.47,0.5094,2514.8,1.46436,0.45228,0.992322,1.491018
1569792,6132,25.47,0.5094,2514.8,-2.359284,0.360463,0.996713,1.449375
1570048,6133,25.47,0.5094,2514.8,0.163703,0.156189,0.992844,0.159838
1570304,6134,25.49,0.5098,2515.3,-0.445679,0.192361,0.996218,0.57873
1570560,6135,25.49,0.5098,2515.3,-0.311769,0.251467,0.994445,0.502112
1570816,6136,25.49,0.5098,2515.3,-3.143636,0.439308,0.998395,1.682633
1571072,6137,25.49,0.5098,2515.3,-0.715084,0.080398,0.999657,0.473377
1571328,6138,25.49,0.5098,2515.3,-0.804697,0.255827,0.996325,0.841053
1571584,6139,25.49,0.5098,2515.3,-0.498312,0.120383,1.000534,0.407533
1571840,6140,25.49,0.5098,2515.3,0.210757,0.084479,1.000251,0.17005
1572096,6141,25.49,0.5098,2515.3,-0.099407,0.154956,1.00529,0.142432
1572352,6142,25.49,0.5098,2515.3,0.08846,0.129912,1.008919,0.108022
1572608,6143,25.49,0.5098,2515.3,1.291063,0.337376,1.010179,1.299894
1572864,6144,25.49,0.5098,2515.3,0.441926,0.222442,1.010196,0.47833
1573120,6145,25.49,0.5098,2515.3,-0.309674,0.10851,1.003417,0.256847
1573376,6146,25.52,0.5104,2516.5,1.353303,0.592507,1.000082,1.654611
1573632,6147,25.52,0.5104,2516.5,1.035004,0.258022,1.002295,0.970312
1573888,6148,25.52,0.5104,2516.5,-1.02479,0.176734,0.991008,0.801003
1574144,6149,25.52,0.5104,2516.5,-0.898691,0.128399,0.999207,0.609733
1574400,6150,25.52,0.5104,2516.5,-1.087422,0.134605,1.001843,0.677425
1574656,6151,25.52,0.5104,2516.5,-2.25586,0.352337,1.009472,1.553108
1574912,6152,25.52,0.5104,2516.5,0.959129,0.201623,0.998827,0.807626
1575168,6153,25.52,0.5104,2516.5,1.221055,0.447948,1.003588,1.335159
1575424,6154,25.52,0.5104,2516.5,-1.572947,0.309977,0.997087,1.252784
1575680,6155,25.48,0.5096,2514.8,0.072057,0.366527,1.00203,0.132388
1575936,6156,25.48,0.5096,2514.8,0.432708,0.121003,1.001064,0.406079
1576192,6157,25.48,0.5096,2514.8,-0.183526,0.201848,1.003607,0.25805
1576448,6158,25.48,0.5096,2514.8,0.653361,0.159,0.996436,0.539108
1576704,6159,25.48,0.5096,2514.8,1.0545,0.151297,0.997343,0.736444
1576960,6160,25.48,0.5096,2514.8,0.114586,0.082819,0.997282,0.101345
1577216,6161,25.48,0.5096,2514.8,-1.443683,0.154213,1.004494,0.798237
1577472,6162,25.48,0.5096,2514.8,0.365899,0.248971,1.009032,0.438422
1577728,6163,25.48,0.5096,2514.8,0.88161,0.418737,1.008016,1.074719
1577984,6164,25.48,0.5096,2514.8,0.570633,0.0776,1.005347,0.358264
1578240,6165,25.52,0.5104,2514.8,0.68929,0.259521,0.993467,0.825814
1578496,6166,25.52,0.5104,2514.8,0.253573,0.144873,1.002795,0.237298
1578752,6167,25.52,0.5104,2514.8,-0.259601,0.186128,1.001547,0.314256
1579008,6168,25.52,0.5104,2514.8,0.856317,0.466608,0.99577,1.251542
1579264,6169,25.52,0.5104,2514.8,-2.280008,0.353027,1.004357,1.475505
1579520,6170,25.52,0.5104,2514.8,0.481609,0.165715,0.99115,0.469815
1579776,6171,25.52,0.5104,2514.8,-2.21943,0.409474,0.991937,1.599115
1580032,6172,25.52,0.5104,2514.8,0.010438,0.11036,0.995878,0.084337
1580288,6173,25.52,0.5104,2514.8,-0.971197,0.210722,0.999506,0.884515
1580544,6174,25.52,0.5104,2514.8,-1.940259,0.275013,1.010851,1.216634
1580800,6175,25.52,0.5104,2514.8,0.863364,0.167452,0.994064,0.729425
1581056,6176,25.53,0.5106,2515.5,-0.150307,0.079427,0.999052,0.113312
1581312,6177,25.53,0.5106,2515.5,-2.728315,0.366053,1.005975,1.562166
1581568,6178,25.53,0.5106,2515.5,0.633516,0.119311,1.005909,0.468237
1581824,6179,25.53,0.5106,2515.5,-1.224233,0.145183,1.000751,0.779808
1582080,6180,25.53,0.5106,2515.5,0.389734,0.250808,0.994219,0.484679
1582336,6181,25.53,0.5106,2515.5,-0.243126,0.056256,1.000207,0.159431
1582592,6182,25.53,0.5106,2515.5,1.301559,0.337446,1.001279,1.184615
1582848,6183,25.53,0.5106,2515.5,1.054702,0.20921,1.000361,0.844459
1583104,6184,25.53,0.5106,2515.5,1.40558,0.496813,0.997686,1.587835
1583360,6185,25.53,0.5106,2515.5,0.166611,0.14422,0.998405,0.174583
1583616,6186,25.53,0.5106,2515.5,-0.104199,0.145641,0.992064,0.129135
1583872,6187,25.55,0.511,2517.6,0.730122,0.432544,0.994255,1.056056
1584128,6188,25.55,0.511,2517.6,0.082264,0.065352,1.004871,0.067393
1584384,6189,25.55,0.511,2517.6,0.243757,0.242991,1.000042,0.320894
1584640,6190,25.55,0.511,2517.6,0.45774,0.09794,0.989504,0.344601
1584896,6191,25.55,0.511,2517.6,1.265895,0.328479,0.990343,1.261594
1585152,6192,25.55,0.511,2517.6,-0.946277,0.234092,0.995761,0.972973
1585408,6193,25.55,0.511,2517.6,-0.919137,0.210609,0.991335,0.872217
1585664,6194,25.55,0.511,2517.6,-0.202962,0.086315,0.99765,0.174378
1585920,6195,25.55,0.511,2517.6,1.88717,1.021347,0.996918,2.408725
1586176,6196,25.55,0.511,2517.6,-0.774945,0.199172,1.012992,0.729006
1586432,6197,25.56,0.5112,2516.6,-0.359806,0.304176,0.999274,0.551745
1586688,6198,25.56,0.5112,2516.6,-0.222869,0.060055,0.997434,0.153227
1586944,6199,25.56,0.5112,2516.6,-0.862872,0.158412,1.009655,0.736849
1587200,6200,25.56,0.5112,2516.6,0.500422,0.088685,0.98941,0.415788
1587456,6201,25.56,0.5112,2516.6,-0.927406,0.1453,0.996463,0.700212
1587712,6202,25.56,0.5112,2516.6,-0.946591,0.150843,1.007649,0.748526
1587968,6203,25.56,0.5112,2516.6,-1.046853,0.145929,1.000642,0.755406
1588224,6204,25.56,0.5112,2516.6,0.180278,0.180464,1.003427,0.224999
1588480,6205,25.56,0.5112,2516.6,0.793684,0.115854,1.002324,0.561964
1588736,6206,25.56,0.5112,2516.6,-2.577477,0.490299,1.003756,1.808265
1588992,6207,25.56,0.5112,2516.6,-1.684667,0.174161,1.009311,1.127425
1589248,6208,25.53,0.5106,2522.2,-0.978174,0.311776,1.001544,1.079493
1589504,6209,25.53,0.5106,2522.2,0.736769,0.234127,1.004565,0.780031
1589760,6210,25.53,0.5106,2522.2,-1.569809,0.185306,1.01534,0.962386
1590016,6211,25.53,0.5106,2522.2,0.546783,0.224176,1.008835,0.573778
1590272,6212,25.53,0.5106,2522.2,-0.809029,0.243917,1.012138,0.879259
1590528,6213,25.53,0.5106,2522.2,-1.538515,0.239761,1.007155,1.110274
1590784,6214,25.53,0.5106,2522.2,1.514355,0.694893,1.016216,1.910679
1591040,6215,25.53,0.5106,2522.2,1.125534,0.906302,1.01118,1.89294
1591296,6216,25.53,0.5106,2522.2,2.13595,0.75194,1.008807,2.094791
1591552,6217,25.53,0.5106,2522.2,0.39889,0.099975,1.019944,0.305612
1591808,6218,25.53,0.5106,2522.2,2.551471,0.78235,1.014567,2.136114
1592064,6219,25.61,0.5122,2521.9,-1.207434,0.294181,1.01195,1.166033
1592320,6220,25.61,0.5122,2521.9,-0.5451,0.066955,1.021163,0.327065
1592576,6221,25.61,0.5122,2521.9,-0.433388,0.243629,1.012837,0.52691
1592832,6222,25.61,0.5122,2521.9,-1.759624,0.347592,1.023639,1.418487
1593088,6223,25.61,0.5122,2521.9,-2.059601,0.440524,1.022676,1.557044
1593344,6224,25.61,0.5122,2521.9,-0.287218,0.171767,1.017909,0.303917
1593600,6225,25.61,0.5122,2521.9,-1.713755,0.153586,1.015996,0.907842
1593856,6226,25.61,0.5122,2521.9,0.533832,0.253351,1.016759,0.653385
1594112,6227,25.61,0.5122,2521.9,0.215619,0.082591,1.025383,0.155076
1594368,6228,25.61,0.5122,2521.9,-1.58298,0.340544,1.018489,1.260441
1594624,6229,25.61,0.5122,2521.9,1.095262,0.290437,1.019126,1.045164
1594880,6230,25.61,0.5122,2521.9,-0.580439,0.173832,1.018428,0.576029
1595136,6231,25.51,0.5102,2531.2,-0.280159,0.533437,1.012939,0.483325
1595392,6232,25.51,0.5102,2531.2,-0.07875,0.104038,1.012488,0.075677
1595648,6233,25.51,0.5102,2531.2,0.358316,0.273618,1.021384,0.451047
1595904,6234,25.51,0.5102,2531.2,1.291597,0.24058,1.017248,1.044669
1596160,6235,25.51,0.5102,2531.2,-0.525989,0.293498,1.01644,0.666158
1596416,6236,25.51,0.5102,2531.2,1.406576,0.228886,1.012864,0.975398
1596672,6237,25.51,0.5102,2531.2,2.133233,0.889756,1.025768,2.151386
1596928,6238,25.51,0.5102,2531.2,-0.658643,0.109769,1.023349,0.466057
1597184,6239,25.51,0.5102,2531.2,1.863534,0.347673,1.018601,1.280244
1597440,6240,25.51,0.5102,2531.2,0.825625,0.256041,1.019053,0.847397
1597696,6241,25.51,0.5102,2531.2,-0.379573,0.191178,1.019536,0.447035
1597952,6242,25.53,0.5106,2537.3,0.045238,0.291171,1.020547,0.136705
1598208,6243,25.53,0.5106,2537.3,-0.258712,0.138414,1.019466,0.241964
1598464,6244,25.53,0.5106,2537.3,-0.280869,0.110663,1.022308,0.232259
1598720,6245,25.53,0.5106,2537.3,1.067908,0.278544,1.016883,1.042944
1598976,6246,25.53,0.5106,2537.3,0.826076,0.150193,1.018457,0.605291
1599232,6247,25.53,0.5106,2537.3,0.259578,0.085783,1.017974,0.193511
1599488,6248,25.53,0.5106,2537.3,0.871734,0.163394,1.020973,0.733069
1599744,6249,25.53,0.5106,2537.3,0.447916,0.164613,1.019133,0.40441
1600000,6250,25.53,0.5106,2537.3,1.535546,0.532066,1.020234,1.560066
1600256,6251,25.53,0.5106,2537.3,0.156343,0.212046,1.018455,0.212566
1600512,6252,25.49,0.5098,2535.4,-0.096446,0.414522,1.019506,0.163436
1600768,6253,25.49,0.5098,2535.4,-0.484125,0.400043,1.01639,0.8268
1601024,6254,25.49,0.5098,2535.4,-1.07501,0.147578,1.015394,0.72064
1601280,6255,25.49,0.5098,2535.4,0.431468,0.119798,1.016817,0.363732
1601536,6256,25.49,0.5098,2535.4,0.253712,0.130442,1.019396,0.252128
1601792,6257,25.49,0.5098,2535.4,0.918063,0.336292,1.022006,1.047564
1602048,6258,25.49,0.5098,2535.4,-0.562513,0.26469,1.022874,0.632328
1602304,6259,25.49,0.5098,2535.4,0.228675,0.179655,1.022635,0.269813
1602560,6260,25.49,0.5098,2535.4,1.331529,0.465644,1.009375,1.455585
1602816,6261,25.49,0.5098,2535.4,-0.012675,0.191472,1.010679,0.09952
1603072,6262,25.49,0.5098,2535.4,-0.597667,0.125797,1.01645,0.47322
1603328,6263,25.58,0.5116,2540.0,2.681799,0.76973,1.012944,2.155143
1603584,6264,25.58,0.5116,2540.0,-0.209797,0.061577,1.01155,0.154409
1603840,6265,25.58,0.5116,2540.0,1.82135,0.392029,1.007513,1.457661
1604096,6266,25.58,0.5116,2540.0,-0.551138,0.116394,1.008127,0.453769
1604352,6267,25.58,0.5116,2540.0,-2.640056,0.42025,1.012351,1.596918
1604608,6268,25.58,0.5116,2540.0,-0.834089,0.121583,1.006657,0.606684
1604864,6269,25.58,0.5116,2540.0,-1.4594,0.200411,1.012544,0.98828
1605120,6270,25.58,0.5116,2540.0,1.663034,0.190596,1.01079,1.01591
1605376,6271,25.58,0.5116,2540.0,0.219885,0.165146,1.009708,0.24797
1605632,6272,25.58,0.5116,2540.0,-0.142077,0.138889,1.012219,0.16069
1605888,6273,25.58,0.5116,2539.8,-0.99566,0.23168,1.00921,0.844056
1606144,6274,25.58,0.5116,2539.8,0.461016,0.168819,1.008721,0.510699
1606400,6275,25.58,0.5116,2539.8,0.143214,0.202324,1.007982,0.215761
1606656,6276,25.58,0.5116,2539.8,0.313595,0.174428,1.005707,0.382888
1606912,6277,25.58,0.5116,2539.8,0.215042,0.087426,1.007784,0.163699
1607168,6278,25.58,0.5116,2539.8,-0.384391,0.302925,1.01221,0.556877
1607424,6279,25.58,0.5116,2539.8,0.916816,0.170332,1.008347,0.726597
1607680,6280,25.58,0.5116,2539.8,0.115457,0.193976,1.006551,0.179767
1607936,6281,25.58,0.5116,2539.8,1.453458,0.644703,1.002138,1.761079
1608192,6282,25.58,0.5116,2539.8,-0.376501,0.188885,1.005538,0.422728
1608448,6283,25.58,0.5116,2539.8,-0.239391,0.076152,1.010381,0.194231
1608704,6284,25.65,0.513,2544.8,-0.084226,0.064015,1.00952,0.104422
1608960,6285,25.65,0.513,2544.8,0.246275,0.41516,1.005959,0.434738
1609216,6286,25.65,0.513,2544.8,2.538515,0.515102,1.007669,1.813249
1609472,6287,25.65,0.513,2544.8,-0.279992,0.273779,1.002868,0.392764
1609728,6288,25.65,0.513,2544.8,-0.997369,0.19509,0.995025,0.845998
1609984,6289,25.65,0.513,2544.8,-0.023507,0.321861,0.997546,0.052346
1610240,6290,25.65,0.513,2544.8,1.066859,0.131809,1.002147,0.709967
1610496,6291,25.65,0.513,2544.8,1.128262,0.471608,1.008719,1.424166
1610752,6292,25.65,0.513,2544.8,-2.559547,0.395797,1.000768,1.586251
1611008,6293,25.65,0.513,2544.8,-2.071704,0.445748,0.998841,1.784426
1611264,6294,25.65,0.513,2543.2,-0.939091,0.270459,0.992961,0.973594
1611520,6295,25.65,0.513,2543.2,1.033581,0.280029,0.999482,1.024587
1611776,6296,25.65,0.513,2543.2,0.794254,0.68015,1.000262,1.45815
1612032,6297,25.65,0.513,2543.2,-0.731547,0.107288,1.005256,0.540151
1612288,6298,25.65,0.513,2543.2,-1.989092,0.424979,1.012339,1.643421
1612544,6299,25.65,0.513,2543.2,-1.676124,0.201816,1.007227,1.199866
1612800,6300,25.65,0.513,2543.2,-0.552345,0.231485,0.998467,0.612115
1613056,6301,25.65,0.513,2543.2,-1.98394,0.422842,0.997957,1.557421
1613312,6302,25.65,0.513,2543.2,-0.386751,0.20381,0.994592,0.468608
1613568,6303,25.65,0.513,2543.2,0.801708,0.099829,1.000778,0.515835
1613824,6304,25.66,0.5132,2544.8,0.020441,0.421714,1.007275,0.097629
1614080,6305,25.66,0.5132,2544.8,-0.235405,0.081481,0.999364,0.173286
1614336,6306,25.66,0.5132,2544.8,-0.267917,0.185708,1.007398,0.341638
1614592,6307,25.66,0.5132,2544.8,0.185412,0.230863,1.006577,0.228672
1614848,6308,25.66,0.5132,2544.8,-0.014274,0.105299,1.000186,0.05596
1615104,6309,25.66,0.5132,2544.8,1.014739,0.269895,1.006318,0.992724
1615360,6310,25.66,0.5132,2544.8,-0.7528,0.330984,1.007799,0.889925
1615616,6311,25.66,0.5132,2544.8,0.012198,0.109719,1.007257,0.106678
1615872,6312,25.66,0.5132,2544.8,-2.462747,0.437518,1.004596,1.558424
1616128,6313,25.66,0.5132,2544.8,-0.610149,0.159363,1.009651,0.511429
1616384,6314,25.64,0.5128,2542.3,0.206314,0.384494,1.006485,0.340569
1616640,6315,25.64,0.5128,2542.3,0.594295,0.201539,1.010316,0.572133
1616896,6316,25.64,0.5128,2542.3,-0.007546,0.08941,1.010255,0.025849
1617152,6317,25.64,0.5128,2542.3,-0.264168,0.055401,1.004383,0.150468
1617408,6318,25.64,0.5128,2542.3,-0.075332,0.11266,1.009599,0.105775
1617664,6319,25.64,0.5128,2542.3,0.605484,0.12537,1.007023,0.461969
1617920,6320,25.64,0.5128,2542.3,-0.031063,0.338447,1.014073,0.131753
1618176,6321,25.64,0.5128,2542.3,0.128053,0.082508,1.018327,0.106258
1618432,6322,25.64,0.5128,2542.3,-0.315067,0.136555,1.010293,0.316133
1618688,6323,25.64,0.5128,2542.3,0.342284,0.393447,1.012535,0.572504
1618944,6324,25.64,0.5128,2542.3,0.010726,0.132432,1.010771,0.057686
1619200,6325,25.61,0.5122,2543.3,-0.412183,0.22795,1.01585,0.469363
1619456,6326,25.61,0.5122,2543.3,1.380269,0.331613,1.01047,1.155662
1619712,6327,25.61,0.5122,2543.3,1.284715,0.222443,1.009875,0.935767
1619968,6328,25.61,0.5122,2543.3,0.154752,0.075796,1.022318,0.124206
1620224,6329,25.61,0.5122,2543.3,-2.383199,0.414966,1.011345,1.478543
1620480,6330,25.61,0.5122,2543.3,1.477983,0.389337,1.017551,1.423932
1620736,6331,25.61,0.5122,2543.3,1.855329,0.268436,1.021354,1.236647
1620992,6332,25.61,0.5122,2543.3,-1.466064,0.168105,1.008057,0.846532
1621248,6333,25.61,0.5122,2543.3,-1.98892,0.35063,1.007634,1.351463
1621504,6334,25.61,0.5122,2543.3,1.144372,0.549159,1.014071,1.520806
1621760,6335,25.63,0.5126,2546.8,-0.305061,0.418186,1.007929,0.486614
1622016,6336,25.63,0.5126,2546.8,-0.502467,0.116251,1.007935,0.385584
1622272,6337,25.63,0.5126,2546.8,-0.151507,0.341679,1.010154,0.21646
1622528,6338,25.63,0.5126,2546.8,0.364163,0.156583,1.007432,0.401934
1622784,6339,25.63,0.5126,2546.8,0.058682,0.104416,1.008726,0.091649
1623040,6340,25.63,0.5126,2546.8,-1.29678,0.272723,1.004675,1.084413
1623296,6341,25.63,0.5126,2546.8,0.223468,0.077031,1.007768,0.164651
1623552,6342,25.63,0.5126,2546.8,-0.824119,0.137588,1.011835,0.612202
1623808,6343,25.63,0.5126,2546.8,-0.775714,0.136683,1.012778,0.567053
1624064,6344,25.63,0.5126,2546.8,-0.617521,0.098452,1.007761,0.40708
1624320,6345,25.63,0.5126,2546.8,0.013756,0.142875,1.003578,0.122485
1624576,6346,25.63,0.5126,2551.5,-0.808866,0.092769,0.998044,0.494684
1624832,6347,25.63,0.5126,2551.5,0.375796,0.112358,1.004946,0.315428
1625088,6348,25.63,0.5126,2551.5,-0.421126,0.068291,0.99826,0.257083
1625344,6349,25.63,0.5126,2551.5,0.125209,0.225564,0.99811,0.178078
1625600,6350,25.63,0.5126,2551.5,0.282467,0.079782,1.001209,0.201348
1625856,6351,25.63,0.5126,2551.5,-0.286865,0.086615,1.007087,0.208212
1626112,6352,25.63,0.5126,2551.5,-0.679451,0.217351,0.996865,0.652483
1626368,6353,25.63,0.5126,2551.5,-0.737585,0.080571,0.998562,0.422602
1626624,6354,25.63,0.5126,2551.5,-0.134451,0.132896,1.006609,0.147579
1626880,6355,25.63,0.5126,2551.5,0.569688,0.148037,1.004685,0.494542
1627136,6356,25.63,0.5126,2551.5,0.327311,0.17513,1.000388,0.322435
1627392,6357,25.63,0.5126,2551.5,0.416817,0.296979,0.998676,0.533029
1627648,6358,25.66,0.5132,2557.9,-0.44661,0.044879,1.006662,0.242063
1627904,6359,25.66,0.5132,2557.9,0.593417,0.169825,1.006673,0.525176
1628160,6360,25.66,0.5132,2557.9,0.149482,0.088465,0.993352,0.108868
1628416,6361,25.66,0.5132,2557.9,0.419081,0.109835,0.997916,0.308514
1628672,6362,25.66,0.5132,2557.9,-0.3398,0.233059,0.998762,0.384246
1628928,6363,25.66,0.5132,2557.9,1.413567,1.019634,0.99403,2.094589
1629184,6364,25.66,0.5132,2557.9,1.562305,0.586872,0.991823,1.711422
1629440,6365,25.66,0.5132,2557.9,0.232357,0.22545,0.996981,0.308551
1629696,6366,25.66,0.5132,2557.9,0.173165,0.281205,0.99608,0.264025
1629952,6367,25.66,0.5132,2557.9,-1.508286,0.155808,0.993599,0.82052
1630208,6368,25.68,0.5136,2556.8,-1.087674,0.17977,1.004842,0.791351
1630464,6369,25.68,0.5136,2556.8,-0.431998,0.107799,0.999443,0.324493
1630720,6370,25.68,0.5136,2556.8,1.031994,0.133616,0.99418,0.650873
1630976,6371,25.68,0.5136,2556.8,-0.088941,0.066134,0.990822,0.091434
1631232,6372,25.68,0.5136,2556.8,-0.617966,0.104285,0.999124,0.453611
1631488,6373,25.68,0.5136,2556.8,0.245557,0.156573,0.99232,0.252371
1631744,6374,25.68,0.5136,2556.8,-1.698172,0.272605,0.996468,1.101468
1632000,6375,25.68,0.5136,2556.8,-1.768243,0.369176,0.985005,1.466986
1632256,6376,25.68,0.5136,2556.8,1.63828,0.878695,0.989307,2.078654
1632512,6377,25.58,0.5116,2553.0,-0.676876,0.572127,0.991113,1.197701
1632768,6378,25.58,0.5116,2553.0,0.610535,0.191634,0.995101,0.585779
1633024,6379,25.58,0.5116,2553.0,-0.000345,0.067996,1.000765,0.029428
1633280,6380,25.58,0.5116,2553.0,1.529711,0.380901,1.001563,1.349064
1633536,6381,25.58,0.5116,2553.0,0.054354,0.131615,0.991819,0.088002
1633792,6382,25.58,0.5116,2553.0,0.112077,0.440876,0.998538,0.19774
1634048,6383,25.58,0.5116,2553.0,0.74433,0.16268,0.992567,0.651837
1634304,6384,25.58,0.5116,2553.0,1.080615,0.399744,0.994022,1.214587
1634560,6385,25.58,0.5116,2553.0,1.375487,0.201746,0.99907,0.909216
1634816,6386,25.64,0.5128,2551.5,-1.101408,0.654316,0.985531,1.546167
1635072,6387,25.64,0.5128,2551.5,-0.562308,0.101948,0.995166,0.427833
1635328,6388,25.64,0.5128,2551.5,1.108908,0.295372,0.991555,0.994468
1635584,6389,25.64,0.5128,2551.5,0.899064,0.329684,0.988843,1.054752
1635840,6390,25.64,0.5128,2551.5,-0.924669,0.123617,0.987401,0.660668
1636096,6391,25.64,0.5128,2551.5,0.511978,0.451733,0.991633,0.806835
1636352,6392,25.64,0.5128,2551.5,0.572162,0.441691,0.994004,0.8754
1636608,6393,25.64,0.5128,2551.5,-0.121654,0.120274,0.989849,0.122575
1636864,6394,25.64,0.5128,2551.5,2.546286,0.747982,0.987163,2.066948
1637120,6395,25.64,0.5128,2551.5,0.32969,0.089901,0.979003,0.25543
1637376,6396,25.75,0.515,2551.8,-0.072572,0.26599,0.993099,0.138825
1637632,6397,25.75,0.515,2551.8,2.19652,0.286702,0.990185,1.30668
1637888,6398,25.75,0.515,2551.8,-1.528623,0.271998,0.994938,1.169631
1638144,6399,25.75,0.515,2551.8,0.998963,0.346097,0.984316,1.176169
1638400,6400,25.75,0.515,2551.8,0.561396,0.158932,0.985412,0.584268
1638656,6401,25.75,0.515,2551.8,-2.346594,0.449166,0.990777,1.760666
1638912,6402,25.75,0.515,2551.8,0.766662,0.285521,0.983887,0.869372
1639168,6403,25.75,0.515,2551.8,-0.350271,0.100864,0.990057,0.277134
1639424,6404,25.75,0.515,2551.8,1.131374,0.678367,0.982076,1.780971
1639680,6405,25.79,0.5158,2553.0,-1.519981,0.375146,0.992109,1.339461
1639936,6406,25.79,0.5158,2553.0,-1.572613,0.39843,0.983279,1.628104
1640192,6407,25.79,0.5158,2553.0,0.528255,0.208586,0.976507,0.612974
1640448,6408,25.79,0.5158,2553.0,-0.822859,0.193055,0.991127,0.754881
1640704,6409,25.79,0.5158,2553.0,-1.086237,0.279995,0.982203,1.100084
1640960,6410,25.79,0.5158,2553.0,-0.26656,0.105958,0.987832,0.26362
1641216,6411,25.79,0.5158,2553.0,1.277073,0.382978,0.996985,1.360747
1641472,6412,25.79,0.5158,2553.0,0.895094,0.224637,0.986297,0.894302
1641728,6413,25.79,0.5158,2553.0,-0.123199,0.194188,0.97399,0.172629
1641984,6414,25.79,0.5158,2553.0,1.081311,0.615083,0.990174,1.677418
1642240,6415,25.79,0.5158,2553.0,-0.707066,0.20922,0.983616,0.80012
1642496,6416,25.82,0.5164,2554.0,-0.032819,0.366942,0.977927,0.064381
1642752,6417,25.82,0.5164,2554.0,0.333549,0.26081,0.984532,0.465408
1643008,6418,25.82,0.5164,2554.0,0.77865,0.216437,0.989536,0.771238
1643264,6419,25.82,0.5164,2554.0,0.21753,0.073816,0.983872,0.168306
1643520,6420,25.82,0.5164,2554.0,-1.628595,0.369341,0.9794,1.50805
1643776,6421,25.82,0.5164,2554.0,1.163998,0.727521,0.987852,1.942532
1644032,6422,25.82,0.5164,2554.0,1.847234,0.939975,0.980794,2.343193
1644288,6423,25.82,0.5164,2554.0,-0.025506,0.122691,0.988283,0.074176
1644544,6424,25.82,0.5164,2554.0,-0.56294,0.148078,0.985698,0.562185
1644800,6425,25.81,0.5162,2549.9,0.583554,0.199084,0.984177,0.61889
1645056,6426,25.81,0.5162,2549.9,0.769307,0.113072,0.972217,0.567744
1645312,6427,25.81,0.5162,2549.9,0.255601,0.083229,0.976897,0.226107
1645568,6428,25.81,0.5162,2549.9,-1.226223,0.204085,0.981414,1.066706
1645824,6429,25.81,0.5162,2549.9,-2.653299,0.526003,0.989273,2.060511
1646080,6430,25.81,0.5162,2549.9,-1.312444,0.162822,0.987601,0.977655
1646336,6431,25.81,0.5162,2549.9,-1.302609,0.282083,0.980923,1.382445
1646592,6432,25.81,0.5162,2549.9,1.472748,0.604474,0.987468,2.072273
1646848,6433,25.74,0.5148,2545.3,0.419362,0.45733,0.982948,0.862736
1647104,6434,25.74,0.5148,2545.3,-0.097472,0.184344,0.997243,0.171123
1647360,6435,25.74,0.5148,2545.3,1.132854,0.249429,0.987953,1.061079
1647616,6436,25.74,0.5148,2545.3,-0.867427,0.103832,0.992169,0.620542
1647872,6437,25.74,0.5148,2545.3,-1.097692,0.459863,0.979488,1.547449
1648128,6438,25.74,0.5148,2545.3,0.159097,0.092006,0.987953,0.149214
1648384,6439,25.74,0.5148,2545.3,-1.19343,0.210596,0.98608,1.052024
1648640,6440,25.74,0.5148,2545.3,-0.422765,0.162123,0.992548,0.477871
1648896,6441,25.74,0.5148,2545.3,0.507417,0.082429,0.994335,0.38622
1649152,6442,25.74,0.5148,2545.3,-0.650565,0.341697,0.984421,0.933408
1649408,6443,25.8,0.516,2545.0,-0.289678,0.152163,0.995173,0.330878
1649664,6444,25.8,0.516,2545.0,1.342963,0.327106,0.990757,1.292298
1649920,6445,25.8,0.516,2545.0,0.642466,0.097401,0.992213,0.505276
1650176,6446,25.8,0.516,2545.0,0.868896,0.16276,1.005936,0.771066
1650432,6447,25.8,0.516,2545.0,0.470267,0.107759,0.999947,0.432624
1650688,6448,25.8,0.516,2545.0,0.283061,0.132442,1.004213,0.284984
1650944,6449,25.8,0.516,2545.0,-0.248554,0.185869,0.997232,0.330149
1651200,6450,25.8,0.516,2545.0,-0.426189,0.183198,0.995849,0.513619
1651456,6451,25.8,0.516,2545.0,1.163992,0.340456,0.998708,1.444041
1651712,6452,25.8,0.516,2545.0,0.313147,0.208794,0.998853,0.393659
1651968,6453,25.87,0.5174,2546.6,0.44499,0.227933,0.99184,0.564355
1652224,6454,25.87,0.5174,2546.6,-0.179653,0.352006,0.995987,0.358737
1652480,6455,25.87,0.5174,2546.6,-0.879751,0.368419,0.996052,1.188607
1652736,6456,25.87,0.5174,2546.6,-0.305562,0.078151,0.994844,0.252586
1652992,6457,25.87,0.5174,2546.6,-0.414261,0.284862,1.001212,0.638152
1653248,6458,25.87,0.5174,2546.6,-2.016976,0.422081,0.994807,1.625733
1653504,6459,25.87,0.5174,2546.6,-1.365263,0.205141,1.003901,1.102249
1653760,6460,25.87,0.5174,2546.6,0.659542,0.276731,1.000909,0.797974
1654016,6461,25.87,0.5174,2546.6,-0.821299,0.311712,0.99868,0.966168
1654272,6462,25.87,0.5174,2546.6,-0.486035,0.072088,1.000452,0.330277
1654528,6463,25.87,0.5174,2546.6,0.246114,0.264156,0.997256,0.379278
1654784,6464,25.92,0.5184,2548.3,-0.401335,0.625855,1.003753,0.847144
1655040,6465,25.92,0.5184,2548.3,-1.467888,0.386579,1.001808,1.479874
1655296,6466,25.92,0.5184,2548.3,0.172527,0.112612,1.010549,0.157122
1655552,6467,25.92,0.5184,2548.3,0.016699,0.145667,1.004822,0.044867
1655808,6468,25.92,0.5184,2548.3,-2.300956,0.389034,0.999798,1.582999
1656064,6469,25.92,0.5184,2548.3,0.229774,0.093781,1.004259,0.208829
1656320,6470,25.92,0.5184,2548.3,0.686921,0.335082,1.003222,0.900436
1656576,6471,25.92,0.5184,2548.3,-0.052462,0.089434,1.015054,0.084537
1656832,6472,25.92,0.5184,2548.3,-0.580056,0.107604,1.010031,0.48275
1657088,6473,25.92,0.5184,2548.3,-0.631007,0.147687,1.007359,0.547836
1657344,6474,25.9,0.518,2546.3,0.548909,0.246655,1.010046,0.616099
1657600,6475,25.9,0.518,2546.3,-0.997908,0.240928,1.015433,1.062447
1657856,6476,25.9,0.518,2546.3,1.060632,0.224166,1.011377,0.930398
1658112,6477,25.9,0.518,2546.3,-1.46758,0.308596,1.008612,1.311304
1658368,6478,25.9,0.518,2546.3,-0.962235,0.10246,1.012339,0.574226
1658624,6479,25.9,0.518,2546.3,0.937304,0.1488,1.0146,0.763524
1658880,6480,25.9,0.518,2546.3,-0.679067,0.125203,1.016997,0.536615
1659136,6481,25.9,0.518,2546.3,0.317535,0.093651,1.012411,0.253047
1659392,6482,25.9,0.518,2546.3,1.290671,0.183325,1.015935,0.92156
1659648,6483,25.9,0.518,2546.3,1.811658,0.250764,1.020469,1.150707
1659904,6484,25.93,0.5186,2545.3,-0.949073,0.05451,1.015922,0.40533
1660160,6485,25.93,0.5186,2545.3,-2.344988,0.284819,1.014919,1.258275
1660416,6486,25.93,0.5186,2545.3,0.208947,0.235877,1.011723,0.282048
1660672,6487,25.93,0.5186,2545.3,-0.801957,0.114151,1.017651,0.576792
1660928,6488,25.93,0.5186,2545.3,-0.993448,0.288796,1.013137,1.04921
1661184,6489,25.93,0.5186,2545.3,-0.184909,0.072843,1.02123,0.131076
1661440,6490,25.93,0.5186,2545.3,-1.344375,0.214903,1.019912,0.944623
1661696,6491,25.93,0.5186,2545.3,0.462916,0.190825,1.015771,0.456065
1661952,6492,25.93,0.5186,2545.3,-0.126906,0.123957,1.016538,0.126773
1662208,6493,25.93,0.5186,2545.3,0.105348,0.08663,1.015951,0.121694
1662464,6494,25.93,0.5186,2545.3,-2.105635,0.348568,1.011734,1.420137
1662720,6495,25.91,0.5182,2547.6,-0.36161,0.055879,1.024074,0.217702
1662976,6496,25.91,0.5182,2547.6,-0.143799,0.089953,1.017199,0.107661
1663232,6497,25.91,0.5182,2547.6,1.228941,0.381314,1.018318,1.183465
1663488,6498,25.91,0.5182,2547.6,-1.112787,0.144802,1.015387,0.780521
1663744,6499,25.91,0.5182,2547.6,0.291597,0.28754,1.01682,0.383645
1664000,6500,25.91,0.5182,2547.6,0.15315,0.136716,1.023153,0.149291
1664256,6501,25.91,0.5182,2547.6,1.098081,0.291494,1.022925,1.034332
1664512,6502,25.91,0.5182,2547.6,-0.644388,0.207147,1.025495,0.639129
1664768,6503,25.91,0.5182,2547.6,1.061494,0.271088,1.023817,0.969678
1665024,6504,25.91,0.5182,2547.6,0.23866,0.242809,1.025486,0.281019
1665280,6505,25.91,0.5182,2547.6,1.026743,0.294716,1.023485,0.963243
1665536,6506,25.91,0.5182,2544.7,1.070421,0.24154,1.016744,0.945143
1665792,6507,25.91,0.5182,2544.7,0.950442,0.502191,1.02057,1.238035
1666048,6508,25.91,0.5182,2544.7,-1.472472,0.139557,1.023189,0.84324
1666304,6509,25.91,0.5182,2544.7,-0.386202,0.283038,1.022213,0.487092
1666560,6510,25.91,0.5182,2544.7,0.291408,0.054255,1.019781,0.168244
1666816,6511,25.91,0.5182,2544.7,0.6425,0.331735,1.025239,0.795248
1667072,6512,25.91,0.5182,2544.7,-1.421509,0.286797,1.014521,1.148783
1667328,6513,25.91,0.5182,2544.7,0.555553,0.37568,1.022309,0.786716
1667584,6514,25.91,0.5182,2544.7,0.154377,0.163536,1.020514,0.167726
1667840,6515,25.91,0.5182,2544.7,1.572548,0.186966,1.025023,0.950321
1668096,6516,25.91,0.5182,2544.7,0.09424,0.191349,1.020203,0.122266
1668352,6517,25.91,0.5182,2544.7,-1.501137,0.125226,1.023889,0.792684
1668608,6518,25.93,0.5186,2547.9,-1.01542,0.396347,1.024371,1.202695
1668864,6519,25.93,0.5186,2547.9,0.676628,0.098228,1.020857,0.446664
1669120,6520,25.93,0.5186,2547.9,-0.631463,0.186031,1.018337,0.611132
1669376,6521,25.93,0.5186,2547.9,1.340682,0.258974,1.022756,1.09096
1669632,6522,25.93,0.5186,2547.9,-0.999603,0.168861,1.019933,0.757834
1669888,6523,25.93,0.5186,2547.9,-0.023606,0.159156,1.022974,0.097596
1670144,6524,25.93,0.5186,2547.9,0.153153,0.109465,1.02205,0.133859
1670400,6525,25.93,0.5186,2547.9,-1.543064,0.180114,1.017821,0.952301
1670656,6526,25.93,0.5186,2547.9,-0.420626,0.05445,1.019918,0.246422
1670912,6527,25.93,0.5186,2547.9,0.740734,0.146175,1.01685,0.565312
1671168,6528,25.93,0.5186,2547.9,1.227783,0.635721,1.017499,1.601037
1671424,6529,25.93,0.5186,2549.1,-1.032896,0.164323,1.015697,0.762976
1671680,6530,25.93,0.5186,2549.1,1.494664,0.487457,1.018161,1.53282
1671936,6531,25.93,0.5186,2549.1,-0.005545,0.104857,1.014766,0.074995
1672192,6532,25.93,0.5186,2549.1,-1.600752,0.269279,1.019365,1.155714
1672448,6533,25.93,0.5186,2549.1,-1.656886,0.152391,1.016215,0.87104
1672704,6534,25.93,0.5186,2549.1,-0.331842,0.066629,1.015956,0.21522
1672960,6535,25.93,0.5186,2549.1,0.989573,0.223774,1.014829,0.900464
1673216,6536,25.93,0.5186,2549.1,-0.318807,0.10859,1.020114,0.275288
1673472,6537,25.93,0.5186,2549.1,-2.342523,0.481549,1.01208,1.707084
1673728,6538,25.93,0.5186,2549.1,-0.064946,0.096515,1.012144,0.081672
1673984,6539,25.93,0.5186,2549.1,0.800416,0.306983,1.014496,0.913391
1674240,6540,25.89,0.5178,2548.1,1.18767,0.286811,1.014308,1.092086
1674496,6541,25.89,0.5178,2548.1,-0.2408,0.099233,1.011475,0.194581
1674752,6542,25.89,0.5178,2548.1,-2.814536,0.27284,1.013397,1.291417
1675008,6543,25.89,0.5178,2548.1,-0.94876,0.166421,1.010496,0.718599
1675264,6544,25.89,0.5178,2548.1,0.624992,0.275077,1.005623,0.674329
1675520,6545,25.89,0.5178,2548.1,-0.832415,0.2189,1.010265,0.793662
1675776,6546,25.89,0.5178,2548.1,2.188022,0.427971,1.013739,1.599794
1676032,6547,25.89,0.5178,2548.1,-0.561118,0.223021,1.009427,0.626949
1676288,6548,25.89,0.5178,2548.1,-0.37677,0.059237,1.008251,0.223371
1676544,6549,25.89,0.5178,2548.1,1.060876,0.205706,1.011938,0.870943
1676800,6550,25.89,0.5178,2548.1,-0.627289,0.146776,1.006071,0.535204
1677056,6551,25.89,0.5178,2548.1,0.229597,0.098436,1.008178,0.192114
1677312,6552,25.89,0.5178,2551.9,-0.652791,0.172907,1.006581,0.57392
1677568,6553,25.89,0.5178,2551.9,-0.957969,0.254947,1.002607,0.86533
1677824,6554,25.89,0.5178,2551.9,0.294149,0.277129,1.007622,0.417052
1678080,6555,25.89,0.5178,2551.9,0.547023,0.279702,1.003814,0.70368
1678336,6556,25.89,0.5178,2551.9,0.134267,0.112661,1.00049,0.137264
1678592,6557,25.89,0.5178,2551.9,0.604395,0.157351,1.009782,0.572635
1678848,6558,25.89,0.5178,2551.9,0.262621,0.193272,1.005909,0.283456
1679104,6559,25.89,0.5178,2551.9,-0.114713,0.097558,1.006908,0.099047
1679360,6560,25.89,0.5178,2551.9,1.92461,0.379339,1.006176,1.365547
1679616,6561,25.89,0.5178,2551.9,-1.891635,0.385127,0.999141,1.538804
1679872,6562,25.89,0.5178,2551.6,0.393935,0.074817,1.003344,0.307655
1680128,6563,25.89,0.5178,2551.6,-0.277215,0.113493,0.997748,0.260792
1680384,6564,25.89,0.5178,2551.6,1.063595,0.526699,1.006683,1.366617
1680640,6565,25.89,0.5178,2551.6,-0.182437,0.188427,0.998986,0.239356
1680896,6566,25.89,0.5178,2551.6,1.380067,0.449481,0.998643,1.44773
1681152,6567,25.89,0.5178,2551.6,0.719496,0.202043,0.997382,0.654546
1681408,6568,25.89,0.5178,2551.6,0.123727,0.173528,0.992975,0.13899
1681664,6569,25.89,0.5178,2551.6,-0.974011,0.244599,1.000784,0.853278
1681920,6570,25.89,0.5178,2551.6,0.56326,0.13198,0.996202,0.469912
1682176,6571,25.89,0.5178,2551.6,-1.067899,0.153085,1.004273,0.787041
1682432,6572,25.87,0.5174,2550.1,-0.913976,0.213364,0.991004,0.844979
1682688,6573,25.87,0.5174,2550.1,-1.398165,0.335139,0.99437,1.371644
1682944,6574,25.87,0.5174,2550.1,0.525267,0.229824,0.998403,0.600959
1683200,6575,25.87,0.5174,2550.1,-0.904117,0.225793,0.996332,0.862322
1683456,6576,25.87,0.5174,2550.1,-0.229524,0.329628,0.994848,0.345937
1683712,6577,25.87,0.5174,2550.1,0.993535,0.424111,0.999678,1.174322
1683968,6578,25.87,0.5174,2550.1,-2.385298,0.420043,1.002014,1.630399
1684224,6579,25.87,0.5174,2550.1,-1.925663,0.352842,0.999526,1.444751
1684480,6580,25.87,0.5174,2550.1,2.665428,0.346946,0.998906,1.412106
1684736,6581,25.87,0.5174,2549.3,0.367518,0.11964,1.005669,0.31991
1684992,6582,25.87,0.5174,2549.3,0.809209,0.21279,1.006842,0.76972
1685248,6583,25.87,0.5174,2549.3,-0.245983,0.359784,1.005751,0.402797
1685504,6584,25.87,0.5174,2549.3,-0.506212,0.130159,1.002257,0.424986
1685760,6585,25.87,0.5174,2549.3,-1.461367,0.265808,1.006934,1.142757
1686016,6586,25.87,0.5174,2549.3,-0.706572,0.133548,1.006315,0.559546
1686272,6587,25.87,0.5174,2549.3,0.365781,0.076985,1.00774,0.271967
1686528,6588,25.87,0.5174,2549.3,-0.304992,0.124669,1.00907,0.28566
1686784,6589,25.87,0.5174,2549.3,-0.820144,0.225226,1.010442,0.758917
1687040,6590,25.87,0.5174,2549.3,0.911496,0.387028,1.011925,1.081783
1687296,6591,25.87,0.5174,2549.3,0.227314,0.380188,1.006897,0.347332
1687552,6592,25.89,0.5178,2548.9,0.573589,0.152872,1.012941,0.47604
1687808,6593,25.89,0.5178,2548.9,-1.247111,0.146359,1.010522,0.762934
1688064,6594,25.89,0.5178,2548.9,-1.746353,0.363153,1.006309,1.411807
1688320,6595,25.89,0.5178,2548.9,-1.253856,0.208744,1.014464,0.90937
1688576,6596,25.89,0.5178,2548.9,1.26512,0.332181,1.010415,1.118296
1688832,6597,25.89,0.5178,2548.9,-0.457879,0.178243,1.008736,0.47034
1689088,6598,25.89,0.5178,2548.9,0.318042,0.173471,1.013561,0.347621
1689344,6599,25.89,0.5178,2548.9,0.309692,0.186241,1.016064,0.344072
1689600,6600,25.89,0.5178,2548.9,-0.431315,0.089843,1.012253,0.311537
1689856,6601,25.89,0.5178,2548.9,0.255588,0.083652,1.010804,0.180203
1690112,6602,25.89,0.5178,2548.9,0.299771,0.135746,1.011611,0.268919
1690368,6603,25.85,0.517,2548.6,0.49192,0.226187,1.015132,0.537121
1690624,6604,25.85,0.517,2548.6,-0.563361,0.170941,1.013783,0.490246
1690880,6605,25.85,0.517,2548.6,-0.954316,0.142382,1.008215,0.625987
1691136,6606,25.85,0.517,2548.6,1.673543,0.484013,1.018315,1.547082
1691392,6607,25.85,0.517,2548.6,-0.91472,0.088955,1.023125,0.497561
1691648,6608,25.85,0.517,2548.6,-0.907985,0.220815,1.015256,0.775164
1691904,6609,25.85,0.517,2548.6,0.078479,0.046212,1.009809,0.062647
1692160,6610,25.85,0.517,2548.6,1.13359,0.233339,1.024591,0.879379
1692416,6611,25.85,0.517,2548.6,-2.034347,0.280164,1.01518,1.18578
1692672,6612,25.85,0.517,2548.6,0.996941,0.658259,1.020679,1.406815
1692928,6613,25.87,0.5174,2546.4,-0.494775,0.090795,1.016929,0.333844
1693184,6614,25.87,0.5174,2546.4,-2.169715,0.358557,1.019234,1.351596
1693440,6615,25.87,0.5174,2546.4,0.334015,0.29861,1.013487,0.401737
1693696,6616,25.87,0.5174,2546.4,-1.361076,0.165684,1.014856,0.809681
1693952,6617,25.87,0.5174,2546.4,-0.421316,0.067159,1.010595,0.240421
1694208,6618,25.87,0.5174,2546.4,0.624894,0.230166,1.01779,0.598847
1694464,6619,25.87,0.5174,2546.4,0.450142,0.089119,1.019675,0.289725
1694720,6620,25.87,0.5174,2546.4,-0.484187,0.115188,1.009182,0.36437
1694976,6621,25.87,0.5174,2546.4,-0.075227,0.086402,1.01667,0.072214
1695232,6622,25.87,0.5174,2546.4,-0.46564,0.100093,1.014672,0.30693
1695488,6623,25.87,0.5174,2546.4,-3.544645,0.264228,1.01909,1.259195
1695744,6624,25.87,0.5174,2546.4,-1.734998,0.287695,1.017068,1.158065
1696000,6625,25.79,0.5158,2552.0,-0.695512,0.277416,1.016361,0.747508
1696256,6626,25.79,0.5158,2552.0,-0.229471,0.059171,1.025386,0.146156
1696512,6627,25.79,0.5158,2552.0,0.052745,0.254436,1.015428,0.068216
1696768,6628,25.79,0.5158,2552.0,0.737338,0.139599,1.018827,0.575624
1697024,6629,25.79,0.5158,2552.0,0.312192,0.154809,1.014754,0.304645
1697280,6630,25.79,0.5158,2552.0,0.505997,0.131276,1.019037,0.398461
1697536,6631,25.79,0.5158,2552.0,-0.102023,0.092216,1.014135,0.080103
1697792,6632,25.79,0.5158,2552.0,0.303967,0.121502,1.016107,0.264002
1698048,6633,25.79,0.5158,2552.0,-0.817504,0.126582,1.006364,0.529015
1698304,6634,25.79,0.5158,2552.0,0.440081,0.189548,1.015022,0.420646
1698560,6635,25.79,0.5158,2552.0,-0.519775,0.175941,1.014191,0.435924
1698816,6636,25.79,0.5158,2552.0,1.016948,0.125882,1.011415,0.618031
1699072,6637,25.78,0.5156,2554.4,0.488102,0.107635,1.019452,0.363148
1699328,6638,25.78,0.5156,2554.4,1.03346,0.715206,1.011167,1.465713
1699584,6639,25.78,0.5156,2554.4,0.275676,0.129376,1.018783,0.230096
1699840,6640,25.78,0.5156,2554.4,0.592714,0.08585,1.00992,0.344232
1700096,6641,25.78,0.5156,2554.4,-0.501359,0.113405,1.011496,0.369959
1700352,6642,25.78,0.5156,2554.4,-0.415637,0.101027,1.008387,0.283108
1700608,6643,25.78,0.5156,2554.4,-0.640831,0.114769,1.014419,0.459886
1700864,6644,25.78,0.5156,2554.4,1.967505,0.667835,1.012722,1.841486
1701120,6645,25.78,0.5156,2554.4,0.649959,0.144065,1.012349,0.481076
1701376,6646,25.78,0.5156,2554.4,-0.035071,0.113878,1.017718,0.042269
1701632,6647,25.78,0.5156,2554.4,-0.795988,0.120657,1.012387,0.51715
1701888,6648,25.77,0.5154,2557.3,0.187885,0.292174,1.011079,0.27553
1702144,6649,25.77,0.5154,2557.3,0.700709,0.208969,1.010816,0.649364
1702400,6650,25.77,0.5154,2557.3,0.314773,0.331467,1.010574,0.43902
1702656,6651,25.77,0.5154,2557.3,0.570969,0.261968,1.014881,0.649921
1702912,6652,25.77,0.5154,2557.3,-0.33085,0.176667,1.014847,0.323953
1703168,6653,25.77,0.5154,2557.3,-0.484131,0.156737,1.008276,0.398706
1703424,6654,25.77,0.5154,2557.3,0.484515,0.098742,1.006907,0.333282
1703680,6655,25.77,0.5154,2557.3,-0.293731,0.074739,1.004235,0.178233
1703936,6656,25.77,0.5154,2557.3,-0.082407,0.069565,1.000187,0.059341
1704192,6657,25.77,0.5154,2557.3,1.005393,0.278616,0.997528,0.958825
1704448,6658,25.76,0.5152,2561.0,-0.308008,0.140984,1.001433,0.270391
1704704,6659,25.76,0.5152,2561.0,1.204692,0.123641,1.006178,0.663166
1704960,6660,25.76,0.5152,2561.0,0.371233,0.170267,0.99651,0.365815
1705216,6661,25.76,0.5152,2561.0,0.039808,0.076537,1.006747,0.076129
1705472,6662,25.76,0.5152,2561.0,-2.220124,0.370935,1.004439,1.532208
1705728,6663,25.76,0.5152,2561.0,-2.983665,0.441838,1.000371,1.535403
1705984,6664,25.76,0.5152,2561.0,-0.362115,0.121694,1.005562,0.312344
1706240,6665,25.76,0.5152,2561.0,0.20565,0.091985,1.001227,0.170936
1706496,6666,25.76,0.5152,2561.0,-2.916337,0.358459,0.993917,1.469674
1706752,6667,25.76,0.5152,2561.0,-0.411792,0.171873,1.001002,0.39898
1707008,6668,25.76,0.5152,2561.0,0.33252,0.150405,0.998313,0.323381
1707264,6669,25.76,0.5152,2561.0,-1.275384,0.14389,0.999333,0.754831
1707520,6670,25.65,0.513,2565.3,0.671848,0.356327,1.001624,0.860622
1707776,6671,25.65,0.513,2565.3,-0.520174,0.180863,0.995836,0.512749
1708032,6672,25.65,0.513,2565.3,0.669904,0.282179,0.997556,0.720194
1708288,6673,25.65,0.513,2565.3,-0.421547,0.17184,0.995042,0.387761
1708544,6674,25.65,0.513,2565.3,0.226392,0.057589,0.992712,0.131559
1708800,6675,25.65,0.513,2565.3,0.199222,0.216505,0.995074,0.228568
1709056,6676,25.65,0.513,2565.3,0.122919,0.06586,0.992254,0.080915
1709312,6677,25.65,0.513,2565.3,0.584958,0.09018,0.988223,0.387476
1709568,6678,25.65,0.513,2565.3,-1.179691,0.138428,0.993841,0.703553
1709824,6679,25.65,0.513,2565.3,0.482532,0.171518,0.987516,0.517155
1710080,6680,25.65,0.513,2569.6,0.340039,0.169511,0.994103,0.363502
1710336,6681,25.65,0.513,2569.6,0.686563,0.189819,0.990796,0.609445
1710592,6682,25.65,0.513,2569.6,-1.947526,0.34876,0.97811,1.299739
1710848,6683,25.65,0.513,2569.6,-1.406332,0.197746,0.988209,0.873846
1711104,6684,25.65,0.513,2569.6,1.202395,0.856117,0.981075,1.846912
1711360,6685,25.65,0.513,2569.6,-0.050796,0.29851,0.978582,0.086072
1711616,6686,25.65,0.513,2569.6,-0.540314,0.26053,0.978156,0.586052
1711872,6687,25.65,0.513,2569.6,0.671558,0.313007,0.970642,0.823627
1712128,6688,25.65,0.513,2569.6,2.150977,0.460922,0.973716,1.574231
1712384,6689,25.65,0.513,2569.6,-0.140857,0.265092,0.971889,0.186101
1712640,6690,25.63,0.5126,2572.7,0.219691,0.230038,0.975521,0.261907
1712896,6691,25.63,0.5126,2572.7,0.019841,0.06686,0.975327,0.060587
1713152,6692,25.63,0.5126,2572.7,0.967538,0.233853,0.965825,0.885718
1713408,6693,25.63,0.5126,2572.7,0.808228,0.10034,0.97146,0.512065
1713664,6694,25.63,0.5126,2572.7,0.428442,0.251913,0.962002,0.54698
1713920,6695,25.63,0.5126,2572.7,0.823649,0.321153,0.978448,0.939179
1714176,6696,25.63,0.5126,2572.7,1.029727,0.276912,0.96407,1.045396
1714432,6697,25.63,0.5126,2572.7,-0.051955,0.079642,0.962983,0.108657
1714688,6698,25.63,0.5126,2572.7,-0.677479,0.20729,0.962686,0.669775
1714944,6699,25.54,0.5108,2574.7,-1.147038,0.782113,0.957094,1.833719
1715200,6700,25.54,0.5108,2574.7,0.08825,0.081531,0.947838,0.082433
1715456,6701,25.54,0.5108,2574.7,-1.193087,0.20634,0.960908,0.957293
1715712,6702,25.54,0.5108,2574.7,-0.104519,0.113174,0.944492,0.13197
1715968,6703,25.54,0.5108,2574.7,0.95608,0.128943,0.955974,0.652236
1716224,6704,25.54,0.5108,2574.7,-0.709619,0.090729,0.958792,0.479023
1716480,6705,25.54,0.5108,2574.7,0.587234,0.173252,0.943034,0.587361
1716736,6706,25.54,0.5108,2574.7,1.763441,0.720233,0.944975,2.050426
1716992,6707,25.54,0.5108,2574.7,-1.053763,0.157579,0.950789,0.82306
1717248,6708,25.54,0.5108,2574.7,0.497833,0.173014,0.942619,0.540366
1717504,6709,25.58,0.5116,2573.7,1.222899,0.617848,0.951031,1.687489
1717760,6710,25.58,0.5116,2573.7,-0.268149,0.101261,0.933955,0.246937
1718016,6711,25.58,0.5116,2573.7,0.33959,0.151787,0.925428,0.427572
1718272,6712,25.58,0.5116,2573.7,-0.658111,0.145582,0.937774,0.658434
1718528,6713,25.58,0.5116,2573.7,0.159837,0.117843,0.946435,0.150014
1718784,6714,25.58,0.5116,2573.7,1.602236,0.551121,0.948428,1.65695
1719040,6715,25.58,0.5116,2573.7,-1.690593,0.243484,0.924795,1.225342
1719296,6716,25.58,0.5116,2573.7,0.147793,0.098177,0.931672,0.138573
1719552,6717,25.58,0.5116,2573.7,0.245441,0.28183,0.923755,0.431712
1719808,6718,25.65,0.513,2571.5,0.159636,0.10901,0.930593,0.144424
1720064,6719,25.65,0.513,2571.5,0.679573,0.508073,0.938104,1.152088
1720320,6720,25.65,0.513,2571.5,-2.111427,0.539698,0.931498,1.977497
1720576,6721,25.65,0.513,2571.5,0.446748,0.395523,0.938651,0.79952
1720832,6722,25.65,0.513,2571.5,-1.858682,0.287035,0.935268,1.36069
1721088,6723,25.65,0.513,2571.5,1.402152,1.19731,0.947138,2.594607
1721344,6724,25.65,0.513,2571.5,-0.498336,0.326045,0.934349,0.773772
1721600,6725,25.65,0.513,2571.5,-1.574232,0.286807,0.93592,1.418807
1721856,6726,25.63,0.5126,2572.5,0.406261,0.210315,0.937792,0.574305
1722112,6727,25.63,0.5126,2572.5,-0.007189,0.126162,0.930266,0.056842
1722368,6728,25.63,0.5126,2572.5,3.137679,1.021437,0.93215,2.944916
1722624,6729,25.63,0.5126,2572.5,1.098274,0.534667,0.930741,1.659252
1722880,6730,25.63,0.5126,2572.5,0.786652,0.155767,0.908048,0.880886
1723136,6731,25.63,0.5126,2572.5,0.896685,0.323847,0.930044,1.117385
1723392,6732,25.63,0.5126,2572.5,0.559296,0.585204,0.915255,1.138789
1723648,6733,25.63,0.5126,2572.5,-0.511447,0.178,0.924617,0.615712
1723904,6734,25.67,0.5134,2569.8,1.324951,0.518911,0.906302,1.923792
1724160,6735,25.67,0.5134,2569.8,0.01763,0.191474,0.906747,0.05988
1724416,6736,25.67,0.5134,2569.8,-0.246208,0.175581,0.902993,0.36525
1724672,6737,25.67,0.5134,2569.8,0.99146,0.230422,0.898658,1.130551
1724928,6738,25.67,0.5134,2569.8,-1.66621,0.564264,0.891583,2.079074
1725184,6739,25.67,0.5134,2569.8,0.288354,0.1984,0.899328,0.363038
1725440,6740,25.67,0.5134,2569.8,-0.198534,0.129994,0.896532,0.298424
1725696,6741,25.67,0.5134,2569.8,-1.85626,0.245888,0.890091,1.476035
1725952,6742,25.65,0.513,2567.2,-0.399683,0.496444,0.886759,1.121793
1726208,6743,25.65,0.513,2567.2,0.041896,0.437944,0.89292,0.21223
1726464,6744,25.65,0.513,2567.2,0.027735,0.256801,0.897299,0.241967
1726720,6745,25.65,0.513,2567.2,-1.308825,0.410798,0.893282,1.561071
1726976,6746,25.65,0.513,2567.2,-0.645071,0.226748,0.925155,0.806852
1727232,6747,25.65,0.513,2567.2,0.187645,0.236567,0.904115,0.29646
1727488,6748,25.65,0.513,2567.2,-0.461826,0.151551,0.919641,0.553213
1727744,6749,25.65,0.513,2567.2,-0.491169,0.42127,0.919655,0.983145
1728000,6750,25.65,0.513,2567.2,0.177363,0.138906,0.906079,0.200719
1728256,6751,25.56,0.5112,2565.3,-1.134528,0.290905,0.910498,1.339976
1728512,6752,25.56,0.5112,2565.3,0.282055,0.157912,0.913116,0.320172
1728768,6753,25.56,0.5112,2565.3,1.326972,0.29031,0.917337,1.253188
1729024,6754,25.56,0.5112,2565.3,1.373221,0.185777,0.910111,1.169938
1729280,6755,25.56,0.5112,2565.3,0.658591,0.291285,0.916508,0.992648
1729536,6756,25.56,0.5112,2565.3,-0.397216,0.091271,0.905976,0.388909
1729792,6757,25.56,0.5112,2565.3,0.850433,0.350791,0.915296,1.284418
1730048,6758,25.56,0.5112,2565.3,-1.293417,0.254807,0.910029,1.262845
1730304,6759,25.59,0.5118,2560.1,-0.201238,0.157575,0.912807,0.327182
1730560,6760,25.59,0.5118,2560.1,0.414899,0.296349,0.912577,0.651258
1730816,6761,25.59,0.5118,2560.1,1.562532,0.956066,0.924142,2.506271
1731072,6762,25.59,0.5118,2560.1,0.7576,0.131811,0.907461,0.712131
1731328,6763,25.59,0.5118,2560.1,1.091209,0.37513,0.92609,1.376357
1731584,6764,25.59,0.5118,2560.1,0.058566,0.286857,0.926685,0.130438
1731840,6765,25.59,0.5118,2560.1,0.503147,0.187677,0.920662,0.624925
1732096,6766,25.65,0.513,2553.3,0.636857,0.398294,0.904069,1.111243
1732352,6767,25.65,0.513,2553.3,0.158163,0.210577,0.929814,0.245662
1732608,6768,25.65,0.513,2553.3,0.765111,0.322284,0.896696,1.202625
1732864,6769,25.65,0.513,2553.3,-0.102615,0.29469,0.908936,0.2282
1733120,6770,25.65,0.513,2553.3,1.152278,0.273302,0.910983,1.239865
1733376,6771,25.65,0.513,2553.3,-0.095109,0.108303,0.922012,0.128092
1733632,6772,25.65,0.513,2553.3,-0.439519,0.282697,0.903499,0.829139
1733888,6773,25.65,0.513,2553.3,-0.816252,0.356109,0.900764,1.330911
1734144,6774,25.65,0.513,2553.3,0.223768,0.1535,0.90483,0.278794
1734400,6775,25.66,0.5132,2549.8,-0.633964,0.599993,0.907442,1.498703
1734656,6776,25.66,0.5132,2549.8,-0.912957,0.437291,0.924112,1.427453
1734912,6777,25.66,0.5132,2549.8,0.631608,0.426221,0.908136,1.210562
1735168,6778,25.66,0.5132,2549.8,-1.560221,0.396376,0.905091,1.734836
1735424,6779,25.66,0.5132,2549.8,0.144093,0.22648,0.914071,0.234659
1735680,6780,25.66,0.5132,2549.8,1.796339,0.629437,0.911662,2.309944
1735936,6781,25.66,0.5132,2549.8,-0.452327,0.214843,0.911113,0.695516
1736192,6782,25.62,0.5124,2542.3,-1.544286,0.547086,0.920695,1.926422
1736448,6783,25.62,0.5124,2542.3,-0.92986,0.259412,0.919424,1.173298
1736704,6784,25.62,0.5124,2542.3,0.838372,0.207517,0.91858,0.945257
1736960,6785,25.62,0.5124,2542.3,-0.467291,0.186859,0.913194,0.643386
1737216,6786,25.62,0.5124,2542.3,0.399136,0.11322,0.93118,0.392595
1737472,6787,25.62,0.5124,2542.3,0.510779,0.300404,0.911384,0.893285
1737728,6788,25.62,0.5124,2542.3,-0.095828,0.285397,0.918536,0.237718
1737984,6789,25.62,0.5124,2542.3,1.126966,0.231413,0.913337,1.194671
1738240,6790,25.7,0.514,2535.5,-0.438194,0.300484,0.905491,0.806034
1738496,6791,25.7,0.514,2535.5,1.087764,0.318017,0.918685,1.331951
1738752,6792,25.7,0.514,2535.5,0.740155,0.496734,0.920917,1.580302
1739008,6793,25.7,0.514,2535.5,-0.153471,0.140407,0.935354,0.211806
1739264,6794,25.7,0.514,2535.5,0.809529,0.14271,0.933848,0.779314
1739520,6795,25.7,0.514,2535.5,0.355079,0.188117,0.918276,0.50434
1739776,6796,25.7,0.514,2535.5,1.07277,0.489031,0.911975,1.667953
1740032,6797,25.7,0.514,2535.5,1.124911,0.200601,0.919442,1.12511
1740288,6798,25.77,0.5154,2532.7,-0.471903,0.383285,0.905737,0.890137
1740544,6799,25.77,0.5154,2532.7,0.033802,0.264414,0.912633,0.167935
1740800,6800,25.77,0.5154,2532.7,-0.75792,0.403394,0.916769,1.331941
1741056,6801,25.77,0.5154,2532.7,-0.964792,0.470049,0.904743,1.68565
1741312,6802,25.77,0.5154,2532.7,-0.353969,0.104266,0.93378,0.360251
1741568,6803,25.77,0.5154,2532.7,0.214309,0.189935,0.906369,0.369311
1741824,6804,25.77,0.5154,2532.7,-0.802978,0.382951,0.912812,1.462359
1742080,6805,25.77,0.5154,2532.7,-1.883939,0.73222,0.913821,2.480422
1742336,6806,25.67,0.5134,2526.8,0.365524,0.229058,0.909077,0.594103
1742592,6807,25.67,0.5134,2526.8,-0.178098,0.209518,0.924803,0.298166
1742848,6808,25.67,0.5134,2526.8,0.956039,0.357659,0.910411,1.394801
1743104,6809,25.67,0.5134,2526.8,-1.896637,0.376151,0.906982,1.765314
1743360,6810,25.67,0.5134,2526.8,-1.17529,0.276607,0.905972,1.379854
1743616,6811,25.67,0.5134,2526.8,-2.548833,0.897133,0.898681,2.862476
1743872,6812,25.67,0.5134,2526.8,-1.00289,0.3298,0.921528,1.355262
1744128,6813,25.67,0.5134,2526.8,0.06922,0.172784,0.909924,0.094925
1744384,6814,25.67,0.5134,2526.8,-1.130554,0.445081,0.916134,1.552707
1744640,6815,25.62,0.5124,2526.8,-0.385289,0.162491,0.922247,0.46432
1744896,6816,25.62,0.5124,2526.8,0.315954,0.351296,0.901219,0.704431
1745152,6817,25.62,0.5124,2526.8,-1.848197,0.458135,0.918237,1.848559
1745408,6818,25.62,0.5124,2526.8,-0.723221,0.219608,0.913187,0.985411
1745664,6819,25.62,0.5124,2526.8,-1.162158,0.15919,0.918177,0.978452
1745920,6820,25.62,0.5124,2526.8,-1.225651,0.362551,0.906959,1.480923
1746176,6821,25.62,0.5124,2526.8,-0.743743,0.205562,0.90475,0.942198
1746432,6822,25.62,0.5124,2526.8,-1.574056,0.404838,0.927839,1.637787
1746688,6823,25.62,0.5124,2526.8,0.847905,0.221484,0.921605,0.997428
1746944,6824,25.52,0.5104,2523.3,-0.41327,0.438843,0.920739,0.818406
1747200,6825,25.52,0.5104,2523.3,0.07338,0.136073,0.931997,0.098959
1747456,6826,25.52,0.5104,2523.3,-0.437294,0.149936,0.914887,0.470784
1747712,6827,25.52,0.5104,2523.3,-1.638449,0.496555,0.930192,1.862526
1747968,6828,25.52,0.5104,2523.3,-0.506133,0.074739,0.934439,0.366845
1748224,6829,25.52,0.5104,2523.3,0.591865,0.423412,0.938109,0.935833
1748480,6830,25.52,0.5104,2523.3,1.26147,0.383697,0.908244,1.634034
1748736,6831,25.52,0.5104,2523.3,-0.283337,0.109857,0.929066,0.321351
1748992,6832,25.49,0.5098,2518.9,-0.087239,0.213299,0.928531,0.153832
1749248,6833,25.49,0.5098,2518.9,0.760623,0.128233,0.932849,0.679827
1749504,6834,25.49,0.5098,2518.9,-0.001621,0.12588,0.952876,0.123978
1749760,6835,25.49,0.5098,2518.9,-0.512597,0.120869,0.945719,0.445266
1750016,6836,25.49,0.5098,2518.9,-0.700486,0.076904,0.967376,0.43903
1750272,6837,25.49,0.5098,2518.9,-0.8918,0.189921,0.940008,0.794118
1750528,6838,25.49,0.5098,2518.9,0.876179,0.465796,0.942564,1.248193
1750784,6839,25.49,0.5098,2518.9,-0.192926,0.098391,0.945354,0.197393
1751040,6840,25.49,0.5098,2518.9,-0.912914,0.168792,0.942516,0.770227
1751296,6841,25.49,0.5098,2518.9,-1.305332,0.152447,0.944765,0.827215
1751552,6842,25.48,0.5096,2520.2,0.295084,0.057326,0.946301,0.208707
1751808,6843,25.48,0.5096,2520.2,1.019891,0.261271,0.932838,1.114539
1752064,6844,25.48,0.5096,2520.2,-0.839176,0.214353,0.934713,0.779746
1752320,6845,25.48,0.5096,2520.2,0.602288,0.303354,0.937606,0.836102
1752576,6846,25.48,0.5096,2520.2,1.094371,0.371866,0.935776,1.186094
1752832,6847,25.48,0.5096,2520.2,0.724412,0.319285,0.934083,0.953288
1753088,6848,25.48,0.5096,2520.2,-0.612798,0.245665,0.92187,0.709532
1753344,6849,25.48,0.5096,2520.2,0.495138,0.243687,0.929947,0.633452
1753600,6850,25.48,0.5096,2520.2,0.755695,0.123105,0.924641,0.589397
1753856,6851,25.51,0.5102,2520.8,-0.182682,0.11255,0.942047,0.167918
1754112,6852,25.51,0.5102,2520.8,-0.069432,0.153134,0.923805,0.155906
1754368,6853,25.51,0.5102,2520.8,-1.687635,0.376778,0.923308,1.472111
1754624,6854,25.51,0.5102,2520.8,0.575128,0.274857,0.928642,0.816846
1754880,6855,25.51,0.5102,2520.8,0.31348,0.505445,0.929524,0.643587
1755136,6856,25.51,0.5102,2520.8,0.070816,0.106066,0.919264,0.083396
1755392,6857,25.51,0.5102,2520.8,1.327229,0.630275,0.914034,1.773881
1755648,6858,25.51,0.5102,2520.8,0.784409,0.17331,0.92504,0.766136
1755904,6859,25.51,0.5102,2520.8,-0.365095,0.086262,0.910169,0.310805
1756160,6860,25.53,0.5106,2517.2,0.560802,0.339106,0.925355,0.745249
1756416,6861,25.53,0.5106,2517.2,0.204644,0.074049,0.93406,0.177021
1756672,6862,25.53,0.5106,2517.2,0.238091,0.159505,0.910338,0.298288
1756928,6863,25.53,0.5106,2517.2,1.386163,0.561902,0.902728,1.9449
1757184,6864,25.53,0.5106,2517.2,-0.086295,0.126165,0.902649,0.131736
1757440,6865,25.53,0.5106,2517.2,0.925912,0.265549,0.911418,1.121597
1757696,6866,25.53,0.5106,2517.2,-0.783574,0.145802,0.894436,0.777344
1757952,6867,25.53,0.5106,2517.2,0.022213,0.422671,0.908962,0.130296
1758208,6868,25.45,0.509,2514.3,0.651257,0.187477,0.931735,0.624385
1758464,6869,25.45,0.509,2514.3,0.928203,0.387813,0.912948,1.20743
1758720,6870,25.45,0.509,2514.3,-1.147711,0.177021,0.921066,1.004485
1758976,6871,25.45,0.509,2514.3,-0.029718,0.188784,0.916953,0.194905
1759232,6872,25.45,0.509,2514.3,1.48526,0.473626,0.917788,1.654941
1759488,6873,25.45,0.509,2514.3,0.607249,0.300932,0.912574,0.869775
1759744,6874,25.45,0.509,2514.3,-1.451676,0.292884,0.897664,1.530242
1760000,6875,25.45,0.509,2514.3,-0.393596,0.180558,0.903356,0.556358
1760256,6876,25.46,0.5092,2511.8,0.843592,0.301991,0.908455,1.066869
1760512,6877,25.46,0.5092,2511.8,-0.162866,0.185905,0.908769,0.295904
1760768,6878,25.46,0.5092,2511.8,-1.970658,0.556854,0.917118,1.999461
1761024,6879,25.46,0.5092,2511.8,1.831268,0.642857,0.912593,2.218215
1761280,6880,25.46,0.5092,2511.8,0.963311,0.759875,0.900487,2.017928
1761536,6881,25.46,0.5092,2511.8,0.065916,0.187019,0.914568,0.130513
1761792,6882,25.46,0.5092,2511.8,-0.207569,0.07192,0.926567,0.186787
1762048,6883,25.46,0.5092,2511.8,-0.992837,0.237137,0.921774,1.030145
1762304,6884,25.45,0.509,2507.8,0.005455,0.228518,0.917275,0.069589
1762560,6885,25.45,0.509,2507.8,0.636777,0.252185,0.924052,0.814315
1762816,6886,25.45,0.509,2507.8,-0.261239,0.094124,0.923316,0.272166
1763072,6887,25.45,0.509,2507.8,0.439476,0.195578,0.90596,0.636417
1763328,6888,25.45,0.509,2507.8,1.187114,0.573794,0.894991,1.810631
1763584,6889,25.45,0.509,2507.8,-0.732792,0.370713,0.909958,1.21518
1763840,6890,25.45,0.509,2507.8,-0.24094,0.106383,0.901979,0.338418
1764096,6891,25.45,0.509,2507.8,0.204804,0.134062,0.908727,0.234974
1764352,6892,25.41,0.5082,2509.2,-0.562081,0.300442,0.9078,0.884949
1764608,6893,25.41,0.5082,2509.2,0.516773,0.323585,0.914121,0.807774
1764864,6894,25.41,0.5082,2509.2,-0.809241,0.24237,0.917639,0.981844
1765120,6895,25.41,0.5082,2509.2,0.521043,0.148657,0.902721,0.596154
1765376,6896,25.41,0.5082,2509.2,0.483099,0.25328,0.913952,0.728184
1765632,6897,25.41,0.5082,2509.2,-0.11383,0.210497,0.920688,0.220325
1765888,6898,25.41,0.5082,2509.2,1.006267,0.37287,0.91612,1.348716
1766144,6899,25.41,0.5082,2509.2,-0.227225,0.167665,0.919116,0.298952
1766400,6900,25.38,0.5076,2508.3,0.548641,1.394395,0.913638,1.920032
1766656,6901,25.38,0.5076,2508.3,0.479294,0.354502,0.918421,0.823623
1766912,6902,25.38,0.5076,2508.3,-1.160866,0.317858,0.930618,1.239354
1767168,6903,25.38,0.5076,2508.3,0.823817,0.189137,0.9287,0.85823
1767424,6904,25.38,0.5076,2508.3,-0.120193,0.184242,0.931455,0.191875
1767680,6905,25.38,0.5076,2508.3,0.046424,0.220347,0.903668,0.093124
1767936,6906,25.38,0.5076,2508.3,0.665335,0.578177,0.89333,1.529368
1768192,6907,25.38,0.5076,2508.3,0.039769,0.485836,0.909434,0.153452
1768448,6908,25.44,0.5088,2508.4,-1.444869,0.599464,0.914687,2.054512
1768704,6909,25.44,0.5088,2508.4,-1.281609,0.218864,0.894054,1.196427
1768960,6910,25.44,0.5088,2508.4,-0.312906,0.119443,0.908754,0.369927
1769216,6911,25.44,0.5088,2508.4,-0.456426,0.083514,0.911605,0.43497
1769472,6912,25.44,0.5088,2508.4,-1.38495,0.377136,0.906048,1.533817
1769728,6913,25.44,0.5088,2508.4,0.339342,0.309655,0.91012,0.625602
1769984,6914,25.44,0.5088,2508.4,0.578289,0.490864,0.915367,1.127373
1770240,6915,25.44,0.5088,2508.4,-0.838997,0.424172,0.906552,1.384439
1770496,6916,25.44,0.5088,2508.4,-0.955254,0.35798,0.90089,1.284954
1770752,6917,25.4,0.508,2508.5,0.30481,0.766446,0.907659,0.803923
1771008,6918,25.4,0.508,2508.5,0.929178,0.367227,0.881211,1.530636
1771264,6919,25.4,0.508,2508.5,-1.685364,0.336465,0.898027,1.67294
1771520,6920,25.4,0.508,2508.5,0.552361,0.410534,0.907197,1.013814
1771776,6921,25.4,0.508,2508.5,-0.562328,0.299544,0.894052,0.965339
1772032,6922,25.4,0.508,2508.5,-0.19972,0.075275,0.896049,0.205601
1772288,6923,25.4,0.508,2508.5,-1.677602,0.520259,0.909481,1.965204
1772544,6924,25.4,0.508,2508.5,-1.257316,0.173813,0.935574,0.935546
1772800,6925,25.37,0.5074,2507.1,0.764457,0.186872,0.904515,0.818504
1773056,6926,25.37,0.5074,2507.1,-1.091632,0.284195,0.915896,1.232622
1773312,6927,25.37,0.5074,2507.1,0.074071,0.07377,0.895309,0.093481
1773568,6928,25.37,0.5074,2507.1,-2.100987,0.618382,0.905583,2.300015
1773824,6929,25.37,0.5074,2507.1,0.300945,0.218339,0.905378,0.443676
1774080,6930,25.37,0.5074,2507.1,-1.048095,0.138524,0.912233,0.849341
1774336,6931,25.37,0.5074,2507.1,-0.732106,0.248953,0.911976,0.978092
1774592,6932,25.37,0.5074,2507.1,0.549199,0.208002,0.921669,0.758011
1774848,6933,25.3,0.506,2508.3,-0.501782,0.418986,0.903397,0.925728
1775104,6934,25.3,0.506,2508.3,1.14126,0.300316,0.907533,1.28448
1775360,6935,25.3,0.506,2508.3,1.314049,1.068836,0.910043,2.609699
1775616,6936,25.3,0.506,2508.3,1.180501,0.571893,0.921056,1.783401
1775872,6937,25.3,0.506,2508.3,0.090333,0.199496,0.91689,0.167828
1776128,6938,25.3,0.506,2508.3,0.773111,0.225989,0.932348,0.822548
1776384,6939,25.3,0.506,2508.3,-1.066267,0.223341,0.922309,1.064202
1776640,6940,25.3,0.506,2508.3,0.449962,0.519553,0.914891,0.941768
1776896,6941,25.41,0.5082,2506.4,-0.611979,0.60688,0.904827,1.315329
1777152,6942,25.41,0.5082,2506.4,-1.626144,0.271585,0.911844,1.368889
1777408,6943,25.41,0.5082,2506.4,-1.055793,0.440559,0.91481,1.527592
1777664,6944,25.41,0.5082,2506.4,-0.667736,0.235318,0.927833,0.82229
1777920,6945,25.41,0.5082,2506.4,-0.932052,0.15662,0.928734,0.874314
1778176,6946,25.41,0.5082,2506.4,-0.360643,0.109629,0.923356,0.345929
1778432,6947,25.41,0.5082,2506.4,0.291556,0.097158,0.926368,0.2644
1778688,6948,25.41,0.5082,2506.4,-0.756002,0.321067,0.920883,1.095906
1778944,6949,25.4,0.508,2504.8,0.134438,0.167889,0.952384,0.156543
1779200,6950,25.4,0.508,2504.8,1.632641,0.396931,0.934814,1.51973
1779456,6951,25.4,0.508,2504.8,0.31072,0.137959,0.929311,0.349058
1779712,6952,25.4,0.508,2504.8,-0.245134,0.152127,0.937359,0.267748
1779968,6953,25.4,0.508,2504.8,-0.086953,0.177978,0.952316,0.129748
1780224,6954,25.4,0.508,2504.8,-1.046666,0.178338,0.936188,0.880431
1780480,6955,25.4,0.508,2504.8,0.953959,0.160064,0.943826,0.804057
1780736,6956,25.4,0.508,2504.8,-0.435049,0.129558,0.929629,0.42826
1780992,6957,25.4,0.508,2504.8,0.534387,0.434046,0.939731,0.95588
1781248,6958,25.34,0.5068,2504.8,-0.365501,0.651232,0.93934,0.818049
1781504,6959,25.34,0.5068,2504.8,-0.192774,0.187118,0.937237,0.294628
1781760,6960,25.34,0.5068,2504.8,0.683107,0.216888,0.929092,0.778107
1782016,6961,25.34,0.5068,2504.8,-0.043449,0.099986,0.936424,0.068114
1782272,6962,25.34,0.5068,2504.8,-0.545467,0.197204,0.94748,0.646974
1782528,6963,25.34,0.5068,2504.8,-1.575859,0.232972,0.945227,1.193152
1782784,6964,25.34,0.5068,2504.8,1.391493,0.51603,0.947866,1.596823
1783040,6965,25.34,0.5068,2504.8,1.734918,0.362425,0.942134,1.502625
1783296,6966,25.34,0.5068,2504.8,0.685205,0.491265,0.947291,1.135307
1783552,6967,25.31,0.5062,2501.6,-0.299493,0.273152,0.951927,0.411294
1783808,6968,25.31,0.5062,2501.6,-0.143684,0.122619,0.948236,0.200759
1784064,6969,25.31,0.5062,2501.6,-0.842072,0.171441,0.950527,0.784055
1784320,6970,25.31,0.5062,2501.6,-1.859724,0.426436,0.955908,1.572887
1784576,6971,25.31,0.5062,2501.6,-0.629309,0.221925,0.936915,0.774575
1784832,6972,25.31,0.5062,2501.6,0.245969,0.350447,0.955238,0.44361
1785088,6973,25.31,0.5062,2501.6,0.152277,0.119447,0.949172,0.146469
1785344,6974,25.31,0.5062,2501.6,0.28102,0.28587,0.958261,0.465558
1785600,6975,25.31,0.5062,2501.6,-0.309871,0.15171,0.945966,0.359006
1785856,6976,25.31,0.5062,2501.6,-1.868572,0.293052,0.959773,1.298074
1786112,6977,25.2,0.504,2499.0,0.200556,0.353487,0.95893,0.333572
1786368,6978,25.2,0.504,2499.0,-0.213715,0.099177,0.961772,0.195375
1786624,6979,25.2,0.504,2499.0,-0.10502,0.129654,0.961666,0.122615
1786880,6980,25.2,0.504,2499.0,-1.39243,0.225603,0.966308,1.109083
1787136,6981,25.2,0.504,2499.0,0.057921,0.160111,0.955561,0.083362
1787392,6982,25.2,0.504,2499.0,-0.673342,0.346411,0.959356,0.933765
1787648,6983,25.2,0.504,2499.0,2.528353,1.17593,0.968617,2.731799
1787904,6984,25.2,0.504,2499.0,0.934984,0.299678,0.963398,1.046027
1788160,6985,25.2,0.504,2499.0,1.99955,0.986949,0.962371,2.392391
1788416,6986,25.14,0.5028,2496.6,-0.507254,0.410916,0.964175,0.804689
1788672,6987,25.14,0.5028,2496.6,2.359684,0.463606,0.975486,1.60458
1788928,6988,25.14,0.5028,2496.6,0.022082,0.065386,0.960591,0.035395
1789184,6989,25.14,0.5028,2496.6,0.779881,0.230471,0.962443,0.805845
1789440,6990,25.14,0.5028,2496.6,0.490193,0.121592,0.975156,0.47414
1789696,6991,25.14,0.5028,2496.6,0.564163,0.181133,0.974818,0.550942
1789952,6992,25.14,0.5028,2496.6,-0.66102,0.2517,0.976675,0.780729
1790208,6993,25.14,0.5028,2496.6,1.256578,0.30615,0.976189,1.148025
1790464,6994,25.14,0.5028,2496.6,1.439479,0.380218,0.972304,1.336968
1790720,6995,25.14,0.5028,2496.6,1.480722,0.746092,0.973266,1.981074
1790976,6996,25.27,0.5054,2499.0,-0.223061,0.249626,0.969183,0.312529
1791232,6997,25.27,0.5054,2499.0,-2.385083,0.380542,0.976211,1.542
1791488,6998,25.27,0.5054,2499.0,0.033124,0.211505,0.974829,0.138938
1791744,6999,25.27,0.5054,2499.0,0.007865,0.105965,0.973635,0.072526
1792000,7000,25.27,0.5054,2499.0,0.138082,0.238916,0.975632,0.18794
1792256,7001,25.27,0.5054,2499.0,0.583084,0.095552,0.968905,0.450804
1792512,7002,25.27,0.5054,2499.0,-0.054924,0.085122,0.974687,0.110575
1792768,7003,25.27,0.5054,2499.0,0.456387,0.180122,0.970397,0.460198
1793024,7004,25.27,0.5054,2499.0,1.475826,0.988813,0.974021,2.223303
1793280,7005,25.27,0.5054,2499.0,-1.737234,0.116374,0.983391,0.828613
1793536,7006,25.25,0.505,2500.1,-0.673307,0.520708,0.966788,1.155497
1793792,7007,25.25,0.505,2500.1,0.954844,0.173615,0.965994,0.808102
1794048,7008,25.25,0.505,2500.1,1.37413,0.290088,0.962736,1.26354
1794304,7009,25.25,0.505,2500.1,0.052669,0.088072,0.972907,0.058743
1794560,7010,25.25,0.505,2500.1,0.196028,0.081746,0.96659,0.154137
1794816,7011,25.25,0.505,2500.1,1.51047,0.483002,0.967551,1.675402
1795072,7012,25.25,0.505,2500.1,-1.306623,0.252824,0.956789,1.18408
1795328,7013,25.25,0.505,2500.1,-0.099573,0.07331,0.961399,0.111759
1795584,7014,25.25,0.505,2500.1,1.326384,0.850577,0.95649,2.169982
1795840,7015,25.3,0.506,2497.2,-1.074089,0.713583,0.964407,1.814965
1796096,7016,25.3,0.506,2497.2,-2.275646,0.521393,0.969771,1.84209
1796352,7017,25.3,0.506,2497.2,-0.118411,0.205412,0.970402,0.162336
1796608,7018,25.3,0.506,2497.2,-0.691456,0.449872,0.960504,1.131312
1796864,7019,25.3,0.506,2497.2,-1.514181,0.252828,0.961587,1.209436
1797120,7020,25.3,0.506,2497.2,0.747977,0.266772,0.953319,0.983362
1797376,7021,25.3,0.506,2497.2,-0.050073,0.176419,0.959229,0.078086
1797632,7022,25.3,0.506,2497.2,-0.003654,0.14958,0.93474,0.038958
1797888,7023,25.3,0.506,2497.2,-0.188514,0.174013,0.957868,0.2386
1798144,7024,25.3,0.506,2497.2,0.066576,0.093091,0.95727,0.078326
1798400,7025,25.24,0.5048,2492.6,-0.18963,0.102914,0.960268,0.227322
1798656,7026,25.24,0.5048,2492.6,1.798772,0.271791,0.960214,1.394651
1798912,7027,25.24,0.5048,2492.6,-0.633859,0.080938,0.958882,0.457436
1799168,7028,25.24,0.5048,2492.6,-0.331782,0.224171,0.953669,0.4567
1799424,7029,25.24,0.5048,2492.6,0.131065,0.079404,0.955068,0.154746
1799680,7030,25.24,0.5048,2492.6,-1.404492,0.162586,0.960111,0.923765
1799936,7031,25.24,0.5048,2492.6,0.189869,0.136094,0.946552,0.228974
1800192,7032,25.24,0.5048,2492.6,-0.312266,0.153897,0.943708,0.350867
1800448,7033,25.26,0.5052,2488.7,-0.383027,0.300568,0.952086,0.569379
1800704,7034,25.26,0.5052,2488.7,-1.356211,0.156539,0.957898,0.867721
1800960,7035,25.26,0.5052,2488.7,-0.069038,0.103273,0.948632,0.100547
1801216,7036,25.26,0.5052,2488.7,0.139393,0.288096,0.948452,0.225865
1801472,7037,25.26,0.5052,2488.7,0.444858,0.247127,0.956774,0.590218
1801728,7038,25.26,0.5052,2488.7,1.584231,0.346564,0.944584,1.435755
1801984,7039,25.26,0.5052,2488.7,-0.730232,0.328604,0.939004,1.03937
1802240,7040,25.26,0.5052,2488.7,0.345059,0.210051,0.937666,0.431765
1802496,7041,25.26,0.5052,2488.7,1.940468,0.58346,0.941779,1.925916
1802752,7042,25.24,0.5048,2483.2,-0.163369,0.091743,0.934113,0.172715
1803008,7043,25.24,0.5048,2483.2,0.326615,0.211385,0.950141,0.428623
1803264,7044,25.24,0.5048,2483.2,0.77217,0.37172,0.949158,1.048295
1803520,7045,25.24,0.5048,2483.2,1.010509,0.449035,0.951557,1.399375
1803776,7046,25.24,0.5048,2483.2,-1.010557,0.258746,0.943743,1.057527
1804032,7047,25.24,0.5048,2483.2,-0.314275,0.077969,0.94477,0.274079
1804288,7048,25.24,0.5048,2483.2,-0.212892,0.221338,0.945777,0.331916
1804544,7049,25.24,0.5048,2483.2,1.52888,0.281219,0.952838,1.242568
1804800,7050,25.24,0.5048,2483.2,-1.389553,0.32191,0.949783,1.278877
1805056,7051,25.27,0.5054,2478.5,0.681671,0.303776,0.942325,0.887438
1805312,7052,25.27,0.5054,2478.5,-1.601712,0.424798,0.933596,1.770359
1805568,7053,25.27,0.5054,2478.5,0.547836,0.231882,0.943305,0.720847
1805824,7054,25.27,0.5054,2478.5,-0.031807,0.275799,0.94899,0.113987
1806080,7055,25.27,0.5054,2478.5,1.63034,0.572716,0.955065,1.844345
1806336,7056,25.27,0.5054,2478.5,0.907902,0.506945,0.952536,1.459135
1806592,7057,25.27,0.5054,2478.5,1.182892,0.433737,0.944724,1.52302
1806848,7058,25.32,0.5064,2470.4,-0.97062,0.377218,0.943103,1.319085
1807104,7059,25.32,0.5064,2470.4,1.420114,0.56722,0.929242,1.825448
1807360,7060,25.32,0.5064,2470.4,0.405915,0.187519,0.946137,0.480836
1807616,7061,25.32,0.5064,2470.4,0.692261,0.219705,0.937492,0.817932
1807872,7062,25.32,0.5064,2470.4,-0.117566,0.181581,0.942784,0.240578
1808128,7063,25.32,0.5064,2470.4,2.259588,1.285574,0.947457,2.966229
1808384,7064,25.32,0.5064,2470.4,-0.61964,0.219131,0.937364,0.768022
1808640,7065,25.32,0.5064,2470.4,-1.860112,0.625039,0.938779,2.034117
1808896,7066,25.34,0.5068,2466.0,-1.769058,0.322798,0.929573,1.605845
1809152,7067,25.34,0.5068,2466.0,0.063769,0.066547,0.947317,0.053567
1809408,7068,25.34,0.5068,2466.0,-0.572325,0.192083,0.93897,0.719337
1809664,7069,25.34,0.5068,2466.0,-0.020242,0.187816,0.946662,0.051137
1809920,7070,25.34,0.5068,2466.0,-0.022359,0.220256,0.954297,0.168278
1810176,7071,25.34,0.5068,2466.0,0.290107,0.08756,0.942963,0.242584
1810432,7072,25.34,0.5068,2466.0,-0.45924,0.136334,0.947222,0.480185
1810688,7073,25.34,0.5068,2466.0,-1.154525,0.241569,0.945264,1.138924
1810944,7074,25.34,0.5068,2466.0,0.498375,0.52752,0.947607,0.977337
1811200,7075,25.29,0.5058,2462.3,0.856471,0.254989,0.953734,0.92607
1811456,7076,25.29,0.5058,2462.3,1.07177,0.439445,0.952276,1.513628
1811712,7077,25.29,0.5058,2462.3,-0.914041,0.330064,0.953906,1.14535
1811968,7078,25.29,0.5058,2462.3,1.488086,0.659698,0.951802,1.966678
1812224,7079,25.29,0.5058,2462.3,0.073063,0.22815,0.95614,0.166317
1812480,7080,25.29,0.5058,2462.3,-0.310277,0.202043,0.966587,0.43254
1812736,7081,25.29,0.5058,2462.3,-0.162316,0.194887,0.950237,0.214979
1812992,7082,25.29,0.5058,2462.3,0.02916,0.270771,0.95021,0.108239
1813248,7083,25.29,0.5058,2462.3,-1.007699,0.163892,0.949781,0.88929
1813504,7084,25.31,0.5062,2456.4,-0.261762,0.283135,0.956462,0.381908
1813760,7085,25.31,0.5062,2456.4,0.875255,0.1655,0.947264,0.835564
1814016,7086,25.31,0.5062,2456.4,0.618543,0.108069,0.955841,0.521087
1814272,7087,25.31,0.5062,2456.4,-1.974839,0.567824,0.946857,2.041588
1814528,7088,25.31,0.5062,2456.4,1.033715,0.28728,0.956605,1.109355
1814784,7089,25.31,0.5062,2456.4,-0.092839,0.245589,0.963217,0.17389
1815040,7090,25.31,0.5062,2456.4,-1.832137,0.259503,0.95882,1.333466
1815296,7091,25.31,0.5062,2456.4,-1.269027,0.333246,0.954601,1.36529
1815552,7092,25.31,0.5062,2456.4,-0.131802,0.158024,0.960388,0.192057
1815808,7093,25.25,0.505,2454.8,-0.77136,0.488451,0.965672,1.319256
1816064,7094,25.25,0.505,2454.8,-1.999387,0.46077,0.96857,1.825066
1816320,7095,25.25,0.505,2454.8,1.127031,0.444972,0.961413,1.4348
1816576,7096,25.25,0.505,2454.8,-0.038462,0.235012,0.959999,0.075208
1816832,7097,25.25,0.505,2454.8,0.905286,0.364725,0.967982,1.211359
1817088,7098,25.25,0.505,2454.8,-2.274731,0.482382,0.974779,1.767754
1817344,7099,25.25,0.505,2454.8,-1.016504,0.211973,0.970301,0.895452
1817600,7100,25.25,0.505,2454.8,0.224783,0.091908,0.967244,0.19066
1817856,7101,25.25,0.505,2454.8,-1.63303,0.219597,0.97111,1.174557
1818112,7102,25.17,0.5034,2448.4,-0.819894,0.577985,0.969391,1.361511
1818368,7103,25.17,0.5034,2448.4,0.76801,0.65758,0.972882,1.445611
1818624,7104,25.17,0.5034,2448.4,1.13465,0.358417,0.973211,1.299363
1818880,7105,25.17,0.5034,2448.4,0.705331,0.463851,0.979263,1.103246
1819136,7106,25.17,0.5034,2448.4,0.719586,0.079386,0.976535,0.458542
1819392,7107,25.17,0.5034,2448.4,0.510763,0.345006,0.971491,0.803862
1819648,7108,25.17,0.5034,2448.4,-0.119903,0.156264,0.968557,0.144015
1819904,7109,25.17,0.5034,2448.4,-0.099077,0.121212,0.97203,0.092258
1820160,7110,25.17,0.5034,2448.4,1.270391,0.360164,0.977175,1.289483
1820416,7111,25.3,0.506,2447.7,0.192333,0.094891,0.98151,0.163005
1820672,7112,25.3,0.506,2447.7,1.176678,1.084822,0.975792,2.315016
1820928,7113,25.3,0.506,2447.7,-0.753981,0.141051,0.969596,0.643115
1821184,7114,25.3,0.506,2447.7,-0.922265,0.185919,0.972244,0.820893
1821440,7115,25.3,0.506,2447.7,-1.965482,0.503618,0.979658,1.741943
1821696,7116,25.3,0.506,2447.7,-1.275358,0.220913,0.978932,1.005129
1821952,7117,25.3,0.506,2447.7,1.237002,0.409495,0.983361,1.398432
1822208,7118,25.3,0.506,2447.7,-0.318627,0.078792,0.972831,0.241488
1822464,7119,25.3,0.506,2447.7,-1.975204,0.468878,0.973036,1.764387
1822720,7120,25.3,0.506,2447.7,0.182739,0.462702,0.974984,0.34093
1822976,7121,25.24,0.5048,2445.4,-0.332943,0.125102,0.973101,0.303026
1823232,7122,25.24,0.5048,2445.4,0.751262,0.249948,0.966127,0.939365
1823488,7123,25.24,0.5048,2445.4,0.707793,0.095765,0.970909,0.52709
1823744,7124,25.24,0.5048,2445.4,-0.662208,0.065363,0.981569,0.38341
1824000,7125,25.24,0.5048,2445.4,1.515205,0.311325,0.968629,1.449599
1824256,7126,25.24,0.5048,2445.4,0.791889,0.301728,0.971448,1.046369
1824512,7127,25.24,0.5048,2445.4,-0.428373,0.174367,0.971417,0.453445
1824768,7128,25.24,0.5048,2445.4,0.632164,0.307364,0.971249,0.853282
1825024,7129,25.24,0.5048,2445.4,1.820183,0.688867,0.966059,2.049853
1825280,7130,25.33,0.5066,2443.4,-2.046178,0.219614,0.963999,1.167611
1825536,7131,25.33,0.5066,2443.4,0.33877,0.222205,0.962189,0.403603
1825792,7132,25.33,0.5066,2443.4,0.564537,0.119036,0.958023,0.478234
1826048,7133,25.33,0.5066,2443.4,0.92869,0.804066,0.952338,1.846277
1826304,7134,25.33,0.5066,2443.4,0.481104,0.403229,0.951656,0.896953
1826560,7135,25.33,0.5066,2443.4,-0.603863,0.116501,0.953277,0.545919
1826816,7136,25.33,0.5066,2443.4,-1.397716,0.272473,0.954685,1.349445
1827072,7137,25.33,0.5066,2443.4,1.015075,0.242903,0.942417,1.082679
1827328,7138,25.33,0.5066,2443.4,0.156995,0.116366,0.941626,0.206801
1827584,7139,25.3,0.506,2436.0,0.250812,0.300624,0.949014,0.405972
1827840,7140,25.3,0.506,2436.0,-0.083795,0.15106,0.935582,0.102835
1828096,7141,25.3,0.506,2436.0,0.830972,0.599539,0.945462,1.533813
1828352,7142,25.3,0.506,2436.0,0.494645,0.179332,0.947277,0.545276
1828608,7143,25.3,0.506,2436.0,1.387835,0.43875,0.944996,1.563117
1828864,7144,25.3,0.506,2436.0,-0.308724,0.119991,0.925375,0.392465
1829120,7145,25.3,0.506,2436.0,0.609817,0.34296,0.931569,0.916605
1829376,7146,25.3,0.506,2436.0,0.864623,0.20657,0.935555,0.883885
1829632,7147,25.35,0.507,2431.9,-0.597417,0.136494,0.940492,0.661168
1829888,7148,25.35,0.507,2431.9,-1.547761,0.51806,0.93666,1.821946
1830144,7149,25.35,0.507,2431.9,0.169259,0.106012,0.931232,0.178971
1830400,7150,25.35,0.507,2431.9,-2.418145,0.81092,0.928927,3.035764
1830656,7151,25.35,0.507,2431.9,-0.28022,0.18773,0.941333,0.359867
1830912,7152,25.35,0.507,2431.9,1.01486,0.437139,0.940126,1.445251
1831168,7153,25.35,0.507,2431.9,-1.023131,0.216149,0.951762,1.027685
1831424,7154,25.35,0.507,2431.9,0.776455,0.495508,0.946059,1.391119
1831680,7155,25.35,0.507,2431.9,-0.489885,0.117255,0.943773,0.525097
1831936,7156,25.33,0.5066,2425.3,-0.44403,0.569561,0.935592,1.071277
1832192,7157,25.33,0.5066,2425.3,0.877665,0.135569,0.941952,0.809228
1832448,7158,25.33,0.5066,2425.3,0.146814,0.131657,0.935728,0.180617
1832704,7159,25.33,0.5066,2425.3,-0.813334,0.535762,0.938971,1.61788
1832960,7160,25.33,0.5066,2425.3,-2.079633,0.424658,0.951613,1.778917
1833216,7161,25.33,0.5066,2425.3,1.925076,0.757625,0.957862,2.306131
1833472,7162,25.33,0.5066,2425.3,0.492947,0.238221,0.946358,0.721372
1833728,7163,25.33,0.5066,2425.3,0.362661,0.146044,0.947269,0.403438
1833984,7164,25.27,0.5054,2420.7,-0.485729,0.39754,0.952698,0.845893
1834240,7165,25.27,0.5054,2420.7,-1.029039,0.25009,0.949478,1.187273
1834496,7166,25.27,0.5054,2420.7,-1.733102,0.369642,0.950114,1.651833
1834752,7167,25.27,0.5054,2420.7,-0.524031,0.086389,0.968333,0.42123
1835008,7168,25.27,0.5054,2420.7,-0.233694,0.397028,0.961519,0.435892
1835264,7169,25.27,0.5054,2420.7,-0.583075,0.233179,0.958194,0.776651
1835520,7170,25.27,0.5054,2420.7,-2.341909,0.529729,0.964048,1.952508
1835776,7171,25.27,0.5054,2420.7,-1.57573,0.292659,0.96851,1.386239
1836032,7172,25.27,0.5054,2420.7,0.00848,0.076034,0.96462,0.051277
1836288,7173,25.27,0.5054,2420.7,-1.030103,0.313231,0.966526,1.213062
1836544,7174,25.27,0.5054,2420.7,1.397252,0.246428,0.964671,1.246461
1836800,7175,25.3,0.506,2415.4,0.247486,0.08672,0.974561,0.211653
1837056,7176,25.3,0.506,2415.4,0.519822,0.111096,0.972509,0.47031
1837312,7177,25.3,0.506,2415.4,-0.016372,0.073808,0.973258,0.061403
1837568,7178,25.3,0.506,2415.4,-1.743414,0.276344,0.972054,1.296543
1837824,7179,25.3,0.506,2415.4,-2.227759,0.502067,0.966857,1.967803
1838080,7180,25.3,0.506,2415.4,0.022688,0.388294,0.972854,0.148416
1838336,7181,25.3,0.506,2415.4,0.319909,0.128111,0.965428,0.35565
1838592,7182,25.3,0.506,2415.4,0.716394,0.145881,0.975477,0.620761
1838848,7183,25.3,0.506,2415.4,0.558208,0.353382,0.959695,0.930992
1839104,7184,25.26,0.5052,2412.3,-0.543573,0.706749,0.967789,1.187959
1839360,7185,25.26,0.5052,2412.3,-1.486097,0.161425,0.972843,0.913799
1839616,7186,25.26,0.5052,2412.3,0.209699,0.131685,0.97391,0.241341
1839872,7187,25.26,0.5052,2412.3,-0.683455,0.105724,0.971278,0.516619
1840128,7188,25.26,0.5052,2412.3,-1.296442,0.174419,0.966628,0.999844
1840384,7189,25.26,0.5052,2412.3,-0.44722,0.157724,0.968844,0.528895
1840640,7190,25.26,0.5052,2412.3,-0.668193,0.337025,0.968908,0.899721
1840896,7191,25.26,0.5052,2412.3,-1.848665,0.391352,0.97231,1.594494
1841152,7192,25.26,0.5052,2412.3,0.842732,0.152778,0.973387,0.70502
1841408,7193,25.26,0.5052,2412.3,0.034111,0.115617,0.971807,0.050567
1841664,7194,25.26,0.5052,2412.3,-2.168336,0.332122,0.978675,1.417679
1841920,7195,25.18,0.5036,2414.9,-0.21413,0.320362,0.974463,0.354278
1842176,7196,25.18,0.5036,2414.9,-0.661196,0.154742,0.978167,0.557871
1842432,7197,25.18,0.5036,2414.9,-1.310242,0.151951,0.969341,0.902306
1842688,7198,25.18,0.5036,2414.9,1.708861,0.432496,0.973281,1.607831
1842944,7199,25.18,0.5036,2414.9,0.047999,0.090188,0.980377,0.039347
1843200,7200,25.18,0.5036,2414.9,1.868222,0.472537,0.971395,1.613175
1843456,7201,25.18,0.5036,2414.9,0.67002,0.124625,0.975252,0.517336
1843712,7202,25.18,0.5036,2414.9,0.449488,0.154823,0.972731,0.471232
1843968,7203,25.18,0.5036,2414.9,0.893059,0.113191,0.967833,0.638039
1844224,7204,25.18,0.5036,2414.9,1.950705,0.596707,0.974782,1.894012
1844480,7205,25.23,0.5046,2412.6,-0.898389,0.101805,0.970623,0.603728
1844736,7206,25.23,0.5046,2412.6,0.491272,0.271325,0.967435,0.626115
1844992,7207,25.23,0.5046,2412.6,-0.028875,0.075794,0.973243,0.060572
1845248,7208,25.23,0.5046,2412.6,-0.639727,0.364546,0.959043,0.990747
1845504,7209,25.23,0.5046,2412.6,1.046155,0.345967,0.969516,1.187149
1845760,7210,25.23,0.5046,2412.6,0.689487,0.269859,0.968253,0.862883
1846016,7211,25.23,0.5046,2412.6,0.778143,0.284096,0.966043,0.895663
1846272,7212,25.23,0.5046,2412.6,-0.507742,0.113315,0.965036,0.4096
1846528,7213,25.23,0.5046,2412.6,0.047148,0.103736,0.965382,0.05571
1846784,7214,25.21,0.5042,2409.0,-0.652353,0.211117,0.967448,0.781954
1847040,7215,25.21,0.5042,2409.0,0.251314,0.269436,0.957735,0.346189
1847296,7216,25.21,0.5042,2409.0,1.075916,0.371836,0.960594,1.217842
1847552,7217,25.21,0.5042,2409.0,-0.097644,0.217027,0.968543,0.214204
1847808,7218,25.21,0.5042,2409.0,0.005449,0.10063,0.966447,0.131119
1848064,7219,25.21,0.5042,2409.0,0.516293,0.066052,0.967907,0.392212
1848320,7220,25.21,0.5042,2409.0,0.216525,0.504131,0.964907,0.46652
1848576,7221,25.21,0.5042,2409.0,-1.519934,0.208686,0.973136,1.097488
1848832,7222,25.21,0.5042,2409.0,-0.537975,0.108583,0.965276,0.428455
1849088,7223,25.21,0.5042,2409.0,-0.949572,0.214829,0.964894,0.955525
1849344,7224,25.17,0.5034,2407.6,-0.974678,0.303582,0.961054,1.126105
1849600,7225,25.17,0.5034,2407.6,-1.011323,0.149586,0.96694,0.968711
1849856,7226,25.17,0.5034,2407.6,-0.227954,0.097906,0.976258,0.207753
1850112,7227,25.17,0.5034,2407.6,-1.304152,0.250481,0.975561,1.061987
1850368,7228,25.17,0.5034,2407.6,-0.364901,0.121192,0.966827,0.334414
1850624,7229,25.17,0.5034,2407.6,-2.016218,0.379123,0.967968,1.564278
1850880,7230,25.17,0.5034,2407.6,-2.067077,0.467373,0.961536,1.693374
1851136,7231,25.17,0.5034,2407.6,0.4614,0.129922,0.957732,0.477895
1851392,7232,25.17,0.5034,2407.6,-1.552274,0.256265,0.974132,1.115033
1851648,7233,25.17,0.5034,2407.6,-0.019387,0.068542,0.974936,0.048032
1851904,7234,25.12,0.5024,2407.0,0.610351,0.148369,0.961681,0.650989
1852160,7235,25.12,0.5024,2407.0,0.22106,0.166466,0.967799,0.24801
1852416,7236,25.12,0.5024,2407.0,0.497741,0.171705,0.968244,0.496087
1852672,7237,25.12,0.5024,2407.0,0.975612,0.513321,0.966233,1.4464
1852928,7238,25.12,0.5024,2407.0,1.915703,0.333204,0.962548,1.429448
1853184,7239,25.12,0.5024,2407.0,-0.016371,0.281178,0.96264,0.143541
1853440,7240,25.12,0.5024,2407.0,-0.032566,0.105763,0.972293,0.08176
1853696,7241,25.12,0.5024,2407.0,0.614842,0.093741,0.960457,0.48228
1853952,7242,25.1,0.502,2401.2,-1.357976,0.418568,0.963367,1.511902
1854208,7243,25.1,0.502,2401.2,0.272333,0.141331,0.95947,0.285788
1854464,7244,25.1,0.502,2401.2,0.499535,0.150013,0.964735,0.496633
1854720,7245,25.1,0.502,2401.2,-1.782847,0.385916,0.963618,1.570866
1854976,7246,25.1,0.502,2401.2,-1.267095,0.149382,0.962583,0.890072
1855232,7247,25.1,0.502,2401.2,-0.608828,0.168227,0.970519,0.56952
1855488,7248,25.1,0.502,2401.2,-0.053288,0.09143,0.960154,0.085163
1855744,7249,25.1,0.502,2401.2,-1.216621,0.213178,0.960597,1.007148
1856000,7250,25.1,0.502,2401.2,0.930749,1.177795,0.959443,2.299843
1856256,7251,25.07,0.5014,2397.5,-0.648986,0.51531,0.969652,1.16943
1856512,7252,25.07,0.5014,2397.5,0.447373,0.315181,0.969489,0.639696
1856768,7253,25.07,0.5014,2397.5,-0.337571,0.077058,0.962803,0.296118
1857024,7254,25.07,0.5014,2397.5,-1.637304,0.474654,0.970355,1.600123
1857280,7255,25.07,0.5014,2397.5,-0.446294,0.103601,0.96958,0.361595
1857536,7256,25.07,0.5014,2397.5,0.055677,0.079533,0.965915,0.080584
1857792,7257,25.07,0.5014,2397.5,0.002909,0.093144,0.96236,0.033394
1858048,7258,25.07,0.5014,2397.5,0.126402,0.096219,0.968264,0.108003
1858304,7259,25.07,0.5014,2397.5,0.300879,0.125839,0.964978,0.279419
1858560,7260,25.07,0.5014,2397.5,0.2845,0.292039,0.965405,0.47086
1858816,7261,25.04,0.5008,2396.3,0.382784,0.37304,0.964023,0.577641
1859072,7262,25.04,0.5008,2396.3,-0.102507,0.115291,0.966277,0.105461
1859328,7263,25.04,0.5008,2396.3,0.71214,0.170028,0.970137,0.621396
1859584,7264,25.04,0.5008,2396.3,-1.621029,0.32669,0.965682,1.322025
1859840,7265,25.04,0.5008,2396.3,0.825452,0.341434,0.972839,1.027734
1860096,7266,25.04,0.5008,2396.3,-1.03977,0.397202,0.969948,1.252229
1860352,7267,25.04,0.5008,2396.3,0.087694,0.200216,0.973706,0.126985
1860608,7268,25.04,0.5008,2396.3,-0.309342,0.16127,0.978726,0.315675
1860864,7269,25.04,0.5008,2396.3,0.528481,0.215572,0.974917,0.619482
1861120,7270,25.03,0.5006,2392.5,0.394863,0.212191,0.974738,0.458463
1861376,7271,25.03,0.5006,2392.5,0.87555,0.423756,0.970238,1.173699
1861632,7272,25.03,0.5006,2392.5,-0.080608,0.069853,0.970024,0.087147
1861888,7273,25.03,0.5006,2392.5,0.469705,0.152789,0.97705,0.4648
1862144,7274,25.03,0.5006,2392.5,0.489598,0.336811,0.97108,0.747122
1862400,7275,25.03,0.5006,2392.5,1.647998,0.695019,0.967202,2.034269
1862656,7276,25.03,0.5006,2392.5,0.122272,0.138309,0.972843,0.166591
1862912,7277,25.03,0.5006,2392.5,-0.376199,0.091705,0.977003,0.299075
1863168,7278,25.03,0.5006,2392.5,-0.124851,0.072309,0.969532,0.1196
1863424,7279,25.07,0.5014,2388.2,-0.730934,0.198976,0.978315,0.722989
1863680,7280,25.07,0.5014,2388.2,0.681489,0.408589,0.97023,1.052094
1863936,7281,25.07,0.5014,2388.2,0.42991,0.119029,0.958473,0.455625
1864192,7282,25.07,0.5014,2388.2,-1.328964,0.248866,0.968786,1.171887
1864448,7283,25.07,0.5014,2388.2,-0.214882,0.096988,0.957916,0.20824
1864704,7284,25.07,0.5014,2388.2,-1.160321,0.164276,0.964419,0.87895
1864960,7285,25.07,0.5014,2388.2,-1.432703,0.181715,0.970998,0.972751
1865216,7286,25.07,0.5014,2388.2,0.559093,0.322598,0.955263,0.792209
1865472,7287,25.07,0.5014,2388.2,-0.396226,0.137891,0.959194,0.428424
1865728,7288,25.07,0.5014,2388.2,1.628431,0.400892,0.969542,1.57904
1865984,7289,25.07,0.5014,2383.2,-0.15507,0.417792,0.962847,0.389162
1866240,7290,25.07,0.5014,2383.2,0.518833,0.181184,0.967086,0.606076
1866496,7291,25.07,0.5014,2383.2,0.407817,0.076359,0.965254,0.305528
1866752,7292,25.07,0.5014,2383.2,0.485643,0.244255,0.965365,0.668756
1867008,7293,25.07,0.5014,2383.2,-1.085958,0.128228,0.964911,0.715819
1867264,7294,25.07,0.5014,2383.2,0.627782,0.103333,0.949779,0.501715
1867520,7295,25.07,0.5014,2383.2,-1.057871,0.230455,0.953289,1.016697
1867776,7296,25.07,0.5014,2383.2,1.157105,0.438229,0.952832,1.41229
1868032,7297,25.07,0.5014,2383.2,-1.488955,0.156066,0.958309,1.076058
1868288,7298,25.07,0.5014,2383.1,-1.498631,0.197589,0.960234,1.061814
1868544,7299,25.07,0.5014,2383.1,-0.030413,0.374557,0.954405,0.099317
1868800,7300,25.07,0.5014,2383.1,0.531804,0.218658,0.951348,0.700186
1869056,7301,25.07,0.5014,2383.1,0.082489,0.224117,0.953358,0.146484
1869312,7302,25.07,0.5014,2383.1,-1.541819,0.259739,0.938546,1.302972
1869568,7303,25.07,0.5014,2383.1,1.14371,0.335808,0.96114,1.217095
1869824,7304,25.07,0.5014,2383.1,-0.46238,0.127892,0.950404,0.447387
1870080,7305,25.07,0.5014,2383.1,0.045192,0.251259,0.946433,0.124445
1870336,7306,25.07,0.5014,2383.1,1.238837,0.288879,0.939694,1.332974
1870592,7307,25.17,0.5034,2379.6,0.373162,0.427629,0.933651,0.877293
1870848,7308,25.17,0.5034,2379.6,0.966288,0.344686,0.942939,1.198963
1871104,7309,25.17,0.5034,2379.6,-0.300452,0.100192,0.947162,0.297426
1871360,7310,25.17,0.5034,2379.6,-0.58188,0.261362,0.945702,0.827922
1871616,7311,25.17,0.5034,2379.6,1.177077,1.169506,0.937567,2.568835
1871872,7312,25.17,0.5034,2379.6,0.41527,0.352811,0.937209,0.721159
1872128,7313,25.17,0.5034,2379.6,-1.91343,0.50042,0.935082,1.882103
1872384,7314,25.17,0.5034,2379.6,1.315839,0.701521,0.928469,2.089621
1872640,7315,25.2,0.504,2377.2,0.137561,0.361635,0.935759,0.243047
1872896,7316,25.2,0.504,2377.2,1.122872,0.844376,0.92785,2.435643
1873152,7317,25.2,0.504,2377.2,1.133538,0.171662,0.928892,0.948302
1873408,7318,25.2,0.504,2377.2,-0.890812,0.175807,0.92106,0.862551
1873664,7319,25.2,0.504,2377.2,0.859362,0.175402,0.935433,0.804554
1873920,7320,25.2,0.504,2377.2,-2.190307,0.585877,0.926522,2.13566
1874176,7321,25.2,0.504,2377.2,0.98535,0.401781,0.919585,1.374769
1874432,7322,25.2,0.504,2377.2,-1.063548,0.139817,0.92745,0.784049
1874688,7323,25.2,0.504,2377.2,-0.756127,0.227476,0.896008,1.0036
1874944,7324,25.19,0.5038,2375.1,-0.440664,0.370184,0.897274,0.829386
1875200,7325,25.19,0.5038,2375.1,0.586158,0.146809,0.898489,0.630795
1875456,7326,25.19,0.5038,2375.1,-0.456709,0.14173,0.915277,0.461889
1875712,7327,25.19,0.5038,2375.1,0.320359,0.244719,0.888664,0.568456
1875968,7328,25.19,0.5038,2375.1,0.865724,0.26706,0.90285,1.109153
1876224,7329,25.19,0.5038,2375.1,-1.586337,0.280978,0.903541,1.433007
1876480,7330,25.19,0.5038,2375.1,1.038989,0.851452,0.889092,2.285631
1876736,7331,25.19,0.5038,2375.1,0.162515,0.09878,0.870771,0.187766
1876992,7332,25.18,0.5036,2372.4,-0.452111,0.387986,0.879242,0.989956
1877248,7333,25.18,0.5036,2372.4,0.723702,0.205673,0.894403,0.903045
1877504,7334,25.18,0.5036,2372.4,1.070821,0.488117,0.881902,1.867523
1877760,7335,25.18,0.5036,2372.4,0.467571,0.385577,0.876663,0.89609
1878016,7336,25.18,0.5036,2372.4,1.512688,0.660994,0.867408,2.190008
1878272,7337,25.18,0.5036,2372.4,-0.255593,0.100519,0.918876,0.329064
1878528,7338,25.18,0.5036,2372.4,0.300235,0.407181,0.871337,0.684536
1878784,7339,25.18,0.5036,2372.4,0.030722,0.106382,0.879359,0.060838
1879040,7340,25.22,0.5044,2366.4,-0.874566,0.492731,0.860262,1.731329
1879296,7341,25.22,0.5044,2366.4,-0.796394,0.327803,0.867072,1.189553
1879552,7342,25.22,0.5044,2366.4,-0.571538,0.332198,0.873027,1.011937
1879808,7343,25.22,0.5044,2366.4,-1.331355,0.338416,0.874314,1.598312
1880064,7344,25.22,0.5044,2366.4,-0.001764,0.133921,0.843255,0.101654
1880320,7345,25.22,0.5044,2366.4,0.452824,0.41474,0.870237,1.003567
1880576,7346,25.22,0.5044,2366.4,0.724298,0.134021,0.869658,0.727936
1880832,7347,25.22,0.5044,2366.4,-0.756059,0.403454,0.862509,1.325463
1881088,7348,25.18,0.5036,2364.2,-0.479046,0.370102,0.894026,0.912913
1881344,7349,25.18,0.5036,2364.2,0.877963,0.413208,0.855954,1.430201
1881600,7350,25.18,0.5036,2364.2,-0.138008,0.08431,0.873843,0.145129
1881856,7351,25.18,0.5036,2364.2,-0.551331,0.307126,0.894148,0.958784
1882112,7352,25.18,0.5036,2364.2,0.193452,0.103962,0.862847,0.220695
1882368,7353,25.18,0.5036,2364.2,0.796295,0.413419,0.854973,1.454216
1882624,7354,25.18,0.5036,2364.2,-1.40609,0.391766,0.838722,2.054705
1882880,7355,25.18,0.5036,2364.2,-0.980965,0.402964,0.888068,1.462992
1883136,7356,25.18,0.5036,2364.2,1.60413,0.519332,0.861545,2.138647
1883392,7357,25.23,0.5046,2363.7,-0.297244,0.545158,0.863462,0.780109
1883648,7358,25.23,0.5046,2363.7,0.217661,0.217692,0.860706,0.357457
1883904,7359,25.23,0.5046,2363.7,-0.802775,0.49269,0.884738,1.604522
1884160,7360,25.23,0.5046,2363.7,-1.238386,0.074312,0.886052,0.682937
1884416,7361,25.23,0.5046,2363.7,0.478386,0.125859,0.874152,0.539501
1884672,7362,25.23,0.5046,2363.7,0.490823,0.203953,0.872408,0.856479
1884928,7363,25.23,0.5046,2363.7,0.464748,0.28185,0.881585,0.843109
1885184,7364,25.23,0.5046,2363.7,-0.857375,0.128096,0.866834,0.853816
1885440,7365,25.21,0.5042,2359.0,-0.341718,0.636962,0.856202,1.029956
1885696,7366,25.21,0.5042,2359.0,-0.425516,0.201357,0.871334,0.69316
1885952,7367,25.21,0.5042,2359.0,0.891478,0.700948,0.874796,1.995447
1886208,7368,25.21,0.5042,2359.0,0.933718,0.325784,0.879677,1.344039
1886464,7369,25.21,0.5042,2359.0,-0.051363,0.081721,0.872674,0.113831
1886720,7370,25.21,0.5042,2359.0,-0.145181,0.229412,0.843261,0.28121
1886976,7371,25.21,0.5042,2359.0,-0.371343,0.187846,0.85916,0.575308
1887232,7372,25.12,0.5024,2353.3,-0.93291,0.551967,0.848355,1.767764
1887488,7373,25.12,0.5024,2353.3,-0.186966,0.174342,0.866664,0.277552
1887744,7374,25.12,0.5024,2353.3,0.271136,0.248454,0.864438,0.502238
1888000,7375,25.12,0.5024,2353.3,-0.728334,0.146507,0.871452,0.768943
1888256,7376,25.12,0.5024,2353.3,-0.669292,0.21588,0.862248,0.864383
1888512,7377,25.12,0.5024,2353.3,1.8332,1.21493,0.856785,3.335971
1888768,7378,25.12,0.5024,2353.3,1.168085,0.66306,0.860232,2.106746
1889024,7379,25.15,0.503,2343.8,-0.311543,0.625723,0.856675,0.832846
1889280,7380,25.15,0.503,2343.8,0.46035,0.647007,0.853104,1.310763
1889536,7381,25.15,0.503,2343.8,-0.260048,0.197909,0.856696,0.528371
1889792,7382,25.15,0.503,2343.8,-0.836346,0.265035,0.864687,1.028917
1890048,7383,25.15,0.503,2343.8,0.582561,0.316945,0.895375,0.881157
1890304,7384,25.15,0.503,2343.8,-0.076767,0.176742,0.866495,0.132115
1890560,7385,25.15,0.503,2343.8,0.590076,0.255058,0.876442,0.834032
1890816,7386,25.15,0.503,2343.8,0.868152,0.808506,0.858247,2.019172
1891072,7387,25.18,0.5036,2338.3,0.340964,0.4913,0.848667,0.963452
1891328,7388,25.18,0.5036,2338.3,0.305985,0.165793,0.853831,0.45468
1891584,7389,25.18,0.5036,2338.3,-0.369424,0.103898,0.869218,0.436736
1891840,7390,25.18,0.5036,2338.3,-0.05156,0.134578,0.846499,0.088883
1892096,7391,25.18,0.5036,2338.3,0.424914,0.474309,0.875771,0.964789
1892352,7392,25.18,0.5036,2338.3,-1.654739,0.635762,0.854479,2.33563
1892608,7393,25.18,0.5036,2338.3,1.039401,0.174048,0.862353,0.996719
1892864,7394,25.12,0.5024,2331.0,-0.063233,0.163419,0.868125,0.146503
1893120,7395,25.12,0.5024,2331.0,0.653817,0.263213,0.852722,0.931478
1893376,7396,25.12,0.5024,2331.0,0.320406,0.329433,0.870501,0.600903
1893632,7397,25.12,0.5024,2331.0,-0.653869,0.09298,0.870299,0.60807
1893888,7398,25.12,0.5024,2331.0,0.407237,0.207151,0.857179,0.625251
1894144,7399,25.12,0.5024,2331.0,0.001603,0.141103,0.866412,0.049672
1894400,7400,25.12,0.5024,2331.0,-0.819899,0.191719,0.870728,1.010509
1894656,7401,25.12,0.5024,2331.0,-0.254759,0.118475,0.863147,0.271965
1894912,7402,25.22,0.5044,2322.8,-0.231481,0.18478,0.885577,0.348124
1895168,7403,25.22,0.5044,2322.8,-0.732155,0.150428,0.871733,0.850997
1895424,7404,25.22,0.5044,2322.8,-1.333292,0.373693,0.878821,1.524839
1895680,7405,25.22,0.5044,2322.8,-0.979957,0.270323,0.859772,1.295226
1895936,7406,25.22,0.5044,2322.8,0.22544,0.196885,0.863587,0.394506
1896192,7407,25.22,0.5044,2322.8,0.01966,0.213306,0.875478,0.052351
1896448,7408,25.22,0.5044,2322.8,0.491738,0.459004,0.879933,1.06182
1896704,7409,25.22,0.5044,2322.8,-0.570416,0.288978,0.883396,1.045862
1896960,7410,25.17,0.5034,2314.3,-0.392472,0.375715,0.886275,0.856466
1897216,7411,25.17,0.5034,2314.3,-1.138037,0.133137,0.907869,0.839091
1897472,7412,25.17,0.5034,2314.3,-0.796378,0.336858,0.890095,1.235704
1897728,7413,25.17,0.5034,2314.3,1.267684,0.546205,0.906021,1.737595
1897984,7414,25.17,0.5034,2314.3,1.400161,0.663756,0.885935,2.191629
1898240,7415,25.17,0.5034,2314.3,1.009411,0.446044,0.899946,1.548539
1898496,7416,25.17,0.5034,2314.3,-0.044487,0.326379,0.909032,0.182086
1898752,7417,25.17,0.5034,2314.3,1.475419,0.483768,0.893954,1.774225
1899008,7418,25.17,0.5034,2305.0,-0.082697,0.264182,0.889685,0.216674
1899264,7419,25.17,0.5034,2305.0,0.833324,0.665243,0.891243,1.753877
1899520,7420,25.17,0.5034,2305.0,0.828529,0.227071,0.909131,0.940697
1899776,7421,25.17,0.5034,2305.0,0.593097,0.275703,0.915305,0.883298
1900032,7422,25.17,0.5034,2305.0,0.635225,0.434696,0.904236,1.205362
1900288,7423,25.17,0.5034,2305.0,1.228741,0.887379,0.890202,2.421591
1900544,7424,25.17,0.5034,2305.0,0.364233,0.220299,0.887964,0.586662
1900800,7425,25.21,0.5042,2293.3,-0.440532,0.239532,0.894447,0.792099
1901056,7426,25.21,0.5042,2293.3,-1.00254,0.226404,0.894559,1.167045
1901312,7427,25.21,0.5042,2293.3,-0.959086,0.170818,0.899328,0.966341
1901568,7428,25.21,0.5042,2293.3,1.523207,0.716648,0.892049,2.396893
1901824,7429,25.21,0.5042,2293.3,2.343732,0.891601,0.896677,2.725131
1902080,7430,25.21,0.5042,2293.3,-0.279883,0.21074,0.886144,0.488781
1902336,7431,25.21,0.5042,2293.3,-0.2386,0.235587,0.906927,0.371257
1902592,7432,25.21,0.5042,2293.3,0.948534,0.43218,0.897634,1.572738
1902848,7433,25.26,0.5052,2284.9,-1.36546,0.369617,0.912559,1.587571
1903104,7434,25.26,0.5052,2284.9,-0.728302,0.190351,0.899592,0.934751
1903360,7435,25.26,0.5052,2284.9,-0.861304,0.399977,0.900646,1.489009
1903616,7436,25.26,0.5052,2284.9,-0.778739,0.150337,0.905694,0.838986
1903872,7437,25.26,0.5052,2284.9,-0.643238,0.148457,0.914582,0.696802
1904128,7438,25.26,0.5052,2284.9,0.633438,0.474498,0.908756,1.347017
1904384,7439,25.26,0.5052,2284.9,0.195814,0.157118,0.912992,0.23506
1904640,7440,25.23,0.5046,2274.2,0.303602,0.69468,0.930487,0.785183
1904896,7441,25.23,0.5046,2274.2,0.354137,0.177396,0.915909,0.446016
1905152,7442,25.23,0.5046,2274.2,1.386856,0.282211,0.909569,1.439962
1905408,7443,25.23,0.5046,2274.2,0.590942,0.126661,0.924949,0.643509
1905664,7444,25.23,0.5046,2274.2,1.43147,0.977527,0.916062,2.640753
1905920,7445,25.23,0.5046,2274.2,0.126361,0.225542,0.904765,0.230364
1906176,7446,25.23,0.5046,2274.2,-0.127403,0.173852,0.904542,0.255454
1906432,7447,25.23,0.5046,2274.2,-0.000845,0.198196,0.92405,0.092206
1906688,7448,25.25,0.505,2268.0,-0.814671,0.148178,0.916275,0.752779
1906944,7449,25.25,0.505,2268.0,1.002448,0.342256,0.915647,1.342179
1907200,7450,25.25,0.505,2268.0,0.130428,0.093128,0.899168,0.161849
1907456,7451,25.25,0.505,2268.0,-0.038047,0.123222,0.908052,0.110534
1907712,7452,25.25,0.505,2268.0,-0.787951,0.236736,0.908579,1.110752
1907968,7453,25.25,0.505,2268.0,-0.32418,0.085749,0.921002,0.322702
1908224,7454,25.25,0.505,2268.0,-0.32558,0.212128,0.917092,0.480242
1908480,7455,25.25,0.505,2268.0,-1.124665,0.41017,0.905056,1.616873
1908736,7456,25.22,0.5044,2264.1,-0.596824,0.262841,0.902303,0.933812
1908992,7457,25.22,0.5044,2264.1,-1.13462,0.23793,0.920359,1.127512
1909248,7458,25.22,0.5044,2264.1,0.155499,0.084996,0.916016,0.166799
1909504,7459,25.22,0.5044,2264.1,-0.949609,0.08915,0.925388,0.626008
1909760,7460,25.22,0.5044,2264.1,-0.242374,0.15879,0.90745,0.349898
1910016,7461,25.22,0.5044,2264.1,-0.127824,0.326302,0.910929,0.26851
1910272,7462,25.22,0.5044,2264.1,-0.706868,0.418174,0.90801,1.30163
1910528,7463,25.22,0.5044,2264.1,0.529949,0.142343,0.917049,0.608855
1910784,7464,25.24,0.5048,2258.7,0.064331,0.376907,0.920654,0.297458
1911040,7465,25.24,0.5048,2258.7,0.3893,0.297197,0.914528,0.667156
1911296,7466,25.24,0.5048,2258.7,-0.340988,0.20476,0.911217,0.469513
1911552,7467,25.24,0.5048,2258.7,0.613543,0.285371,0.91273,0.900202
1911808,7468,25.24,0.5048,2258.7,0.033891,0.155562,0.903641,0.058443
1912064,7469,25.24,0.5048,2258.7,0.028305,0.153245,0.91012,0.081063
1912320,7470,25.24,0.5048,2258.7,0.188524,0.191429,0.898523,0.294145
1912576,7471,25.27,0.5054,2250.9,-0.114395,0.29763,0.921354,0.268431
1912832,7472,25.27,0.5054,2250.9,-0.89973,0.121978,0.917917,0.730034
1913088,7473,25.27,0.5054,2250.9,-0.338861,0.234053,0.90326,0.615964
1913344,7474,25.27,0.5054,2250.9,-0.810936,0.434799,0.904985,1.318794
1913600,7475,25.27,0.5054,2250.9,-1.690446,0.34617,0.903134,1.527854
1913856,7476,25.27,0.5054,2250.9,-0.911782,0.213446,0.908132,1.077692
1914112,7477,25.27,0.5054,2250.9,0.667554,0.114765,0.907917,0.626718
1914368,7478,25.27,0.5054,2250.9,1.526264,0.425119,0.903115,1.854565
1914624,7479,25.27,0.5054,2243.9,-0.602731,0.849348,0.913562,1.478008
1914880,7480,25.27,0.5054,2243.9,0.2704,0.164657,0.911394,0.354736
1915136,7481,25.27,0.5054,2243.9,-0.148972,0.140434,0.905298,0.23044
1915392,7482,25.27,0.5054,2243.9,-0.748323,0.174578,0.917035,0.808697
1915648,7483,25.27,0.5054,2243.9,0.573773,0.392697,0.922422,0.995217
1915904,7484,25.27,0.5054,2243.9,0.043006,0.252591,0.911318,0.113026
1916160,7485,25.27,0.5054,2243.9,-0.855997,0.228775,0.916802,1.226205
1916416,7486,25.27,0.5054,2243.9,-1.493015,0.446005,0.906633,1.68497
1916672,7487,25.26,0.5052,2237.4,0.271159,0.088206,0.916062,0.241717
1916928,7488,25.26,0.5052,2237.4,2.520224,2.655202,0.912645,4.908097
1917184,7489,25.26,0.5052,2237.4,-0.491745,0.218205,0.911119,0.660768
1917440,7490,25.26,0.5052,2237.4,-0.755784,0.426059,0.90967,1.376031
1917696,7491,25.26,0.5052,2237.4,0.441411,0.45272,0.931716,0.898171
1917952,7492,25.26,0.5052,2237.4,-1.205414,0.202738,0.929096,0.995464
1918208,7493,25.26,0.5052,2237.4,0.827566,0.124961,0.933401,0.632203
1918464,7494,25.26,0.5052,2237.4,2.019014,1.020823,0.920137,2.709096
1918720,7495,25.32,0.5064,2225.4,-0.304916,0.051925,0.930937,0.188109
1918976,7496,25.32,0.5064,2225.4,1.764002,0.971218,0.92005,2.613936
1919232,7497,25.32,0.5064,2225.4,1.077269,0.519128,0.928202,1.526402
1919488,7498,25.32,0.5064,2225.4,1.943437,0.647285,0.923581,2.109587
1919744,7499,25.32,0.5064,2225.4,0.589573,0.671413,0.916445,1.352412
1920000,7500,25.32,0.5064,2225.4,0.578367,0.234117,0.924056,0.758236
1920256,7501,25.32,0.5064,2225.4,-0.187099,0.141204,0.921837,0.220719
1920512,7502,25.32,0.5064,2225.4,-0.108308,0.122208,0.918895,0.101158
1920768,7503,25.39,0.5078,2217.5,-1.214026,0.138741,0.929215,0.912173
1921024,7504,25.39,0.5078,2217.5,-0.117187,0.2121,0.921936,0.245224
1921280,7505,25.39,0.5078,2217.5,-0.26316,0.425081,0.905051,0.530395
1921536,7506,25.39,0.5078,2217.5,0.555969,0.09669,0.924334,0.499599
1921792,7507,25.39,0.5078,2217.5,0.825568,0.200755,0.904788,0.930232
1922048,7508,25.39,0.5078,2217.5,-0.744808,0.235292,0.932603,0.866341
1922304,7509,25.39,0.5078,2217.5,1.266667,0.207547,0.917334,1.104565
1922560,7510,25.39,0.5078,2217.5,0.303932,0.131401,0.918017,0.356136
1922816,7511,25.39,0.5078,2217.5,0.566093,0.1654,0.928558,0.661741
1923072,7512,25.41,0.5082,2213.2,-0.901978,0.398711,0.925568,1.269187
1923328,7513,25.41,0.5082,2213.2,0.866217,0.299417,0.897725,1.256501
1923584,7514,25.41,0.5082,2213.2,0.308581,0.206703,0.902889,0.423463
1923840,7515,25.41,0.5082,2213.2,0.834228,0.402498,0.908953,1.341648
1924096,7516,25.41,0.5082,2213.2,0.498992,0.290226,0.915132,0.79298
1924352,7517,25.41,0.5082,2213.2,0.049189,0.12176,0.90355,0.086205
1924608,7518,25.41,0.5082,2213.2,-0.44145,0.152386,0.891219,0.542958
1924864,7519,25.41,0.5082,2213.2,0.598307,0.282352,0.883989,1.01976
1925120,7520,25.43,0.5086,2206.6,-1.453878,0.560487,0.890117,2.096428
1925376,7521,25.43,0.5086,2206.6,-0.962301,0.203274,0.893497,1.009686
1925632,7522,25.43,0.5086,2206.6,0.338775,0.18489,0.886788,0.464069
1925888,7523,25.43,0.5086,2206.6,-0.286219,0.096527,0.899293,0.266768
1926144,7524,25.43,0.5086,2206.6,0.803504,0.301391,0.903292,1.130615
1926400,7525,25.43,0.5086,2206.6,0.406707,0.198242,0.887336,0.643978
1926656,7526,25.43,0.5086,2206.6,0.763818,0.308917,0.882094,1.078484
1926912,7527,25.43,0.5086,2206.6,0.744457,0.232159,0.884835,0.967235
1927168,7528,25.53,0.5106,2197.3,-0.199353,0.274284,0.881442,0.390558
1927424,7529,25.53,0.5106,2197.3,-0.814325,0.104988,0.88702,0.678812
1927680,7530,25.53,0.5106,2197.3,1.206155,1.18514,0.853038,3.010403
1927936,7531,25.53,0.5106,2197.3,1.568029,0.464643,0.857665,1.996606
1928192,7532,25.53,0.5106,2197.3,-1.336797,0.313313,0.873194,1.559336
1928448,7533,25.53,0.5106,2197.3,1.262955,0.309482,0.851577,1.526368
1928704,7534,25.53,0.5106,2197.3,-1.690929,0.346323,0.880605,1.720355
1928960,7535,25.53,0.5106,2197.3,-1.693954,0.485727,0.840839,2.091499
1929216,7536,25.53,0.5106,2191.1,-0.709491,0.173431,0.886766,0.769557
1929472,7537,25.53,0.5106,2191.1,0.238753,0.098563,0.849507,0.284705
1929728,7538,25.53,0.5106,2191.1,0.264381,0.316269,0.845188,0.557113
1929984,7539,25.53,0.5106,2191.1,0.848724,1.36276,0.838141,2.938993
1930240,7540,25.53,0.5106,2191.1,0.318439,0.215817,0.854547,0.592438
1930496,7541,25.53,0.5106,2191.1,-1.703512,0.516516,0.854243,2.143676
1930752,7542,25.52,0.5104,2181.5,-0.013392,0.411114,0.842329,0.077987
1931008,7543,25.52,0.5104,2181.5,0.146897,0.594994,0.855642,0.454547
1931264,7544,25.52,0.5104,2181.5,0.923443,0.330776,0.836961,1.48105
1931520,7545,25.52,0.5104,2181.5,-0.36109,0.178839,0.817964,0.611345
1931776,7546,25.52,0.5104,2181.5,0.737507,0.733608,0.814515,2.022852
1932032,7547,25.52,0.5104,2181.5,-0.641612,0.258138,0.798955,1.218023
1932288,7548,25.52,0.5104,2181.5,-0.424299,0.068378,0.831404,0.394009
1932544,7549,25.57,0.5114,2175.0,-0.660449,0.641975,0.848979,1.59849
1932800,7550,25.57,0.5114,2175.0,-0.459188,0.222159,0.826235,0.776354
1933056,7551,25.57,0.5114,2175.0,0.103671,0.182139,0.798346,0.238152
1933312,7552,25.57,0.5114,2175.0,-0.355648,0.391778,0.829816,0.860616
1933568,7553,25.57,0.5114,2175.0,-0.850507,0.241876,0.82067,1.28219
1933824,7554,25.57,0.5114,2175.0,-0.745573,0.335588,0.799216,1.541509
1934080,7555,25.57,0.5114,2175.0,0.22094,0.119526,0.833256,0.307316
1934336,7556,25.51,0.5102,2168.9,-0.40165,0.560485,0.832363,1.059543
1934592,7557,25.51,0.5102,2168.9,-1.046237,0.322924,0.863657,1.310943
1934848,7558,25.51,0.5102,2168.9,1.610749,0.274599,0.849976,1.501607
1935104,7559,25.51,0.5102,2168.9,-0.47779,0.117718,0.862877,0.574889
1935360,7560,25.51,0.5102,2168.9,-0.432648,0.240504,0.862705,0.770849
1935616,7561,25.51,0.5102,2168.9,0.275577,0.362151,0.871735,0.564754
1935872,7562,25.51,0.5102,2168.9,-1.148832,0.50954,0.842201,2.008994
1936128,7563,25.51,0.5102,2168.9,-0.328071,0.162674,0.863788,0.471819
1936384,7564,25.43,0.5086,2167.3,-0.890054,0.167401,0.884781,0.835646
1936640,7565,25.43,0.5086,2167.3,-0.487863,0.15675,0.845831,0.695083
1936896,7566,25.43,0.5086,2167.3,-0.939537,0.122988,0.881554,0.795104
1937152,7567,25.43,0.5086,2167.3,-0.20755,0.085041,0.898341,0.193386
1937408,7568,25.43,0.5086,2167.3,-0.260862,0.172438,0.899347,0.312258
1937664,7569,25.43,0.5086,2167.3,1.023643,0.485282,0.898815,1.697893
1937920,7570,25.43,0.5086,2167.3,0.134178,0.214546,0.885829,0.215877
1938176,7571,25.43,0.5086,2167.3,-0.383682,0.135299,0.894172,0.388782
1938432,7572,25.43,0.5086,2167.3,0.761183,0.533342,0.910923,1.37052
1938688,7573,25.49,0.5098,2167.2,0.355269,0.301443,0.900974,0.620288
1938944,7574,25.49,0.5098,2167.2,1.582576,0.986063,0.898438,2.529534
1939200,7575,25.49,0.5098,2167.2,-1.78825,0.297107,0.897817,1.563602
1939456,7576,25.49,0.5098,2167.2,0.101471,0.083809,0.895518,0.112251
1939712,7577,25.49,0.5098,2167.2,-0.276318,0.15113,0.897461,0.332337
1939968,7578,25.49,0.5098,2167.2,0.134099,0.228284,0.906146,0.250962
1940224,7579,25.49,0.5098,2167.2,-1.018379,0.240976,0.880173,1.198289
1940480,7580,25.49,0.5098,2167.2,0.489276,0.130934,0.917266,0.455137
1940736,7581,25.49,0.5098,2167.2,-0.508028,0.184896,0.914595,0.592895
1940992,7582,25.45,0.509,2170.3,-1.280499,0.253462,0.899367,1.190325
1941248,7583,25.45,0.509,2170.3,0.246518,0.361837,0.911247,0.478809
1941504,7584,25.45,0.509,2170.3,-0.261973,0.13736,0.909075,0.294828
1941760,7585,25.45,0.509,2170.3,-1.625573,0.227349,0.921964,1.185622
1942016,7586,25.45,0.509,2170.3,0.875027,0.194767,0.914908,0.87313
1942272,7587,25.45,0.509,2170.3,-0.144492,0.095648,0.911473,0.128982
1942528,7588,25.45,0.509,2170.3,0.092207,0.124421,0.907729,0.142671
1942784,7589,25.45,0.509,2170.3,-1.77112,0.507675,0.905569,1.872333
1943040,7590,25.45,0.509,2170.3,-2.035459,0.579477,0.913942,1.988098
1943296,7591,25.39,0.5078,2172.3,-0.475509,0.379962,0.903425,0.872546
1943552,7592,25.39,0.5078,2172.3,0.447059,0.293289,0.918212,0.699235
1943808,7593,25.39,0.5078,2172.3,0.076189,0.113502,0.911701,0.098809
1944064,7594,25.39,0.5078,2172.3,0.658534,0.199609,0.907938,0.707288
1944320,7595,25.39,0.5078,2172.3,0.300005,0.090296,0.890192,0.346942
1944576,7596,25.39,0.5078,2172.3,0.056693,0.281981,0.916684,0.116858
1944832,7597,25.39,0.5078,2172.3,-1.124719,0.35584,0.914249,1.370115
1945088,7598,25.39,0.5078,2172.3,0.693251,0.343857,0.923785,0.991635
1945344,7599,25.39,0.5078,2172.3,0.311488,0.324036,0.921371,0.563404
1945600,7600,25.46,0.5092,2172.4,0.210419,0.397981,0.918259,0.404482
1945856,7601,25.46,0.5092,2172.4,0.023128,0.114559,0.918316,0.067397
1946112,7602,25.46,0.5092,2172.4,1.138182,0.550536,0.920665,1.690731
1946368,7603,25.46,0.5092,2172.4,-0.568835,0.227508,0.922025,0.687907
1946624,7604,25.46,0.5092,2172.4,0.414712,0.136449,0.921346,0.419035
1946880,7605,25.46,0.5092,2172.4,-0.094396,0.185983,0.916904,0.122219
1947136,7606,25.46,0.5092,2172.4,-0.123503,0.146676,0.919639,0.162445
1947392,7607,25.46,0.5092,2172.4,-0.912631,0.305408,0.923717,1.110645
1947648,7608,25.46,0.5092,2172.4,-0.535836,0.26451,0.922831,0.805292
1947904,7609,25.41,0.5082,2175.9,-0.164838,0.479325,0.931728,0.356888
1948160,7610,25.41,0.5082,2175.9,0.348838,0.351836,0.908104,0.672401
1948416,7611,25.41,0.5082,2175.9,1.007701,0.345865,0.92941,1.190956
1948672,7612,25.41,0.5082,2175.9,-0.1867,0.173335,0.922715,0.25802
1948928,7613,25.41,0.5082,2175.9,-0.485149,0.076896,0.918708,0.378273
1949184,7614,25.41,0.5082,2175.9,-0.622817,0.135281,0.922865,0.577377
1949440,7615,25.41,0.5082,2175.9,1.74098,0.845435,0.922431,2.258283
1949696,7616,25.31,0.5062,2175.7,-2.122009,0.999483,0.917288,2.700311
1949952,7617,25.31,0.5062,2175.7,0.986112,0.475135,0.920675,1.523371
1950208,7618,25.31,0.5062,2175.7,0.019466,0.14046,0.92136,0.099853
1950464,7619,25.31,0.5062,2175.7,-0.565165,0.167338,0.929409,0.569985
1950720,7620,25.31,0.5062,2175.7,-1.293967,0.206369,0.9401,1.039567
1950976,7621,25.31,0.5062,2175.7,0.747047,0.597956,0.934593,1.310076
1951232,7622,25.31,0.5062,2175.7,-0.064574,0.130465,0.939329,0.07609
1951488,7623,25.31,0.5062,2175.7,0.950732,0.199497,0.929697,0.870771
1951744,7624,25.31,0.5062,2175.7,0.112464,0.066665,0.939534,0.096636
1952000,7625,25.31,0.5062,2175.7,-1.446231,0.233564,0.952211,1.071237
1952256,7626,25.32,0.5064,2178.5,-1.435441,0.376016,0.939374,1.382721
1952512,7627,25.32,0.5064,2178.5,1.777824,1.378542,0.932455,3.002176
1952768,7628,25.32,0.5064,2178.5,0.564647,0.390268,0.927565,0.916106
1953024,7629,25.32,0.5064,2178.5,0.07477,0.109784,0.933503,0.103457
1953280,7630,25.32,0.5064,2178.5,0.374123,0.203704,0.932576,0.511482
1953536,7631,25.32,0.5064,2178.5,-0.458821,0.123529,0.94127,0.40715
1953792,7632,25.32,0.5064,2178.5,0.735741,0.731229,0.934307,1.554404
1954048,7633,25.32,0.5064,2178.5,-0.258376,0.321936,0.929571,0.412489
1954304,7634,25.38,0.5076,2180.8,-0.213554,0.09974,0.927251,0.192152
1954560,7635,25.38,0.5076,2180.8,-1.551259,0.341739,0.921169,1.473412
1954816,7636,25.38,0.5076,2180.8,1.738649,0.853287,0.934258,2.414808
1955072,7637,25.38,0.5076,2180.8,1.203418,1.140295,0.930162,2.399162
1955328,7638,25.38,0.5076,2180.8,0.553394,0.129512,0.92889,0.550579
1955584,7639,25.38,0.5076,2180.8,-0.647407,0.100304,0.925364,0.537926
1955840,7640,25.38,0.5076,2180.8,0.017931,0.259697,0.932378,0.092102
1956096,7641,25.38,0.5076,2180.8,0.402065,0.475983,0.926493,0.748765
1956352,7642,25.4,0.508,2180.2,0.093707,0.092834,0.935054,0.082923
1956608,7643,25.4,0.508,2180.2,0.388402,0.486273,0.914064,0.827864
1956864,7644,25.4,0.508,2180.2,-0.064442,0.116358,0.937346,0.079637
1957120,7645,25.4,0.508,2180.2,0.007584,0.164853,0.932975,0.111115
1957376,7646,25.4,0.508,2180.2,-0.91352,0.158994,0.924353,0.769342
1957632,7647,25.4,0.508,2180.2,-1.01781,0.149836,0.927925,0.920448
1957888,7648,25.4,0.508,2180.2,0.172379,0.224032,0.915472,0.299609
1958144,7649,25.4,0.508,2180.2,0.498753,0.580421,0.913205,1.092577
1958400,7650,25.35,0.507,2181.7,0.286503,0.477103,0.912227,0.655464
1958656,7651,25.35,0.507,2181.7,0.509284,0.080176,0.932566,0.366603
1958912,7652,25.35,0.507,2181.7,-0.155495,0.162529,0.929223,0.236502
1959168,7653,25.35,0.507,2181.7,1.919749,0.536234,0.917717,1.896624
1959424,7654,25.35,0.507,2181.7,-1.210442,0.269806,0.917015,1.190444
1959680,7655,25.35,0.507,2181.7,0.45453,0.089203,0.925907,0.370827
1959936,7656,25.35,0.507,2181.7,1.20471,0.295276,0.91818,1.266892
1960192,7657,25.35,0.507,2181.7,-0.328404,0.084517,0.92944,0.314006
1960448,7658,25.4,0.508,2181.6,-0.964437,0.619283,0.914651,1.815502
1960704,7659,25.4,0.508,2181.6,0.297455,0.113003,0.921819,0.278564
1960960,7660,25.4,0.508,2181.6,0.712306,0.262522,0.917397,0.923558
1961216,7661,25.4,0.508,2181.6,1.418166,0.774663,0.920592,2.220639
1961472,7662,25.4,0.508,2181.6,-0.068171,0.12317,0.921181,0.139067
1961728,7663,25.4,0.508,2181.6,-0.883983,0.189944,0.917073,0.968435
1961984,7664,25.4,0.508,2181.6,-0.594846,0.245941,0.924384,0.793158
1962240,7665,25.4,0.508,2181.6,0.525065,0.156241,0.944566,0.541448
1962496,7666,25.44,0.5088,2178.7,-0.83266,0.37298,0.910753,1.320093
1962752,7667,25.44,0.5088,2178.7,-0.159548,0.160949,0.917707,0.252477
1963008,7668,25.44,0.5088,2178.7,0.620652,0.300521,0.922647,0.992671
1963264,7669,25.44,0.5088,2178.7,0.066724,0.24467,0.934645,0.110484
1963520,7670,25.44,0.5088,2178.7,0.463399,0.371786,0.940837,0.816394
1963776,7671,25.44,0.5088,2178.7,-0.769276,0.084184,0.923563,0.52076
1964032,7672,25.44,0.5088,2178.7,-0.559872,0.116926,0.939826,0.552335
1964288,7673,25.44,0.5088,2178.7,0.131885,0.06259,0.941669,0.107766
1964544,7674,25.44,0.5088,2178.7,0.402744,0.446314,0.923424,0.791283
1964800,7675,25.57,0.5114,2179.6,-0.316336,0.194835,0.926085,0.494643
1965056,7676,25.57,0.5114,2179.6,-0.535751,0.118228,0.931593,0.555051
1965312,7677,25.57,0.5114,2179.6,-0.805044,0.264167,0.933446,0.918219
1965568,7678,25.57,0.5114,2179.6,1.52868,0.897489,0.92158,2.487783
1965824,7679,25.57,0.5114,2179.6,-1.408692,0.235515,0.936458,1.14215
1966080,7680,25.57,0.5114,2179.6,0.000891,0.380209,0.923885,0.215042
1966336,7681,25.57,0.5114,2179.6,-0.837331,0.115576,0.930576,0.697361
1966592,7682,25.57,0.5114,2179.6,0.175858,0.098778,0.935032,0.186107
1966848,7683,25.57,0.5114,2179.6,-1.207739,0.150676,0.929342,0.878068
1967104,7684,25.61,0.5122,2180.3,0.908541,0.161839,0.921775,0.91181
1967360,7685,25.61,0.5122,2180.3,-0.788205,0.276536,0.930687,1.008591
1967616,7686,25.61,0.5122,2180.3,0.890821,0.144097,0.937247,0.730112
1967872,7687,25.61,0.5122,2180.3,-1.025184,0.303665,0.923883,1.193705
1968128,7688,25.61,0.5122,2180.3,-0.790738,0.192012,0.938663,0.868917
1968384,7689,25.61,0.5122,2180.3,0.233278,0.151726,0.928342,0.275408
1968640,7690,25.61,0.5122,2180.3,-1.390433,0.304205,0.937059,1.38944
1968896,7691,25.61,0.5122,2180.3,1.132246,0.381701,0.935321,1.361755
1969152,7692,25.61,0.5122,2180.3,0.128317,0.066366,0.933557,0.096936
1969408,7693,25.64,0.5128,2178.9,-0.129253,0.66752,0.92325,0.366625
1969664,7694,25.64,0.5128,2178.9,1.611602,0.245718,0.944392,1.210361
1969920,7695,25.64,0.5128,2178.9,0.977841,0.440991,0.924586,1.405417
1970176,7696,25.64,0.5128,2178.9,-0.152201,0.16367,0.920826,0.208326
1970432,7697,25.64,0.5128,2178.9,-2.589858,0.53932,0.958185,1.832698
1970688,7698,25.64,0.5128,2178.9,-0.339741,0.104849,0.948977,0.301174
1970944,7699,25.64,0.5128,2178.9,-0.189502,0.152654,0.926912,0.251006
1971200,7700,25.64,0.5128,2178.9,-0.480382,0.125759,0.942644,0.464535
1971456,7701,25.63,0.5126,2175.9,-0.440423,0.297236,0.93803,0.683514
1971712,7702,25.63,0.5126,2175.9,0.500764,0.178943,0.932648,0.558485
1971968,7703,25.63,0.5126,2175.9,0.943717,0.483724,0.933864,1.379983
1972224,7704,25.63,0.5126,2175.9,0.494475,0.116821,0.942792,0.475321
1972480,7705,25.63,0.5126,2175.9,-0.188299,0.047125,0.945782,0.117115
1972736,7706,25.63,0.5126,2175.9,1.304401,0.574941,0.940075,1.6863
1972992,7707,25.63,0.5126,2175.9,0.531741,0.400995,0.926719,0.985646
1973248,7708,25.63,0.5126,2175.9,-0.003252,0.099558,0.938121,0.090544
1973504,7709,25.67,0.5134,2174.3,-0.290226,0.246461,0.94103,0.43629
1973760,7710,25.67,0.5134,2174.3,1.093588,0.32301,0.943779,1.179029
1974016,7711,25.67,0.5134,2174.3,0.868226,0.255018,0.937733,1.019065
1974272,7712,25.67,0.5134,2174.3,-0.727102,0.17852,0.943738,0.676722
1974528,7713,25.67,0.5134,2174.3,-1.336199,0.170218,0.945981,0.944596
1974784,7714,25.67,0.5134,2174.3,0.981245,0.497905,0.939221,1.508015
1975040,7715,25.67,0.5134,2174.3,1.081845,0.927307,0.942302,2.051171
1975296,7716,25.67,0.5134,2174.3,0.601593,0.171115,0.932002,0.685798
1975552,7717,25.67,0.5134,2174.3,-0.833615,0.327637,0.928393,1.091244
1975808,7718,25.73,0.5146,2176.5,-0.611493,0.246575,0.927781,0.828875
1976064,7719,25.73,0.5146,2176.5,-0.339741,0.142277,0.943826,0.398558
1976320,7720,25.73,0.5146,2176.5,-0.076962,0.103423,0.927528,0.097709
1976576,7721,25.73,0.5146,2176.5,0.2861,0.129654,0.92707,0.300452
1976832,7722,25.73,0.5146,2176.5,-1.555497,0.43782,0.931778,1.747633
1977088,7723,25.73,0.5146,2176.5,-0.109216,0.123511,0.9432,0.162142
1977344,7724,25.73,0.5146,2176.5,-1.955732,0.584277,0.942613,1.925313
1977600,7725,25.73,0.5146,2176.5,-0.965044,0.213466,0.940895,0.922583
1977856,7726,25.65,0.513,2177.7,-0.839395,0.347562,0.938019,1.102114
1978112,7727,25.65,0.513,2177.7,-0.186039,0.240244,0.933052,0.355052
1978368,7728,25.65,0.513,2177.7,0.05083,0.189418,0.941621,0.0854
1978624,7729,25.65,0.513,2177.7,0.757156,0.145801,0.938952,0.675511
1978880,7730,25.65,0.513,2177.7,0.589565,0.363549,0.942592,0.874305
1979136,7731,25.65,0.513,2177.7,1.384823,0.574714,0.942505,1.866017
1979392,7732,25.65,0.513,2177.7,-2.206358,0.484357,0.957184,1.748722
1979648,7733,25.65,0.513,2177.7,0.029321,0.339361,0.939517,0.18399
1979904,7734,25.65,0.513,2177.7,0.389401,0.194011,0.953783,0.443443
1980160,7735,25.65,0.513,2179.2,-0.379171,0.513783,0.944444,0.755758
1980416,7736,25.65,0.513,2179.2,-0.345498,0.078528,0.95055,0.274496
1980672,7737,25.65,0.513,2179.2,1.204479,0.460237,0.935931,1.467734
1980928,7738,25.65,0.513,2179.2,-1.70301,0.290394,0.949068,1.301841
1981184,7739,25.65,0.513,2179.2,0.249475,0.123732,0.944402,0.268773
1981440,7740,25.65,0.513,2179.2,0.981841,0.341369,0.954913,1.093706
1981696,7741,25.65,0.513,2179.2,0.595484,0.380126,0.932582,1.020965
1981952,7742,25.65,0.513,2179.2,0.592848,0.540988,0.947573,1.1818
1982208,7743,25.65,0.513,2179.2,-2.902147,0.569392,0.947334,2.011229
1982464,7744,25.68,0.5136,2181.4,-0.461082,0.234011,0.939495,0.652196
1982720,7745,25.68,0.5136,2181.4,0.936363,0.294467,0.941876,1.162795
1982976,7746,25.68,0.5136,2181.4,0.161361,0.337554,0.928316,0.328251
1983232,7747,25.68,0.5136,2181.4,-3.37535,0.59245,0.939923,2.134513
1983488,7748,25.68,0.5136,2181.4,1.015211,0.273235,0.949962,1.032919
1983744,7749,25.68,0.5136,2181.4,-1.543358,0.357257,0.941186,1.535546
1984000,7750,25.68,0.5136,2181.4,0.695428,0.208278,0.926408,0.841198
1984256,7751,25.68,0.5136,2181.4,0.881586,1.13951,0.918769,2.179547
1984512,7752,25.7,0.514,2181.3,-0.832799,0.46291,0.919798,1.51355
1984768,7753,25.7,0.514,2181.3,1.137031,0.439199,0.92156,1.594638
1985024,7754,25.7,0.514,2181.3,0.312457,0.145575,0.939199,0.336651
1985280,7755,25.7,0.514,2181.3,1.125004,0.700936,0.919696,1.910003
1985536,7756,25.7,0.514,2181.3,-0.850883,0.125656,0.927263,0.699866
1985792,7757,25.7,0.514,2181.3,0.432091,0.484126,0.928448,0.935259
1986048,7758,25.7,0.514,2181.3,0.441334,0.238624,0.925519,0.60251
1986304,7759,25.64,0.5128,2180.4,-1.133116,0.815576,0.924709,2.043703
1986560,7760,25.64,0.5128,2180.4,0.624123,0.091561,0.935634,0.45601
1986816,7761,25.64,0.5128,2180.4,0.712697,0.208861,0.928662,0.760884
1987072,7762,25.64,0.5128,2180.4,-0.149155,0.261042,0.919216,0.263077
1987328,7763,25.64,0.5128,2180.4,0.526277,0.265828,0.917888,0.771315
1987584,7764,25.64,0.5128,2180.4,0.528118,0.194479,0.913813,0.669697
1987840,7765,25.64,0.5128,2180.4,-1.239767,0.563012,0.920597,1.803577
1988096,7766,25.64,0.5128,2180.4,-0.085493,0.116831,0.91491,0.176867
1988352,7767,25.64,0.5128,2180.4,0.132704,0.093687,0.929093,0.147888
1988608,7768,25.64,0.5128,2180.4,-1.418468,0.195495,0.929061,1.079613
1988864,7769,25.73,0.5146,2181.2,0.171663,0.365598,0.931943,0.384854
1989120,7770,25.73,0.5146,2181.2,-1.436009,0.256907,0.933587,1.243192
1989376,7771,25.73,0.5146,2181.2,0.394944,0.141121,0.918029,0.438799
1989632,7772,25.73,0.5146,2181.2,-1.171541,0.367575,0.930129,1.469328
1989888,7773,25.73,0.5146,2181.2,0.677103,0.556036,0.931942,1.42478
1990144,7774,25.73,0.5146,2181.2,-0.982741,0.227671,0.918719,1.007953
1990400,7775,25.73,0.5146,2181.2,0.037308,0.307743,0.921235,0.094578
1990656,7776,25.73,0.5146,2181.2,-0.344578,0.14746,0.918895,0.383419
1990912,7777,25.73,0.5146,2181.2,-0.352179,0.10348,0.93868,0.32318
1991168,7778,25.79,0.5158,2185.4,0.099578,0.155684,0.923122,0.129534
1991424,7779,25.79,0.5158,2185.4,-1.353018,0.305845,0.924534,1.428329
1991680,7780,25.79,0.5158,2185.4,-1.886703,0.314799,0.930211,1.445463
1991936,7781,25.79,0.5158,2185.4,-0.121947,0.102203,0.927825,0.180309
1992192,7782,25.79,0.5158,2185.4,-0.149438,0.355909,0.918357,0.330331
1992448,7783,25.79,0.5158,2185.4,-1.674467,0.289443,0.938338,1.361595
1992704,7784,25.79,0.5158,2185.4,-0.878705,0.404123,0.928944,1.34078
1992960,7785,25.79,0.5158,2185.4,-0.479727,0.260368,0.919807,0.726247
1993216,7786,25.79,0.5158,2185.2,0.322168,0.36592,0.922909,0.627673
1993472,7787,25.79,0.5158,2185.2,1.789656,0.573908,0.919672,1.910485
1993728,7788,25.79,0.5158,2185.2,1.265336,0.259599,0.932952,1.159507
1993984,7789,25.79,0.5158,2185.2,1.115875,0.280651,0.924661,1.13628
1994240,7790,25.79,0.5158,2185.2,0.32496,0.068653,0.925584,0.258639
1994496,7791,25.79,0.5158,2185.2,-0.099247,0.082336,0.932705,0.084733
1994752,7792,25.79,0.5158,2185.2,0.616969,0.190794,0.922064,0.714106
1995008,7793,25.79,0.5158,2185.2,-0.360006,0.118295,0.929465,0.406321
1995264,7794,25.76,0.5152,2184.2,0.35394,0.096545,0.930496,0.348497
1995520,7795,25.76,0.5152,2184.2,-0.937448,0.162513,0.922898,0.845035
1995776,7796,25.76,0.5152,2184.2,1.271829,0.403604,0.930889,1.54969
1996032,7797,25.76,0.5152,2184.2,0.128072,0.153295,0.923516,0.166497
1996288,7798,25.76,0.5152,2184.2,0.594657,0.356614,0.935632,1.025677
1996544,7799,25.76,0.5152,2184.2,-0.839058,0.403046,0.929438,1.223693
1996800,7800,25.76,0.5152,2184.2,0.965232,0.268253,0.938418,1.16686
1997056,7801,25.76,0.5152,2184.2,1.163389,0.502543,0.922565,1.616922
1997312,7802,25.76,0.5152,2184.2,-0.901479,0.17534,0.937016,0.810996
1997568,7803,25.83,0.5166,2185.1,-0.450106,0.455229,0.926991,0.916842
1997824,7804,25.83,0.5166,2185.1,-0.094148,0.333501,0.934273,0.190266
1998080,7805,25.83,0.5166,2185.1,1.762166,0.616058,0.933819,2.142034
1998336,7806,25.83,0.5166,2185.1,0.77317,0.545618,0.923239,1.480781
1998592,7807,25.83,0.5166,2185.1,-1.550805,0.228772,0.924117,1.216536
1998848,7808,25.83,0.5166,2185.1,0.614206,0.294398,0.923594,0.903119
1999104,7809,25.83,0.5166,2185.1,-0.316414,0.098264,0.923999,0.303476
1999360,7810,25.83,0.5166,2185.1,-1.142874,0.438456,0.911286,1.653588
1999616,7811,25.86,0.5172,2182.9,-0.108253,0.251241,0.918836,0.187565
1999872,7812,25.86,0.5172,2182.9,-1.372494,0.248945,0.914842,1.250799
2000128,7813,25.86,0.5172,2182.9,0.601503,0.223314,0.913067,0.759358
