{
  "accuracy": 0.5363966710757553,
  "accuracy_std": 0.07345303681238506,
  "return": 17.0,
  "return_std": 3.03315017762062,
  "length": 10000.0,
  "episodes": 20,
  "policy": "random"
}